t,px,py,pz,qx,qy,qz,qw,qnorm,gx,gy,gz,lvx,lvy,lvz,avx,avy,avz,lpx,lpy,lpz,lqw
0.00,75.5341,65.3252,123.8222,0.00000,0.00000,0.00000,0.00000,0.00000,90.9800,50.6200,108.6400,0.0000,0.0000,0.0000,0.00003,0.00000,0.00000,75.5341,65.3252,123.8222,0.00000
0.70,75.5341,65.3252,123.8222,0.00000,0.00000,0.00000,0.00000,0.00000,90.9800,50.6200,108.6400,0.0000,0.0000,0.0000,0.00000,0.00000,0.00000,75.5341,65.3252,123.8222,0.00000
1.40,75.5341,65.3252,123.8222,0.00000,0.00000,0.00000,0.00000,0.00000,90.9800,50.6200,108.6400,0.0000,0.0000,0.0000,0.00000,0.00000,0.00000,75.5341,65.3252,123.8222,0.00000
2.10,75.5341,65.3252,123.8222,0.00000,0.00000,0.00000,0.00000,0.00000,90.9800,50.6200,108.6400,0.0000,0.0000,0.0000,0.00000,0.00000,0.00000,75.5341,65.3252,123.8222,0.00000
2.80,75.9755,69.8250,123.6512,0.00000,0.00000,0.00000,0.00000,0.00000,91.9000,48.8900,108.5000,1.5390,5.0427,0.3680,0.01104,0.00282,0.01129,75.9755,69.8250,123.6512,0.00000
3.50,77.4093,72.3571,124.2066,0.00000,0.00000,0.00000,0.00000,0.00000,92.3300,49.2300,108.5300,-3.9314,-8.2184,-3.6378,0.00936,0.00241,0.00951,77.4093,72.3571,124.2066,0.00000
4.20,77.9193,68.1440,125.1087,0.00000,0.00000,0.00000,0.00000,0.00000,94.8300,49.5700,110.5800,-0.0095,0.3305,8.2990,0.00055,-0.00286,0.00668,77.9193,68.1440,125.1087,0.00000
4.90,80.5666,68.7612,130.6285,0.00000,0.00000,0.00000,0.00000,0.00000,97.4300,49.0700,112.1500,-4.1403,-1.4755,-2.8537,0.00266,0.01429,0.00561,80.5666,68.7612,130.6285,0.00000
5.60,79.3829,68.4997,124.6291,0.00000,0.00000,0.00000,0.00000,0.00000,95.7000,56.3400,108.9200,8.0518,0.0899,-7.3073,0.00334,-0.01330,0.00119,79.3829,68.4997,124.6291,0.00000
6.30,79.4524,68.6807,124.5373,0.00000,0.00000,0.00000,0.00000,0.00000,94.7400,53.0800,109.2900,0.3601,-0.6505,-0.0951,1.12939,-0.50188,0.45195,79.4524,68.6807,124.5373,0.00000
7.00,80.1194,67.8292,124.7754,0.00000,0.00000,0.00000,0.00000,0.00000,94.6900,53.6000,109.1900,-1.3449,1.4537,-1.1214,-2.25699,0.10949,-0.38777,80.1194,67.8292,124.7754,0.00000
7.70,80.4452,68.7161,124.3632,0.00000,0.00000,0.00000,0.00000,0.00000,96.6000,54.1200,110.0100,2.8401,-0.2203,1.1667,0.39368,-2.26123,-0.34101,80.4452,68.7161,124.3632,0.00000
8.40,80.6514,68.6791,124.4316,0.00000,0.00000,0.00000,0.00000,0.00000,95.6300,53.8200,109.5400,-3.5892,0.0159,-0.4576,0.00885,1.32391,0.03599,80.6514,68.6791,124.4316,0.00000
9.10,80.9879,68.5651,124.6316,0.00000,0.00000,0.00000,0.00000,0.00000,97.0100,53.7200,110.3500,3.3803,0.1659,3.9703,0.41540,-3.27431,-0.22740,80.9879,68.5651,124.6316,0.00000
9.80,81.1285,69.3801,126.3852,0.00000,0.00000,0.00000,0.00000,0.00000,95.2900,48.9900,110.5700,-5.0906,5.5751,6.4444,-0.07364,-0.15398,-0.42344,81.1285,69.3801,126.3852,0.00000
10.50,79.2420,72.2569,129.1647,0.00000,0.00000,0.00000,0.00000,0.00000,97.6600,46.7000,112.4500,-1.9107,-1.9850,0.2463,-0.08859,0.24834,2.12863,79.2420,72.2569,129.1647,0.00000
11.20,78.5838,71.7683,129.3766,0.00000,0.00000,0.00000,0.00000,0.00000,97.5400,46.0500,112.4800,1.6136,1.5204,1.3394,0.14836,-0.21852,-2.70433,78.5838,71.7683,129.3766,0.00000
11.90,78.8972,72.4775,129.3842,0.00000,0.00000,0.00000,0.00000,0.00000,96.3900,46.0000,111.6900,-1.7188,-0.0986,-2.4051,-0.14356,2.23975,-0.25898,78.8972,72.4775,129.3842,0.00000
12.60,77.2845,72.5758,128.5943,0.00000,0.00000,0.00000,0.00000,0.00000,95.1700,45.2700,111.2600,-1.0306,0.3471,0.3775,-0.96074,0.51913,-0.20790,77.2845,72.5758,128.5943,0.00000
13.30,76.9586,72.9188,128.6855,0.00000,0.00000,0.00000,0.00000,0.00000,95.0100,45.0900,111.2000,0.0554,0.0119,-0.0970,0.02119,0.00713,0.00902,76.9586,72.9188,128.6855,0.00000
14.00,76.9669,72.9300,128.6691,0.00000,0.00000,0.00000,0.00000,0.00000,95.0100,45.1000,111.1900,0.0000,0.0000,0.0000,0.00000,0.00000,0.00000,76.9669,72.9300,128.6691,0.00000
14.70,76.9669,72.9300,128.6691,0.00000,0.00000,0.00000,0.00000,0.00000,95.0100,45.1000,111.1900,0.0000,0.0000,0.0000,0.00000,0.00000,0.00000,76.9669,72.9300,128.6691,0.00000
15.40,76.9669,72.9300,128.6691,0.00000,0.00000,0.00000,0.00000,0.00000,95.0100,45.1000,111.1900,0.0000,0.0000,0.0000,0.00000,0.00000,0.00000,76.9669,72.9300,128.6691,0.00000
16.10,76.9669,72.9300,128.6691,0.00000,0.00000,0.00000,0.00000,0.00000,95.0100,45.1000,111.1900,0.0000,0.0000,0.0000,0.00000,0.00000,0.00000,76.9669,72.9300,128.6691,0.00000
16.80,76.9669,72.9300,128.6691,0.00000,0.00000,0.00000,0.00000,0.00000,95.0100,45.1000,111.1900,0.0000,0.0000,0.0000,0.00000,0.00000,0.00000,76.9669,72.9300,128.6691,0.00000
17.50,76.9669,72.9300,128.6691,0.00000,0.00000,0.00000,0.00000,0.00000,95.0100,45.1000,111.1900,0.0000,0.0000,0.0000,0.00000,0.00000,0.00000,76.9669,72.9300,128.6691,0.00000
18.20,76.9669,72.9300,128.6691,0.00000,0.00000,0.00000,0.00000,0.00000,95.0100,45.1000,111.1900,0.0000,0.0000,0.0000,0.00000,0.00000,0.00000,76.9669,72.9300,128.6691,0.00000
18.90,76.9669,72.9300,128.6691,0.00000,0.00000,0.00000,0.00000,0.00000,95.0100,45.1000,111.1900,0.0000,0.0000,0.0000,0.00000,0.00000,0.00000,76.9669,72.9300,128.6691,0.00000
19.60,76.9669,72.9300,128.6691,0.00000,0.00000,0.00000,0.00000,0.00000,95.0100,45.1000,111.1900,0.0000,0.0000,0.0000,0.00000,0.00000,0.00000,76.9669,72.9300,128.6691,0.00000
20.30,76.9669,72.9300,128.6691,0.00000,0.00000,0.00000,0.00000,0.00000,95.0100,45.1000,111.1900,0.0000,0.0000,0.0000,0.00000,0.00000,0.00000,76.9669,72.9300,128.6691,0.00000
21.00,76.9669,72.9300,128.6691,0.00000,0.00000,0.00000,0.00000,0.00000,95.0100,45.1000,111.1900,0.0000,0.0000,0.0000,0.00000,0.00000,0.00000,76.9669,72.9300,128.6691,0.00000
21.70,76.9669,72.9300,128.6691,0.00000,0.00000,0.00000,0.00000,0.00000,95.0100,45.1000,111.1900,0.0000,0.0000,0.0000,0.00000,0.00000,0.00000,76.9669,72.9300,128.6691,0.00000
22.40,76.9669,72.9300,128.6691,0.00000,0.00000,0.00000,0.00000,0.00000,95.0100,45.1000,111.1900,0.0000,0.0000,0.0000,0.00000,0.00000,0.00000,76.9669,72.9300,128.6691,0.00000
23.10,76.9669,72.9300,128.6691,0.00000,0.00000,0.00000,0.00000,0.00000,95.0100,45.1000,111.1900,0.0000,0.0000,0.0000,0.00000,0.00000,0.00000,76.9669,72.9300,128.6691,0.00000
23.80,76.9669,72.9300,128.6691,0.00000,0.00000,0.00000,0.00000,0.00000,95.0100,45.1000,111.1900,0.0000,0.0000,0.0000,0.00000,0.00000,0.00000,76.9669,72.9300,128.6691,0.00000
24.50,76.9669,72.9300,128.6691,0.00000,0.00000,0.00000,0.00000,0.00000,95.0100,45.1000,111.1900,0.0000,0.0000,0.0000,0.00000,0.00000,0.00000,76.9669,72.9300,128.6691,0.00000
25.20,76.9669,72.9300,128.6691,0.00000,0.00000,0.00000,0.00000,0.00000,95.0100,45.1000,111.1900,0.0000,0.0000,0.0000,0.00000,0.00000,0.00000,76.9669,72.9300,128.6691,0.00000
25.90,76.6469,72.8211,128.7959,0.00000,0.00000,0.00000,0.00000,0.00000,94.8100,44.8000,111.2400,-0.0304,0.0139,0.0201,0.00447,-0.05534,-0.00679,76.6469,72.8211,128.7959,0.00000
26.60,77.3962,72.7332,130.1216,0.00000,0.00000,0.00000,0.00000,0.00000,95.6300,44.8200,111.7200,0.0954,0.0682,0.2563,0.00639,-0.01590,0.00971,77.3962,72.7332,130.1216,0.00000
27.30,76.4776,73.6661,127.8848,0.00000,0.00000,0.00000,0.00000,0.00000,95.1700,44.8400,111.3900,-0.2344,0.7204,-0.3737,-0.21532,0.01184,-0.06277,76.4776,73.6661,127.8848,0.00000
28.00,74.2769,73.9798,129.9420,0.00000,0.00000,0.00000,0.00000,0.00000,93.0400,41.8500,111.4400,1.5120,0.1070,6.2500,-1.07660,2.18873,2.08317,74.2769,73.9798,129.9420,0.00000
28.70,76.3306,73.9191,131.1150,0.00000,0.00000,0.00000,0.00000,0.00000,94.0000,44.0900,110.9900,-0.7494,-0.0104,-5.7703,1.13727,-1.80157,-1.82023,76.3306,73.9191,131.1150,0.00000
29.40,78.2817,73.8309,126.4734,0.00000,0.00000,0.00000,0.00000,0.00000,97.2200,47.7600,111.1500,6.7999,-0.1523,-0.7094,1.10654,-1.85003,-1.85422,78.2817,73.8309,126.4734,0.00000
