t,phase,height,err,pwr,gps,x,z,ex,ez,vxw,vzw,hdg,rawhdg,mothdg,tp,tr,p,r,vx,vy,sched,fwdRaw,latRaw,vrtRaw,fwdH,latH,energy,fuel,sat,yerr,yrate,ydem,athr,amax
0.00,fly,68.50,9931.50,0.398,1,900.2,14.4,-880.2,285.6,0.00,0.00,164,164,-1,-3.0,3.0,0.0,0.0,-0.03,0.03,0.00,0.00,0.00,0.00,0.00,0.00,-1,-1,0,0,0.0,0.00,0.397,0.422
0.10,fly,68.50,9931.50,0.663,1,900.2,14.4,-880.2,285.6,0.00,0.00,164,164,-1,-9.0,9.0,0.0,0.0,-0.09,0.09,0.00,0.00,0.00,0.00,0.00,0.00,-1,-1,0,-0,-0.1,0.00,0.663,0.734
0.20,fly,68.50,9931.50,0.938,1,900.2,14.4,-880.2,285.6,0.00,-0.00,164,164,-1,-15.0,15.0,0.0,-0.0,-0.15,0.15,0.00,0.00,0.00,0.00,0.00,0.00,-1,-1,1,-0,-0.1,-0.00,0.883,1.000
0.30,fly,68.50,9931.50,1.000,1,900.2,14.4,-880.2,285.6,0.04,-0.08,164,164,-1,-16.3,20.2,0.0,-0.0,-0.20,0.16,0.00,0.00,0.00,0.00,-0.00,-0.01,-1,-1,1,0,-0.2,0.00,0.857,1.000
0.40,fly,68.58,9931.42,1.000,1,900.2,14.4,-880.2,285.6,0.11,-0.19,164,163,-1,-16.5,20.2,-0.2,0.3,-0.15,0.12,0.00,0.00,0.00,0.00,-0.06,-0.06,-1,-1,1,0,-0.4,0.00,0.892,1.000
0.50,fly,68.84,9931.16,1.000,1,900.2,14.3,-880.2,285.6,0.22,-0.36,164,163,-1,-16.8,20.3,-1.1,1.6,0.00,0.02,0.00,0.00,0.00,0.00,-0.15,-0.16,-1,-1,1,0,-0.9,0.01,0.991,1.000
0.60,fly,69.39,9930.61,1.000,1,900.2,14.3,-880.2,285.7,0.22,-0.36,164,163,-1,-17.2,20.3,-3.0,4.2,0.23,-0.15,0.00,0.00,0.00,0.00,-0.28,-0.31,-1,-1,1,0,-0.9,0.02,0.850,1.000
0.70,fly,70.34,9929.66,1.000,1,900.3,14.3,-880.3,285.7,0.20,-0.39,163,163,-1,-17.3,20.4,-5.9,8.0,0.44,-0.32,0.00,0.00,0.00,0.00,-0.32,-0.30,74,-1,1,0,-1.8,0.04,0.699,1.000
0.80,fly,72.41,9927.59,1.000,1,900.2,14.3,-880.3,285.7,-0.94,1.02,164,164,-1,-16.4,20.4,-8.9,11.7,0.45,-0.35,0.15,0.00,0.00,0.00,0.01,0.19,74,-1,1,-0,-1.9,0.05,0.679,1.000
0.90,fly,73.24,9926.76,1.000,1,900.2,14.3,-880.2,285.7,-0.94,1.02,164,164,-1,-14.4,20.5,-10.6,13.8,0.21,-0.19,0.24,0.00,0.00,0.00,0.71,1.19,74,-1,1,-0,-1.9,0.04,0.838,1.000
1.00,fly,75.05,9924.95,1.000,1,899.7,14.9,-880.0,285.5,-3.10,3.86,164,164,-1,-11.5,20.5,-10.1,13.0,-0.20,0.10,0.21,0.00,0.00,0.00,1.67,2.51,74,-1,1,-0,1.7,0.00,0.880,1.000
1.10,fly,77.13,9922.87,1.000,1,899.7,14.9,-879.7,285.1,-3.10,3.86,164,164,-1,-8.1,18.2,-7.3,9.6,-0.61,0.43,0.06,0.00,0.00,0.00,2.82,4.06,74,-1,1,-0,1.7,-0.04,0.585,1.000
1.20,fly,79.50,9920.50,1.000,1,899.3,15.4,-879.3,284.6,-4.11,5.30,164,163,-1,-2.1,12.2,-3.2,5.1,-0.74,0.60,0.00,0.00,0.00,0.00,3.93,5.44,74,-1,1,-0,2.0,-0.04,0.500,1.000
1.30,fly,82.79,9917.21,1.000,1,898.9,16.0,-878.9,284.0,-4.48,5.87,164,163,-1,-0.3,6.2,-0.1,2.4,-0.46,0.48,0.00,0.00,0.00,0.00,4.35,5.96,74,-1,1,-0,1.2,-0.02,0.626,1.000
1.40,fly,85.64,9914.36,1.000,1,898.1,17.0,-878.5,283.5,-3.85,4.71,163,163,-1,-0.3,0.5,0.6,3.1,0.11,0.12,0.00,0.00,0.00,0.00,4.06,5.65,74,-1,1,0,-0.4,-0.01,0.907,1.000
1.50,fly,87.92,9912.08,1.000,1,898.1,17.0,-878.1,283.0,-3.85,4.71,163,163,-1,-0.3,0.5,-1.9,7.5,0.72,-0.38,0.00,0.00,0.00,0.00,3.42,5.02,74,-1,1,0,-0.4,0.01,0.561,1.000
1.60,fly,91.24,9908.76,1.000,1,897.7,17.4,-877.7,282.6,-3.65,3.89,164,164,-1,-6.3,6.5,-7.5,14.8,1.00,-0.81,0.22,0.00,0.00,0.00,2.70,4.60,74,-1,1,-0,-2.3,0.05,0.500,1.000
1.70,fly,96.50,9903.50,1.000,1,897.3,17.8,-877.3,282.2,-4.20,3.86,164,164,-1,-9.0,12.5,-13.8,21.4,1.00,-0.89,0.49,0.00,0.00,0.00,2.52,5.12,74,-1,1,-0,-4.9,0.10,0.500,1.000
1.80,fly,98.31,9901.69,1.000,1,896.2,18.9,-876.8,281.7,-6.59,6.61,164,164,-1,-3.0,6.5,-17.9,24.8,0.69,-0.70,0.65,0.00,0.00,0.00,3.21,6.41,74,-1,1,-0,-1.2,0.08,0.500,1.000
1.90,fly,103.86,9896.14,1.000,1,895.4,19.7,-876.2,281.1,-7.89,8.60,164,164,-1,-0.3,0.6,-18.3,23.7,0.13,-0.26,0.63,0.00,0.00,0.00,4.49,8.19,74,-1,1,-0,3.4,0.02,0.844,1.000
2.00,fly,105.75,9894.25,1.000,1,895.4,19.7,-875.4,280.3,-7.89,8.60,164,163,-1,-0.3,0.6,-14.4,17.7,-0.63,0.36,0.41,0.00,0.00,0.00,6.01,10.00,74,-1,1,-0,3.4,-0.07,0.605,1.000
2.10,fly,109.58,9890.42,1.000,1,894.5,20.7,-874.5,279.3,-9.18,10.74,163,163,-1,-0.3,0.6,-6.0,7.6,-1.00,1.00,0.00,0.00,0.00,0.00,7.68,11.87,74,-1,1,0,5.3,-0.10,0.500,1.000
2.20,fly,115.28,9884.72,1.000,1,892.6,23.1,-873.6,278.1,-9.71,12.06,163,163,-1,-0.3,0.6,4.0,-3.1,-1.00,1.00,0.00,0.00,0.00,0.00,8.96,13.11,74,-1,1,0,-6.4,-0.02,0.500,1.000
2.30,fly,118.19,9881.81,1.000,1,891.7,24.2,-872.6,276.9,-8.75,10.37,163,163,-1,-0.3,0.6,12.4,-11.7,-1.00,1.00,0.23,0.00,0.00,0.00,8.75,12.78,74,-1,1,0,-12.3,0.13,0.500,1.000
2.40,fly,121.20,9878.80,1.000,1,890.9,25.1,-871.7,275.8,-7.49,7.97,163,161,-1,-0.3,0.6,17.3,-17.0,-0.94,0.90,0.45,0.00,0.00,0.00,7.33,11.41,74,-1,1,1,-14.2,0.26,0.500,1.000
2.50,fly,125.40,9874.60,1.000,1,890.9,25.1,-870.9,274.9,-7.49,7.97,163,161,-1,-0.3,0.6,17.4,-17.5,-0.29,0.23,0.47,0.00,0.00,0.00,5.35,9.54,74,-1,1,1,-14.2,0.30,0.793,1.000
2.60,fly,132.07,9867.93,1.000,1,889.7,26.0,-870.2,274.3,-4.94,2.85,162,161,-1,-0.3,0.6,12.6,-12.8,0.50,-0.53,0.26,0.00,0.00,0.00,3.27,7.57,74,-1,1,1,-16.5,0.31,0.589,1.000
2.70,fly,136.69,9863.31,1.000,1,889.3,26.2,-869.7,274.0,-4.09,1.03,162,161,-1,-6.3,6.6,3.1,-2.9,1.00,-1.00,0.00,0.00,0.00,0.00,1.19,5.58,74,-1,1,1,-23.7,0.36,0.500,1.000
2.80,fly,138.95,9861.05,1.000,1,888.9,26.3,-869.3,273.8,-4.09,1.17,161,152,-1,-12.3,12.6,-7.6,9.5,1.00,-1.00,0.07,0.00,0.00,0.00,-0.38,4.20,74,-1,1,3,-28.9,0.53,0.500,1.000
2.90,fly,144.47,9855.53,1.000,1,888.4,26.5,-868.9,273.7,-4.66,2.78,159,152,-1,-15.4,18.6,-17.0,21.7,1.00,-1.00,0.55,0.00,0.00,0.00,-0.36,4.24,74,-1,1,4,-28.2,0.66,0.500,1.000
3.00,fly,147.75,9852.25,1.000,1,888.4,26.5,-868.4,273.5,-4.66,2.78,158,152,-1,-11.2,15.9,-23.6,31.3,1.00,-0.95,0.89,0.00,0.00,0.00,0.83,5.36,74,-1,1,6,-28.2,0.44,0.500,1.000
3.10,fly,153.28,9846.72,1.000,1,887.9,27.0,-867.9,273.0,-5.45,5.29,157,152,-1,-5.2,9.9,-26.0,36.1,0.99,-0.51,1.00,0.00,0.00,0.00,2.73,7.09,74,-1,1,7,-21.4,0.31,0.500,1.000
3.20,fly,158.91,9841.09,1.000,1,886.6,28.7,-867.3,272.3,-7.10,10.73,156,149,-1,-0.4,3.9,-23.2,35.1,0.30,0.01,0.98,0.00,0.00,0.00,4.75,9.00,74,-1,1,8,-6.9,0.37,0.877,1.000
3.30,fly,161.18,9838.82,1.000,1,885.8,30.0,-866.6,271.3,-8.15,13.41,155,149,-1,-0.4,0.7,-15.7,28.4,-0.54,0.64,0.71,0.00,0.00,0.00,6.67,11.01,74,-1,1,9,-8.1,0.31,0.526,1.000
3.40,fly,165.71,9834.29,1.000,1,885.0,31.5,-865.8,270.0,-9.05,15.03,154,149,-1,-0.4,0.7,-5.4,17.0,-1.00,1.00,0.26,0.00,0.00,0.00,8.47,13.21,74,-1,1,10,-13.2,0.35,0.500,1.000
3.50,fly,170.15,9829.85,1.000,1,885.0,31.5,-865.0,268.5,-9.05,15.03,153,149,-1,-0.4,0.7,5.4,3.1,-1.00,1.00,0.00,0.00,0.00,0.00,9.35,14.85,74,-1,1,10,-13.2,0.47,0.500,1.000
3.60,fly,176.66,9823.34,1.000,1,883.0,34.3,-864.0,267.0,-9.49,12.94,151,142,-1,-0.4,0.7,15.7,-11.6,-1.00,1.00,0.31,0.00,0.00,0.00,8.49,15.54,74,-1,1,12,-19.7,0.56,0.500,1.000
3.70,fly,178.84,9821.16,1.000,1,883.0,34.3,-863.0,265.7,-9.49,12.94,149,142,-1,-0.4,0.7,24.2,-25.0,-1.00,1.00,0.76,0.00,0.00,0.00,6.28,14.77,74,-1,1,14,-19.7,0.55,0.500,1.000
3.80,fly,184.43,9815.57,1.000,1,881.3,36.1,-862.1,264.6,-8.31,6.61,147,142,-1,-0.4,0.7,29.0,-34.5,-1.00,0.95,1.00,0.00,0.00,0.00,3.50,12.93,74,-1,1,16,-15.7,0.30,0.500,1.000
3.90,fly,187.91,9812.09,1.000,1,881.3,36.1,-861.3,263.9,-8.31,6.61,146,142,-1,-0.4,0.7,28.6,-38.0,-0.93,0.32,1.00,0.00,0.00,0.00,0.77,10.58,74,-1,1,18,-15.7,0.30,0.500,1.000
4.00,fly,192.69,9807.31,1.000,1,880.5,36.6,-860.5,263.4,-7.54,3.48,145,145,-1,-0.4,0.7,22.2,-35.2,-0.12,-0.37,0.97,0.00,0.00,0.00,-1.43,8.18,74,-1,1,18,-10.8,0.38,0.803,1.000
4.10,fly,198.86,9801.14,1.000,1,879.8,36.7,-859.8,263.3,-6.66,0.59,145,145,-1,-0.4,0.7,10.9,-26.8,0.80,-1.00,0.61,0.00,0.00,0.00,-3.30,5.81,74,-1,1,18,-14.7,0.66,0.500,1.000
4.20,fly,202.56,9797.44,1.000,1,878.8,36.3,-859.2,263.4,-4.35,-3.15,145,145,-1,-6.4,6.7,-1.7,-14.1,1.00,-1.00,0.14,0.00,0.00,0.00,-4.71,3.37,74,-1,1,18,-35.7,0.90,0.500,1.000
4.30,fly,209.64,9790.36,1.000,1,878.4,36.0,-858.8,263.7,-3.52,-2.59,145,145,-1,-12.4,12.7,-13.1,1.1,1.00,-1.00,0.11,0.00,0.00,0.00,-5.07,1.78,74,-1,1,18,-36.6,0.90,0.500,1.000
4.40,fly,212.99,9787.01,1.000,1,878.4,36.0,-858.4,264.0,-3.52,-2.59,143,133,-1,-17.6,18.7,-23.3,17.5,1.00,-1.00,0.60,0.00,0.00,0.00,-4.20,1.21,74,-1,1,21,-36.6,0.68,0.500,1.000
4.50,fly,217.33,9782.67,1.000,1,877.8,36.0,-858.1,264.1,-2.83,2.12,139,133,-1,-11.6,20.9,-31.9,32.9,1.00,-1.00,1.00,0.00,0.00,0.00,-2.46,1.88,74,-1,1,24,-27.0,0.30,0.500,1.000
4.60,fly,221.63,9778.37,1.000,1,877.8,36.0,-857.8,264.0,-2.83,2.12,135,133,-1,-5.6,20.9,-37.8,44.3,1.00,-0.94,1.00,0.00,0.00,0.00,-0.49,3.51,74,-1,1,28,-27.0,0.30,0.500,1.000
4.70,fly,227.07,9772.93,1.000,1,877.2,37.2,-857.5,263.6,-2.92,8.24,132,133,-1,0.4,17.5,-38.8,49.1,0.95,-0.47,1.00,0.00,0.00,0.00,1.36,5.77,74,-1,1,32,-5.6,0.30,0.500,1.000
4.80,fly,229.26,9770.74,1.000,1,877.2,37.2,-857.2,262.8,-2.92,8.24,132,140,-1,-0.5,11.5,-33.1,47.1,0.21,0.12,1.00,0.00,0.00,0.00,3.28,8.10,74,-1,1,32,-5.6,0.30,0.866,1.000
4.90,fly,233.66,9766.34,1.000,1,876.6,39.6,-856.9,261.8,-4.00,14.05,133,140,-1,-0.5,5.5,-21.4,39.3,-0.55,0.78,1.00,0.00,0.00,0.00,5.16,10.36,74,-1,1,31,-10.5,0.31,0.500,1.000
5.00,fly,240.11,9759.89,1.000,1,876.1,41.1,-856.6,260.4,-4.94,15.93,134,140,-1,-0.5,0.9,-6.7,27.3,-1.00,1.00,0.60,0.00,0.00,0.00,6.91,12.87,74,-1,1,29,-20.6,0.70,0.500,1.000
5.10,fly,244.18,9755.82,1.000,1,876.1,41.1,-856.1,258.9,-4.94,15.93,135,140,-1,-0.5,0.9,7.4,13.8,-1.00,1.00,0.18,0.00,0.00,0.00,7.83,14.73,74,-1,1,28,-20.6,0.90,0.500,1.000
5.20,fly,246.16,9753.84,1.000,1,875.5,42.7,-855.5,257.3,-5.98,16.18,135,134,-1,-0.5,0.9,20.2,-0.5,-1.00,1.00,0.34,0.00,0.00,0.00,7.15,15.70,74,-1,1,29,-27.0,0.89,0.500,1.000
5.30,fly,250.09,9749.91,1.000,1,874.1,45.5,-854.9,255.8,-7.25,12.01,133,134,-1,-0.5,0.9,31.2,-14.6,-1.00,1.00,0.78,0.00,0.00,0.00,5.15,15.30,74,-1,1,30,-31.0,0.55,0.500,1.000
5.40,fly,255.09,9744.91,1.000,1,873.4,46.5,-854.1,254.5,-7.54,8.87,131,134,-1,-0.5,0.9,39.1,-26.3,-1.00,1.00,1.00,0.00,0.00,0.00,2.41,13.83,74,-1,1,33,-24.6,0.30,0.500,1.000
5.50,fly,259.27,9740.73,1.000,1,873.4,46.5,-853.4,253.5,-7.54,8.87,128,134,-1,-0.5,0.9,42.4,-32.4,-0.96,0.97,1.00,0.00,0.00,0.00,-0.44,11.63,74,-1,1,35,-24.6,0.30,0.500,1.000
5.60,fly,262.52,9737.48,1.000,1,872.6,47.1,-852.6,252.9,-7.71,5.73,124,124,-1,-0.5,0.9,39.8,-31.3,-0.28,0.23,1.00,0.00,0.00,0.00,-3.14,9.08,74,-1,1,39,-17.5,0.30,0.799,1.000
5.70,fly,269.29,9730.71,1.000,1,871.0,47.5,-851.8,252.5,-8.26,-0.43,122,124,-1,-0.5,0.9,31.5,-23.7,0.49,-0.59,0.90,0.00,0.00,0.00,-5.24,6.55,74,-1,1,41,-16.0,0.43,0.565,1.000
5.80,fly,273.91,9726.09,1.000,1,870.2,47.3,-851.0,252.5,-8.64,-2.86,122,124,-1,-0.5,0.9,18.4,-10.9,1.00,-1.00,0.37,0.00,0.00,0.00,-7.22,4.03,74,-1,1,41,-27.1,0.87,0.500,1.000
5.90,fly,276.13,9723.87,1.000,1,870.2,47.3,-850.2,252.7,-8.64,-2.86,122,124,-1,-0.5,0.9,4.9,3.2,1.00,-1.00,0.00,0.00,0.00,0.00,-8.82,2.22,74,-1,1,41,-27.1,0.90,0.500,1.000
6.00,fly,280.35,9719.65,1.000,1,869.3,47.0,-849.3,253.0,-8.81,-3.20,121,116,-1,-0.5,0.9,-6.8,17.1,1.00,-1.00,0.27,0.00,0.00,0.00,-9.19,1.85,74,-1,1,42,-37.7,0.90,0.500,1.000
6.05,fly,282.38,9717.62,1.000,1,868.4,46.7,-849.3,253.0,-8.70,-2.21,120,116,-1,-0.5,0.9,-11.8,23.6,1.00,-1.00,0.53,0.00,0.00,0.00,-9.23,1.66,74,-1,1,43,-41.1,0.75,0.500,1.000
6.15,fly,286.35,9713.65,1.000,1,867.6,46.6,-848.4,253.3,-8.26,-0.22,118,116,-1,-0.5,0.9,-19.9,34.9,1.00,-1.00,0.94,0.00,0.00,0.00,-8.71,2.18,74,-1,1,45,-36.9,0.42,0.500,1.000
6.25,fly,290.32,9709.68,1.000,1,866.8,46.8,-847.6,253.4,-7.49,2.36,116,116,-1,-0.5,0.9,-24.4,41.9,1.00,-0.66,1.00,0.00,0.00,0.00,-7.52,3.43,74,-1,1,48,-26.8,0.30,0.500,1.000
6.35,fly,294.35,9705.65,1.000,1,866.1,47.2,-846.8,253.2,-6.46,5.07,110,98,-1,-0.5,0.9,-23.9,43.1,0.73,-0.18,1.00,0.00,0.00,0.00,-6.19,4.83,74,-1,1,53,-15.7,0.30,0.636,1.000
6.45,fly,298.46,9701.54,1.000,1,865.6,47.9,-846.1,252.8,-5.45,7.73,107,98,-1,-0.5,0.9,-18.2,38.1,-0.13,0.34,1.00,0.00,0.00,0.00,-4.74,6.71,74,-1,1,57,-13.3,0.37,0.810,1.000
6.55,fly,302.60,9697.40,1.000,1,865.1,48.9,-845.6,252.1,-4.64,10.55,105,98,-1,-0.5,0.9,-8.8,27.4,-1.00,0.92,0.61,0.00,0.00,0.00,-3.31,8.86,74,-1,1,59,-15.9,0.69,0.500,1.000
6.65,fly,306.69,9693.31,1.000,1,864.7,50.1,-845.1,251.1,-4.24,12.61,104,98,-1,-0.5,0.9,1.1,12.8,-1.00,1.00,0.10,0.00,0.00,0.00,-2.01,11.35,74,-1,1,60,-20.3,0.90,0.500,1.000
6.75,fly,310.64,9689.36,1.000,1,864.7,50.1,-844.7,249.9,-4.24,12.61,103,99,-1,-0.5,0.9,10.0,-2.7,-1.00,1.00,0.01,0.00,0.00,0.00,-1.32,13.24,74,-1,1,61,-20.3,0.90,0.500,1.000
6.80,fly,314.53,9685.47,1.000,1,864.2,51.5,-844.2,248.5,-4.55,13.05,102,99,-1,-0.5,0.9,14.0,-10.3,-1.00,1.00,0.24,0.00,0.00,0.00,-1.76,13.70,74,-1,1,62,-21.8,0.90,0.500,1.000
6.85,fly,314.53,9685.47,1.000,1,863.7,52.7,-844.2,248.5,-5.47,12.00,101,99,-1,-0.5,0.9,17.6,-17.5,-1.00,1.00,0.47,0.00,0.00,0.00,-2.06,13.66,74,-1,1,63,-20.2,0.78,0.500,1.000
6.95,fly,318.47,9681.53,1.000,1,863.0,53.7,-843.7,247.3,-6.70,9.97,99,99,-1,-0.5,0.9,23.0,-29.5,-1.00,1.00,0.84,0.00,0.00,0.00,-3.62,12.68,74,-1,1,65,-14.0,0.48,0.500,1.000
7.05,fly,322.58,9677.42,1.000,1,862.3,54.5,-843.0,246.3,-8.04,7.44,95,92,-1,-0.5,0.9,24.8,-36.4,-1.00,0.54,1.00,0.00,0.00,0.00,-5.81,10.51,74,-1,1,69,-4.4,0.32,0.500,1.000
7.15,fly,326.88,9673.12,1.000,1,861.4,55.1,-842.3,245.5,-9.23,4.87,92,92,-1,-0.5,0.9,21.6,-37.2,-0.61,-0.00,1.00,0.00,0.00,0.00,-7.75,7.74,74,-1,1,71,4.1,0.35,0.755,1.000
7.25,fly,331.37,9668.63,1.000,1,860.4,55.4,-841.4,244.9,-10.06,2.34,91,92,-1,-0.5,0.9,13.4,-32.3,0.26,-0.63,0.80,0.00,0.00,0.00,-9.15,5.01,74,-1,1,73,3.6,0.54,0.644,1.000
7.35,fly,336.03,9663.97,1.000,1,859.4,55.4,-840.4,244.6,-10.48,-0.53,91,92,-1,-0.5,0.9,1.9,-21.7,1.00,-1.00,0.39,0.00,0.00,0.00,-10.02,2.51,74,-1,1,73,-4.3,0.73,0.500,1.000
7.45,fly,340.63,9659.37,1.000,1,858.3,55.2,-839.4,244.6,-10.22,-1.90,93,105,-1,-0.5,0.9,-9.8,-8.0,1.00,-1.00,0.08,0.00,0.00,0.00,-10.49,0.08,74,-1,1,70,-14.1,0.89,0.500,1.000
7.55,fly,345.01,9654.99,1.000,1,857.4,55.0,-838.3,244.8,-9.40,-1.93,95,105,-1,-0.5,0.9,-20.3,6.4,1.00,-1.00,0.37,0.00,0.00,0.00,-10.34,-1.05,74,-1,1,69,-18.8,0.87,0.500,1.000
7.65,fly,349.23,9650.77,1.000,1,856.5,54.9,-837.4,245.0,-8.17,-0.77,95,105,-1,-0.5,0.9,-29.4,20.4,1.00,-1.00,0.80,0.00,0.00,0.00,-9.53,-1.15,74,-1,1,69,-18.3,0.52,0.500,1.000
7.75,fly,353.39,9646.61,1.000,1,855.8,55.0,-836.5,245.1,-6.77,1.21,93,105,-1,-0.5,0.9,-36.0,31.5,1.00,-1.00,1.00,0.00,0.00,0.00,-8.20,-0.32,74,-1,1,70,-11.5,0.30,0.500,1.000
7.85,fly,357.60,9642.40,1.000,1,855.2,55.3,-835.8,245.0,-5.32,3.64,90,96,-1,-0.5,0.9,-38.4,37.0,1.00,-0.72,1.00,0.00,0.00,0.00,-6.78,1.16,74,-1,1,74,-0.9,0.30,0.500,1.000
7.95,fly,361.91,9638.09,1.000,1,854.8,55.9,-835.2,244.7,-4.02,6.14,87,96,-1,-0.5,0.9,-35.3,35.6,0.31,-0.07,1.00,0.00,0.00,0.00,-5.50,3.36,74,-1,1,77,8.6,0.30,0.849,1.000
8.05,fly,366.27,9633.73,1.000,1,854.5,56.7,-834.8,244.1,-2.92,8.61,86,96,-1,-0.5,0.9,-26.6,28.2,-0.49,0.69,0.88,0.00,0.00,0.00,-4.42,5.86,74,-1,1,77,10.8,0.45,0.531,1.000
8.15,fly,370.60,9629.40,1.000,1,854.3,57.7,-834.5,243.3,-1.98,11.20,87,96,-1,-0.5,0.9,-13.8,16.5,-1.00,1.00,0.37,0.00,0.00,0.00,-3.36,8.45,74,-1,1,76,5.8,0.58,0.500,1.000
8.25,fly,374.80,9625.20,1.000,1,854.1,59.0,-834.3,242.3,-1.74,12.59,91,112,-1,-0.5,0.9,-0.1,2.9,-1.00,1.00,0.00,0.00,0.00,0.00,-1.83,11.22,74,-1,1,73,0.2,0.68,0.500,1.000
8.35,fly,378.83,9621.17,1.000,1,853.9,60.2,-834.1,241.0,-2.15,12.22,94,112,-1,-0.5,0.9,13.6,-11.8,-1.00,1.00,0.26,0.00,0.00,0.00,-0.95,12.67,74,-1,1,70,-6.5,0.80,0.500,1.000
8.45,fly,382.78,9617.22,1.000,1,853.6,61.3,-833.9,239.8,-2.99,10.36,95,112,-1,-0.5,0.9,26.5,-26.3,-1.00,1.00,0.84,0.00,0.00,0.00,-1.18,12.35,74,-1,1,69,-11.7,0.48,0.500,1.000
8.55,fly,386.80,9613.20,1.000,1,853.2,62.1,-833.6,238.7,-4.04,7.74,93,112,-1,-0.5,0.9,37.1,-38.6,-1.00,1.00,1.00,0.00,0.00,0.00,-2.41,10.51,74,-1,1,70,-11.4,0.30,0.500,1.000
8.65,fly,390.97,9609.03,1.000,1,853.2,62.1,-833.2,237.9,-4.04,7.74,88,96,-1,-0.5,0.9,43.1,-45.6,-1.00,1.00,1.00,0.00,0.00,0.00,-4.28,7.62,74,-1,1,75,-11.4,0.30,0.500,1.000
8.70,fly,394.22,9605.78,1.000,1,852.7,62.7,-832.7,237.3,-5.14,4.91,84,96,-1,-0.5,0.9,43.7,-46.4,-0.70,0.63,1.00,0.00,0.00,0.00,-5.65,4.32,74,-1,1,80,-6.7,0.30,0.500,1.000
8.80,fly,398.71,9601.29,1.000,1,852.1,63.0,-832.1,237.0,-6.15,2.24,81,96,-1,-0.5,0.9,39.7,-42.6,-0.11,0.12,1.00,0.00,0.00,0.00,-6.43,1.22,74,-1,1,83,-1.7,0.30,0.910,1.000
8.90,fly,403.36,9596.64,1.000,1,850.7,62.8,-831.5,237.0,-8.24,-3.27,80,96,-1,-0.5,0.9,29.8,-32.4,0.72,-0.63,1.00,0.00,0.00,0.00,-7.00,-1.57,74,-1,1,83,-2.2,0.32,0.500,1.000
9.00,fly,406.93,9593.07,1.000,1,850.7,62.8,-830.7,237.2,-8.24,-3.27,84,107,-1,-0.5,0.9,16.0,-18.1,1.00,-1.00,0.45,0.00,0.00,0.00,-7.84,-4.14,74,-1,1,80,-2.2,0.80,0.500,1.000
9.10,fly,411.62,9588.38,1.000,1,849.8,62.3,-829.8,237.7,-9.01,-5.26,87,107,-1,-0.5,0.9,1.3,-2.8,1.00,-1.00,0.00,0.00,0.00,0.00,-8.75,-5.68,74,-1,1,76,-11.4,0.90,0.500,1.000
9.20,fly,416.09,9583.91,1.000,1,848.9,61.7,-828.9,238.3,-9.05,-5.75,90,107,-1,-0.5,0.9,-13.2,13.2,1.00,-1.00,0.28,0.00,0.00,0.00,-9.04,-5.78,74,-1,1,74,-23.0,0.90,0.500,1.000
9.25,fly,418.23,9581.77,1.000,1,848.0,61.2,-828.9,238.3,-8.35,-4.55,91,107,-1,-0.5,0.9,-20.0,21.4,1.00,-1.00,0.61,0.00,0.00,0.00,-9.19,-5.54,74,-1,1,72,-31.6,0.68,0.500,1.000
9.35,fly,422.38,9577.62,1.000,1,847.3,60.9,-828.0,238.8,-7.05,-2.34,88,91,-1,-0.5,0.9,-32.5,37.0,1.00,-1.00,1.00,0.00,0.00,0.00,-8.18,-4.86,74,-1,1,76,-32.5,0.30,0.500,1.000
9.45,fly,426.47,9573.53,1.000,1,847.3,60.9,-827.3,239.1,-7.05,-2.34,83,91,-1,-0.5,0.9,-42.1,49.0,1.00,-1.00,1.00,0.00,0.00,0.00,-6.69,-3.23,74,-1,1,81,-32.5,0.30,0.500,1.000
9.50,fly,430.61,9569.39,1.000,1,846.3,61.1,-826.7,239.1,-3.89,2.72,77,91,-1,2.5,3.9,-44.9,52.6,1.00,-0.91,1.00,0.00,0.00,0.00,-5.39,-0.96,74,-1,1,86,-17.1,0.30,0.500,1.000
9.60,fly,434.84,9565.16,1.000,1,846.0,61.5,-826.3,238.9,-2.26,5.04,72,91,-1,8.5,9.9,-45.4,54.4,0.73,-0.51,1.00,0.00,0.00,0.00,-4.53,1.41,74,-1,1,91,-8.6,0.30,0.504,1.000
9.70,fly,438.06,9561.94,1.000,1,846.0,61.5,-826.0,238.5,-2.26,5.04,68,78,-1,14.5,3.9,-38.6,48.9,-0.07,0.03,1.00,0.00,0.00,0.00,-3.97,3.84,74,-1,1,95,-8.6,0.30,0.961,1.000
9.80,fly,441.27,9558.73,1.000,1,845.9,62.2,-825.9,237.8,-0.68,7.34,67,78,-1,8.5,1.0,-26.3,37.5,-0.89,0.71,1.00,0.00,0.00,0.00,-3.50,6.48,74,-1,1,97,-4.8,0.30,0.500,1.000
9.90,fly,446.52,9553.48,1.000,1,846.1,64.3,-825.9,236.9,2.00,11.74,68,78,-1,2.5,1.0,-11.6,22.3,-1.00,1.00,0.49,0.00,0.00,0.00,-2.85,9.56,74,-1,1,96,-13.5,0.78,0.500,1.000
10.00,fly,451.40,9548.60,1.000,1,846.3,65.5,-826.1,235.7,1.91,12.13,70,78,-1,-0.4,1.0,3.1,6.8,-1.00,1.00,0.00,0.00,0.00,0.00,-2.21,11.70,74,-1,1,94,-24.5,0.90,0.500,1.000
10.10,fly,454.19,9545.81,1.000,1,846.3,65.5,-826.3,234.5,1.91,12.13,72,90,-1,-0.4,1.0,17.1,-8.7,-1.00,1.00,0.30,0.00,0.00,0.00,-1.83,12.14,74,-1,1,91,-24.5,0.90,0.500,1.000
10.15,fly,455.11,9544.89,1.000,1,846.4,66.6,-826.3,234.5,0.77,11.19,74,90,-1,-0.4,1.0,23.6,-16.3,-1.00,1.00,0.59,0.00,0.00,0.00,-1.46,12.19,74,-1,1,89,-32.7,0.69,0.500,1.000
10.25,fly,458.81,9541.19,1.000,1,846.4,67.6,-826.4,233.4,-1.01,9.46,74,90,-1,-0.4,1.0,35.0,-30.5,-1.00,1.00,1.00,0.00,0.00,0.00,-2.38,10.96,74,-1,1,90,-33.7,0.30,0.500,1.000
10.35,fly,462.65,9537.35,1.000,1,846.4,67.6,-826.4,232.4,-1.01,9.46,72,90,-1,-0.4,1.0,42.6,-40.7,-1.00,1.00,1.00,0.00,0.00,0.00,-3.93,8.66,74,-1,1,92,-33.7,0.30,0.500,1.000
10.40,fly,464.64,9535.36,1.000,1,846.1,68.4,-826.1,231.6,-3.12,7.39,68,70,-1,-0.4,1.0,44.3,-43.3,-0.99,0.89,1.00,0.00,0.00,0.00,-5.70,5.65,74,-1,1,96,-28.5,0.30,0.500,1.000
10.50,fly,469.81,9530.19,1.000,1,845.0,69.4,-825.6,231.0,-7.38,3.57,64,70,-1,-0.4,1.0,42.7,-42.8,-0.43,0.37,1.00,0.00,0.00,0.00,-7.10,2.56,74,-1,1,99,-17.0,0.30,0.680,1.000
10.60,fly,475.26,9524.74,1.000,1,844.0,69.6,-825.0,230.6,-9.67,1.75,62,70,-1,-0.4,1.0,34.8,-35.1,0.38,-0.36,1.00,0.00,0.00,0.00,-8.19,-0.27,74,-1,1,101,-17.8,0.30,0.703,1.000
10.70,fly,477.50,9522.50,1.000,1,844.0,69.6,-824.0,230.4,-9.67,1.75,62,70,-1,-0.4,1.0,22.1,-21.9,1.00,-1.00,0.66,0.00,0.00,0.00,-9.38,-2.92,74,-1,1,101,-17.8,0.63,0.500,1.000
10.80,fly,484.06,9515.94,1.000,1,842.9,69.7,-822.9,230.3,-11.82,0.20,64,72,-1,-0.4,1.0,8.6,-6.7,1.00,-1.00,0.03,0.00,0.00,0.00,-10.69,-5.05,74,-1,1,100,-26.0,0.90,0.500,1.000
10.90,fly,486.14,9513.86,1.000,1,841.7,69.7,-821.7,230.3,-12.68,-0.30,65,72,-1,-0.4,1.0,-3.3,8.3,1.00,-1.00,0.00,0.00,0.00,0.00,-11.35,-5.65,74,-1,1,99,-36.7,0.90,0.500,1.000
10.95,fly,488.16,9511.84,1.000,1,841.7,69.7,-821.7,230.3,-12.68,-0.30,66,72,-1,-0.4,1.0,-8.4,15.6,1.00,-1.00,0.25,0.00,0.00,0.00,-11.42,-5.52,74,-1,1,98,-36.7,0.90,0.500,1.000
11.00,fly,490.14,9509.86,1.000,1,840.4,69.6,-820.4,230.4,-12.17,0.02,66,72,-1,-0.4,1.0,-12.9,22.5,1.00,-1.00,0.51,0.00,0.00,0.00,-11.10,-4.99,74,-1,1,98,-43.6,0.76,0.500,1.000
11.10,fly,494.06,9505.94,1.000,1,839.3,69.7,-819.3,230.3,-10.55,0.91,62,53,-1,-0.4,1.0,-19.5,34.1,1.00,-0.96,0.91,0.00,0.00,0.00,-9.76,-4.11,74,-1,1,101,-42.9,0.44,0.500,1.000
11.20,fly,498.00,9502.00,1.000,1,838.4,69.9,-818.4,230.1,-8.15,2.04,59,53,-1,-0.4,1.0,-22.1,40.9,1.00,-0.46,1.00,0.00,0.00,0.00,-8.02,-2.51,74,-1,1,105,-34.8,0.30,0.500,1.000
11.30,fly,502.03,9497.97,1.000,1,837.8,70.2,-817.8,229.8,-5.52,3.15,56,53,-1,-0.4,1.0,-19.7,41.9,0.72,0.04,1.00,0.00,0.00,0.00,-6.33,-0.53,74,-1,1,108,-23.5,0.30,0.698,1.000
11.40,fly,508.22,9491.78,1.000,1,837.4,71.1,-817.5,229.4,-0.48,5.54,54,53,-1,5.6,1.1,-12.6,37.0,-0.16,0.48,0.94,0.00,0.00,0.00,-4.88,1.64,74,-1,1,110,-23.0,0.44,0.743,1.000
11.50,fly,510.30,9489.70,1.000,1,837.4,71.1,-817.4,228.9,-0.48,5.54,52,48,-1,11.6,-4.9,-2.8,26.3,-1.00,0.92,0.55,0.00,0.00,0.00,-3.78,4.08,74,-1,1,111,-23.0,0.75,0.500,1.000
11.60,fly,516.42,9483.58,1.000,1,837.7,72.5,-817.5,228.2,2.20,8.03,52,48,-1,5.6,1.0,6.4,11.7,-1.00,1.00,0.11,0.00,0.00,0.00,-3.15,6.52,74,-1,1,112,-34.8,0.90,0.500,1.000
11.70,fly,520.38,9479.62,1.000,1,837.7,72.5,-817.7,227.5,2.20,8.03,51,48,-1,-0.4,1.0,14.0,-4.1,-1.00,1.00,0.15,0.00,0.00,0.00,-3.32,7.63,74,-1,1,112,-34.8,0.90,0.500,1.000
11.75,fly,520.38,9479.62,1.000,1,837.8,73.4,-817.7,227.5,1.36,8.49,51,48,-1,-0.4,1.0,17.2,-11.8,-1.00,1.00,0.35,0.00,0.00,0.00,-3.40,7.59,74,-1,1,113,-34.1,0.88,0.500,1.000
11.85,fly,524.36,9475.64,1.000,1,837.8,74.2,-817.8,226.6,-0.55,8.50,49,45,-1,-0.4,1.0,21.6,-25.3,-1.00,0.91,0.72,0.00,0.00,0.00,-4.56,7.29,74,-1,1,115,-29.3,0.58,0.500,1.000
11.95,fly,528.46,9471.54,1.000,1,837.6,75.1,-817.8,225.8,-3.12,8.18,47,45,-1,-0.4,1.0,22.7,-34.4,-1.00,0.45,0.96,0.00,0.00,0.00,-6.22,5.83,74,-1,1,117,-20.0,0.39,0.500,1.000
12.05,fly,532.76,9467.24,1.000,1,837.1,75.8,-817.6,224.9,-5.82,7.62,45,45,-1,-0.4,1.0,19.1,-37.7,-0.95,-0.08,1.00,0.00,0.00,0.00,-7.99,3.57,74,-1,1,119,-9.8,0.37,0.590,1.000
12.15,fly,537.23,9462.77,1.000,1,836.3,76.5,-817.1,224.2,-8.31,6.76,44,45,-1,-0.4,1.0,10.8,-35.2,-0.11,-0.64,0.87,0.00,0.00,0.00,-9.54,1.05,74,-1,1,120,-10.5,0.50,0.699,1.000
12.25,fly,541.85,9458.15,1.000,1,835.3,77.1,-816.3,223.5,-10.48,5.39,43,44,-1,-0.4,1.0,-0.2,-26.9,0.89,-1.00,0.56,0.00,0.00,0.00,-10.61,-1.43,74,-1,1,120,-22.0,0.73,0.500,1.000
12.35,fly,546.47,9453.53,1.000,1,834.2,77.5,-815.3,222.9,-11.62,3.99,43,44,-1,-0.4,1.0,-10.2,-14.0,1.00,-1.00,0.24,0.00,0.00,0.00,-11.12,-3.91,74,-1,1,120,-32.9,0.90,0.500,1.000
12.45,fly,550.93,9449.07,1.000,1,834.2,77.5,-814.2,222.5,-11.62,3.99,44,44,-1,-0.4,1.0,-18.2,1.0,1.00,-1.00,0.27,0.00,0.00,0.00,-10.91,-5.65,74,-1,1,120,-32.9,0.90,0.500,1.000
12.50,fly,555.25,9444.75,1.000,1,832.0,78.1,-813.0,222.1,-9.95,2.10,44,44,-1,-0.4,1.0,-21.5,8.7,1.00,-1.00,0.43,0.00,0.00,0.00,-9.96,-6.32,74,-1,1,120,-27.7,0.82,0.500,1.000
12.60,fly,557.38,9442.62,1.000,1,832.0,78.1,-812.0,221.9,-9.95,2.10,43,45,-1,-0.4,1.0,-26.5,22.6,1.00,-0.98,0.77,0.00,0.00,0.00,-8.35,-5.81,74,-1,1,120,-27.7,0.54,0.500,1.000
12.70,fly,563.81,9436.19,1.000,1,830.6,78.4,-811.2,221.7,-4.75,1.87,42,45,-1,-0.4,1.0,-28.3,32.3,1.00,-0.54,0.99,0.00,0.00,0.00,-6.44,-4.39,74,-1,1,121,-6.0,0.35,0.500,1.000
12.80,fly,568.18,9431.82,1.000,1,830.3,78.7,-810.6,221.6,-1.96,2.26,41,45,-1,5.6,5.8,-25.6,36.1,0.92,-0.05,1.00,0.00,0.00,0.00,-4.53,-2.34,74,-1,1,122,2.8,0.32,0.614,1.000
12.90,fly,571.50,9428.50,1.000,1,830.3,78.7,-810.3,221.3,-1.96,2.26,41,45,-1,11.6,-0.2,-17.8,34.2,0.23,0.48,0.90,0.00,0.00,0.00,-2.99,-0.02,74,-1,1,123,2.8,0.45,0.716,1.000
13.00,fly,574.84,9425.16,1.000,1,830.3,78.9,-810.3,221.1,0.62,3.13,41,48,-1,17.6,-6.2,-6.3,26.8,-0.63,1.00,0.58,0.00,0.00,0.00,-1.96,2.51,74,-1,1,123,0.4,0.72,0.500,1.000
13.10,fly,581.40,9418.60,1.000,1,830.9,79.9,-810.6,220.6,3.54,5.69,42,48,-1,19.8,-12.2,5.5,15.3,-1.00,1.00,0.21,0.00,0.00,0.00,-1.49,5.07,74,-1,1,121,-20.8,0.90,0.500,1.000
13.20,fly,585.67,9414.33,1.000,1,830.9,79.9,-810.9,220.1,3.54,5.69,43,48,-1,13.8,-6.2,15.6,1.6,-1.00,1.00,0.19,0.00,0.00,0.00,-1.72,6.47,74,-1,1,120,-20.8,0.90,0.500,1.000
13.25,fly,585.67,9414.33,1.000,1,831.2,80.5,-810.9,220.1,2.86,6.60,44,48,-1,10.8,-3.2,20.0,-5.5,-1.00,1.00,0.35,0.00,0.00,0.00,-1.63,6.49,74,-1,1,119,-20.6,0.88,0.500,1.000
13.35,fly,589.95,9410.05,1.000,1,831.4,81.2,-811.2,219.5,0.99,6.94,45,53,-1,4.8,0.9,27.2,-18.9,-1.00,1.00,0.72,0.00,0.00,0.00,-2.68,6.68,74,-1,1,119,-17.7,0.59,0.500,1.000
13.45,fly,594.35,9405.65,1.000,1,831.3,81.9,-811.4,218.8,-1.63,6.80,45,53,-1,-0.2,0.9,31.3,-28.6,-1.00,0.97,0.98,0.00,0.00,0.00,-4.24,5.58,74,-1,1,119,-10.5,0.36,0.500,1.000
13.55,fly,598.95,9401.05,1.000,1,830.9,82.6,-811.3,218.1,-4.42,6.34,44,53,-1,-0.2,0.9,30.9,-32.5,-0.86,0.38,1.00,0.00,0.00,0.00,-6.00,3.58,74,-1,1,119,-2.0,0.30,0.508,1.000
13.65,fly,603.74,9396.26,1.000,1,830.3,83.2,-810.9,217.4,-7.05,5.71,44,53,-1,-0.2,0.9,25.0,-30.2,-0.10,-0.33,0.89,0.00,0.00,0.00,-7.63,1.26,74,-1,1,119,3.3,0.44,0.828,1.000
13.75,fly,608.70,9391.30,1.000,1,829.4,83.7,-810.3,216.8,-9.40,4.83,45,54,-1,-0.2,0.9,14.2,-22.6,0.75,-1.00,0.53,0.00,0.00,0.00,-9.02,-0.97,74,-1,1,119,-4.4,0.73,0.500,1.000
13.85,fly,614.95,9385.05,1.000,1,828.3,84.1,-809.4,216.3,-11.18,3.83,46,54,-1,-0.2,0.9,1.3,-11.1,1.00,-1.00,0.04,0.00,0.00,0.00,-10.13,-3.03,74,-1,1,117,-15.2,0.89,0.500,1.000
13.95,fly,618.60,9381.40,1.000,1,827.2,84.4,-808.3,215.9,-11.38,3.12,47,54,-1,-0.2,0.9,-11.2,2.7,1.00,-1.00,0.05,0.00,0.00,0.00,-10.81,-4.77,74,-1,1,116,-18.2,0.90,0.500,1.000
14.05,fly,623.28,9376.72,1.000,1,826.1,84.7,-807.2,215.6,-10.09,2.86,48,54,-1,-0.2,0.9,-23.0,17.8,1.00,-1.00,0.60,0.00,0.00,0.00,-10.52,-5.35,74,-1,1,116,-18.7,0.68,0.500,1.000
14.15,fly,627.81,9372.19,1.000,1,825.3,85.0,-806.1,215.3,-7.76,3.03,47,52,-1,-0.2,0.9,-33.9,32.3,1.00,-1.00,1.00,0.00,0.00,0.00,-9.31,-4.82,74,-1,1,117,-15.7,0.30,0.500,1.000
14.25,fly,632.28,9367.72,1.000,1,825.3,85.0,-805.3,215.0,-7.76,3.03,45,52,-1,-0.2,0.9,-42.3,43.5,1.00,-1.00,1.00,0.00,0.00,0.00,-7.62,-3.35,74,-1,1,119,-15.7,0.30,0.500,1.000
14.30,fly,636.80,9363.20,1.000,1,824.4,85.7,-804.7,214.7,-2.02,4.06,43,52,-1,-0.2,0.9,-44.9,46.9,1.00,-0.97,1.00,0.00,0.00,0.00,-5.91,-1.24,74,-1,1,120,1.8,0.30,0.500,1.000
14.40,fly,641.41,9358.59,1.000,1,824.4,86.2,-804.4,214.3,0.77,4.70,41,52,-1,5.8,-4.7,-45.2,48.1,0.75,-0.56,1.00,0.00,0.00,0.00,-4.38,1.16,74,-1,1,122,10.1,0.30,0.500,1.000
14.50,fly,644.90,9355.10,1.000,1,824.4,86.2,-804.4,213.8,0.77,4.70,41,52,-1,11.8,-10.7,-38.8,42.0,-0.00,0.07,1.00,0.00,0.00,0.00,-3.07,3.64,74,-1,1,123,10.1,0.30,0.972,1.000
14.60,fly,650.69,9349.31,1.000,1,825.3,87.3,-804.7,213.3,6.31,6.47,41,52,-1,5.8,-4.7,-26.7,30.3,-0.85,0.88,0.92,0.00,0.00,0.00,-1.87,6.18,74,-1,1,123,9.2,0.41,0.500,1.000
14.70,fly,654.04,9345.96,1.000,1,825.3,87.3,-805.3,212.7,6.31,6.47,42,52,-1,-0.1,0.9,-11.2,15.4,-1.00,1.00,0.29,0.00,0.00,0.00,-0.56,9.02,74,-1,1,121,9.2,0.62,0.500,1.000
14.80,fly,659.27,9340.73,1.000,1,826.0,88.0,-806.0,212.0,8.11,7.22,44,52,-1,-0.1,0.9,4.9,-0.1,-1.00,1.00,0.00,0.00,0.00,0.00,0.37,10.85,74,-1,1,120,-0.3,0.81,0.500,1.000
14.90,fly,663.24,9336.76,1.000,1,827.5,89.5,-806.9,211.3,6.13,7.05,45,60,-1,-0.1,0.9,20.8,-16.2,-1.00,1.00,0.52,0.00,0.00,0.00,0.47,10.87,74,-1,1,118,-24.1,0.75,0.500,1.000
15.00,fly,667.20,9332.80,1.000,1,827.9,90.1,-807.5,210.5,3.45,6.39,46,60,-1,-0.1,0.9,35.7,-32.7,-1.00,1.00,1.00,0.00,0.00,0.00,-0.55,9.33,74,-1,1,118,-28.8,0.30,0.500,1.000
15.10,fly,669.22,9330.78,1.000,1,827.9,90.1,-807.9,209.9,3.45,6.39,44,60,-1,-0.1,0.9,48.1,-47.5,-1.00,1.00,1.00,0.00,0.00,0.00,-2.18,6.92,74,-1,1,119,-28.8,0.30,0.500,1.000
15.15,fly,672.32,9327.68,1.000,1,827.9,90.1,-807.9,209.9,3.45,6.39,42,60,-1,-0.1,0.9,52.5,-52.8,-1.00,1.00,1.00,0.00,0.00,0.00,-2.41,6.85,74,-1,1,121,-28.8,0.30,0.500,1.000
15.20,fly,674.43,9325.57,1.000,1,827.9,91.2,-808.1,209.3,-2.44,5.08,40,47,-1,2.9,-2.1,55.1,-56.2,-1.00,0.99,1.00,0.00,0.00,0.00,-4.09,3.95,74,-1,1,124,-22.1,0.30,0.500,1.000
15.30,fly,679.89,9320.11,1.000,1,827.4,91.7,-807.9,208.8,-5.19,4.64,37,47,-1,8.9,-7.1,54.3,-56.7,-0.53,0.41,1.00,0.00,0.00,0.00,-5.52,1.13,74,-1,1,126,-18.4,0.30,0.624,1.000
15.40,fly,684.43,9315.57,1.000,1,826.7,92.1,-807.4,208.3,-8.09,4.31,36,47,-1,2.9,-1.1,45.6,-49.1,0.23,-0.26,1.00,0.00,0.00,0.00,-6.80,-1.48,74,-1,1,128,-20.5,0.30,0.802,1.000
15.50,fly,689.10,9310.90,1.000,1,825.7,92.5,-806.7,207.9,-11.14,4.06,36,47,-1,-0.1,0.9,30.9,-35.3,1.00,-1.00,1.00,0.00,0.00,0.00,-8.24,-4.01,74,-1,1,128,-30.0,0.30,0.500,1.000
15.60,fly,693.67,9306.33,1.000,1,824.4,92.9,-805.7,207.5,-12.88,3.97,36,39,-1,-0.1,0.9,15.2,-19.1,1.00,-1.00,0.46,0.00,0.00,0.00,-9.84,-6.61,74,-1,1,127,-41.0,0.79,0.500,1.000
15.70,fly,695.89,9304.11,1.000,1,824.4,92.9,-804.4,207.1,-12.88,3.97,37,39,-1,-0.1,0.9,1.9,-3.5,1.00,-1.00,0.00,0.00,0.00,0.00,-10.86,-7.97,74,-1,1,127,-41.0,0.90,0.500,1.000
15.80,fly,701.20,9298.80,1.000,1,823.1,93.3,-803.1,206.7,-12.92,3.84,37,39,-1,-0.1,0.9,-8.5,11.1,1.00,-1.00,0.13,0.00,0.00,0.00,-10.82,-8.03,74,-1,1,127,-49.4,0.90,0.500,1.000
15.85,fly,702.24,9297.76,1.000,1,821.9,93.7,-803.1,206.7,-11.45,3.58,37,39,-1,-0.1,0.9,-12.4,17.7,1.00,-1.00,0.37,0.00,0.00,0.00,-10.83,-8.02,74,-1,1,127,-50.8,0.86,0.500,1.000
15.95,fly,706.37,9293.63,1.000,1,820.9,94.0,-801.9,206.3,-9.05,3.13,35,24,-1,-0.1,0.9,-17.2,28.2,1.00,-0.78,0.73,0.00,0.00,0.00,-9.44,-7.40,74,-1,1,129,-43.9,0.59,0.500,1.000
16.05,fly,710.55,9289.45,1.000,1,820.2,94.3,-800.9,206.0,-6.35,2.55,32,24,-1,-0.1,0.9,-17.6,33.6,1.00,-0.22,0.88,0.00,0.00,0.00,-7.48,-5.98,74,-1,1,131,-31.9,0.47,0.513,1.000
16.15,fly,714.82,9285.18,1.000,1,819.8,94.5,-800.2,205.7,-3.74,2.00,30,24,-1,-0.1,0.9,-13.5,33.2,0.41,0.32,0.83,0.00,0.00,0.00,-5.42,-4.18,74,-1,1,133,-22.9,0.52,0.709,1.000
16.25,fly,719.17,9280.83,1.000,1,819.6,94.7,-799.8,205.5,-1.14,1.71,29,24,-1,5.9,-1.6,-5.9,27.0,-0.52,0.76,0.58,0.00,0.00,0.00,-3.56,-2.30,74,-1,1,134,-26.5,0.72,0.500,1.000
16.35,fly,723.53,9276.47,1.000,1,819.7,94.9,-799.6,205.3,0.88,1.79,27,14,-1,11.9,-7.6,2.4,15.7,-1.00,1.00,0.19,0.00,0.00,0.00,-2.04,-0.25,74,-1,1,137,-33.3,0.90,0.500,1.000
16.45,fly,727.83,9272.17,1.000,1,819.8,95.1,-799.7,205.1,1.85,2.35,25,14,-1,17.9,-13.6,9.5,1.5,-1.00,0.97,0.00,0.00,0.00,0.00,-1.26,1.55,74,-1,1,139,-26.8,0.90,0.500,1.000
16.55,fly,732.06,9267.94,1.000,1,820.0,95.4,-799.8,204.9,1.49,3.28,23,14,-1,20.1,-19.2,15.6,-13.6,-1.00,0.86,0.34,0.00,0.00,0.00,-1.44,2.62,74,-1,1,140,-18.7,0.88,0.500,1.000
16.65,fly,736.29,9263.71,1.000,1,820.0,95.8,-800.0,204.6,-0.02,4.37,22,14,-1,20.1,-19.2,20.2,-27.1,-1.00,0.64,0.74,0.00,0.00,0.00,-2.50,2.59,74,-1,1,142,-10.5,0.57,0.500,1.000
16.75,fly,740.61,9259.39,1.000,1,819.9,96.3,-800.0,204.2,-2.29,5.39,20,17,-1,18.7,-17.9,22.5,-36.5,-1.00,0.34,1.00,0.00,0.00,0.00,-4.10,1.50,74,-1,1,143,-1.7,0.35,0.500,1.000
16.85,fly,745.10,9254.90,1.000,1,819.5,96.9,-799.9,203.7,-4.86,6.19,19,17,-1,13.2,-12.9,21.2,-40.2,-0.85,0.00,1.00,0.00,0.00,0.00,-5.85,-0.38,74,-1,1,144,5.6,0.30,0.661,1.000
16.95,fly,749.77,9250.23,1.000,1,818.8,97.6,-799.5,203.1,-7.45,6.55,18,17,-1,7.2,-6.9,15.8,-37.7,-0.06,-0.38,0.98,0.00,0.00,0.00,-7.40,-2.67,74,-1,1,145,6.1,0.40,0.826,1.000
17.05,fly,754.63,9245.37,1.000,1,817.8,98.2,-798.8,202.4,-10.22,6.47,18,17,-1,1.2,-0.9,7.5,-28.9,0.93,-0.76,0.65,0.00,0.00,0.00,-8.51,-5.10,74,-1,1,146,4.3,0.66,0.500,1.000
17.15,fly,759.55,9240.45,1.000,1,816.6,98.8,-797.8,201.8,-12.33,6.01,18,21,-1,0.2,0.7,-1.0,-15.4,1.00,-1.00,0.18,0.00,0.00,0.00,-9.32,-7.70,74,-1,1,145,2.3,0.71,0.500,1.000
17.25,fly,764.39,9235.61,1.000,1,815.3,99.4,-796.6,201.2,-12.90,5.27,19,21,-1,0.2,0.7,-8.8,-0.5,1.00,-1.00,0.00,0.00,0.00,0.00,-9.62,-9.78,74,-1,1,145,5.4,0.75,0.500,1.000
17.35,fly,769.11,9230.89,1.000,1,814.1,99.8,-795.3,200.6,-11.91,4.38,19,21,-1,0.2,0.7,-15.7,14.0,1.00,-1.00,0.35,0.00,0.00,0.00,-9.14,-10.51,74,-1,1,145,10.7,0.69,0.500,1.000
17.45,fly,773.77,9226.23,1.000,1,813.1,100.2,-794.1,200.2,-9.73,3.59,19,21,-1,0.2,0.7,-20.9,25.9,1.00,-0.92,0.72,0.00,0.00,0.00,-7.99,-9.86,74,-1,1,145,19.3,0.58,0.500,1.000
17.55,fly,778.46,9221.54,1.000,1,812.3,100.5,-793.1,199.8,-6.97,3.06,20,33,-1,0.2,0.7,-23.1,32.9,1.00,-0.53,0.93,0.00,0.00,0.00,-6.71,-7.91,74,-1,1,143,31.4,0.41,0.500,1.000
17.65,fly,783.24,9216.76,1.000,1,811.8,100.8,-792.3,199.5,-4.13,2.92,21,33,-1,0.2,0.7,-21.2,34.2,0.65,-0.03,0.93,0.00,0.00,0.00,-5.36,-5.40,74,-1,1,142,43.8,0.17,0.729,1.000
17.75,fly,788.09,9211.91,1.000,1,811.6,101.1,-791.8,199.2,-1.54,3.28,22,33,-1,6.2,-4.3,-14.4,29.8,-0.14,0.52,0.74,0.00,0.00,0.00,-4.26,-2.73,73,-1,1,141,46.4,-0.08,0.736,1.000
17.85,fly,792.97,9207.03,1.000,1,811.7,101.5,-791.6,198.9,1.12,4.34,23,33,-1,12.2,-10.3,-3.3,20.0,-1.00,1.00,0.34,0.00,0.00,0.00,-3.62,-0.11,73,-1,1,140,39.8,-0.13,0.500,1.000
17.95,fly,797.71,9202.29,1.000,1,811.9,102.0,-791.7,198.5,2.33,5.40,29,58,-1,18.2,-16.3,9.6,7.1,-1.00,1.00,0.06,0.00,0.00,0.00,-3.28,3.06,73,-1,1,135,22.7,0.00,0.500,1.000
18.05,fly,802.26,9197.74,1.000,1,812.1,102.6,-791.9,198.0,1.78,6.00,33,58,-1,20.3,-19.4,22.6,-6.8,-1.00,1.00,0.45,0.00,0.00,0.00,-3.27,4.89,73,-1,1,131,5.6,0.35,0.500,1.000
18.15,fly,806.73,9193.27,1.000,1,812.1,103.2,-792.1,197.4,-0.15,6.03,36,58,-1,14.3,-13.4,34.6,-21.0,-1.00,1.00,0.94,0.00,0.00,0.00,-3.83,4.96,73,-1,1,128,-9.4,0.41,0.500,1.000
18.25,fly,811.27,9188.73,1.000,1,811.9,103.8,-792.1,196.8,-2.83,5.60,37,58,-1,8.3,-7.4,43.5,-33.6,-1.00,1.00,1.00,0.00,0.00,0.00,-4.90,3.52,73,-1,1,126,-17.5,0.30,0.500,1.000
18.35,fly,815.98,9184.02,1.000,1,811.4,104.3,-791.9,196.2,-5.76,4.91,37,56,-1,2.3,-1.4,47.1,-40.8,-1.00,0.98,1.00,0.00,0.00,0.00,-6.17,1.16,73,-1,1,126,-19.1,0.30,0.500,1.000
18.45,fly,820.86,9179.14,1.000,1,810.6,104.8,-791.4,195.7,-8.57,4.15,38,56,-1,0.3,0.6,43.9,-40.7,-0.42,0.21,1.00,0.00,0.00,0.00,-7.40,-1.55,73,-1,1,126,-18.3,0.30,0.750,1.000
18.55,fly,825.92,9174.08,1.000,1,809.6,105.1,-790.6,195.2,-11.23,3.39,39,56,-1,0.3,0.6,34.0,-33.9,0.31,-0.62,1.00,0.00,0.00,0.00,-8.59,-4.10,73,-1,1,125,-20.0,0.30,0.628,1.000
18.65,fly,831.14,9168.86,1.000,1,808.2,105.4,-789.6,194.9,-14.22,2.45,41,56,-1,0.3,0.6,18.6,-22.1,1.00,-1.00,0.59,0.00,0.00,0.00,-9.88,-6.33,73,-1,1,123,-31.5,0.69,0.500,1.000
18.75,fly,836.28,9163.72,1.000,1,806.7,105.6,-788.2,194.6,-15.60,1.89,42,52,-1,0.3,0.6,2.9,-8.8,1.00,-1.00,0.00,0.00,0.00,0.00,-11.37,-8.88,73,-1,1,121,-48.6,0.90,0.500,1.000
18.85,fly,841.16,9158.84,1.000,1,806.7,105.6,-786.7,194.4,-15.60,1.89,44,52,-1,0.3,0.6,-10.3,4.5,1.00,-1.00,0.04,0.00,0.00,0.00,-12.15,-9.97,73,-1,1,120,-48.6,0.90,0.500,1.000
18.90,fly,843.50,9156.50,1.000,1,805.1,105.8,-785.1,194.2,-15.53,1.61,45,52,-1,0.3,0.6,-15.9,11.1,1.00,-1.00,0.30,0.00,0.00,0.00,-12.08,-9.90,73,-1,1,119,-59.0,0.90,0.500,1.000
18.95,fly,845.81,9154.19,1.000,1,803.7,105.9,-785.1,194.2,-14.19,1.46,45,52,-1,0.3,0.6,-20.7,17.5,1.00,-1.00,0.54,0.00,0.00,0.00,-12.18,-9.77,73,-1,1,118,-61.8,0.73,0.500,1.000
19.05,fly,850.39,9149.61,1.000,1,802.4,106.0,-783.7,194.1,-11.95,1.29,43,37,-1,0.3,0.6,-27.5,28.0,1.00,-1.00,0.89,0.00,0.00,0.00,-10.82,-9.31,73,-1,1,120,-56.6,0.44,0.500,1.000
19.15,fly,855.00,9145.00,1.000,1,801.4,106.1,-782.4,194.0,-9.23,0.97,41,37,-1,0.3,0.6,-29.6,33.5,1.00,-0.57,1.00,0.00,0.00,0.00,-8.88,-8.10,73,-1,1,122,-46.1,0.31,0.500,1.000
19.25,fly,859.71,9140.29,1.000,1,800.7,106.2,-781.4,193.9,-6.48,0.48,40,37,-1,0.3,0.6,-26.3,32.6,0.35,0.07,0.97,0.00,0.00,0.00,-6.65,-6.47,73,-1,1,124,-36.1,0.37,0.830,1.000
19.35,fly,864.47,9135.53,1.000,1,800.2,106.2,-780.7,193.8,-3.85,-0.03,39,37,-1,0.3,0.6,-18.4,25.8,-0.54,0.74,0.68,0.00,0.00,0.00,-4.43,-4.75,73,-1,1,125,-35.8,0.62,0.500,1.000
19.45,fly,869.24,9130.76,1.000,1,800.1,106.2,-780.2,193.8,-1.34,-0.49,36,19,-1,6.3,4.6,-8.3,14.0,-1.00,1.00,0.20,0.00,0.00,0.00,-2.22,-3.14,73,-1,1,128,-42.7,0.90,0.500,1.000
19.55,fly,873.91,9126.09,1.000,1,800.1,106.2,-780.1,193.8,-1.34,-0.49,33,19,-1,12.3,-1.4,1.3,-0.8,-1.00,1.00,0.00,0.00,0.00,0.00,-0.33,-1.39,73,-1,1,130,-42.7,0.90,0.500,1.000
19.60,fly,878.47,9121.53,1.000,1,800.0,106.1,-780.0,193.9,-0.15,-0.51,31,19,-1,15.3,-4.4,5.7,-8.9,-1.00,1.00,0.02,0.00,0.00,0.00,0.36,-0.40,73,-1,1,132,-42.3,0.90,0.500,1.000
19.65,fly,878.47,9121.53,1.000,1,800.0,106.1,-780.0,193.9,-0.15,-0.51,29,19,-1,18.3,-7.4,9.6,-16.9,-1.00,1.00,0.31,0.00,0.00,0.00,0.37,-0.38,73,-1,1,134,-42.3,0.90,0.500,1.000
19.70,fly,880.74,9119.26,1.000,1,800.0,106.1,-780.0,193.9,-0.53,-0.04,26,10,-1,20.5,-8.9,13.2,-24.8,-1.00,0.86,0.58,0.00,0.00,0.00,-0.20,-0.49,73,-1,1,137,-40.4,0.71,0.500,1.000
19.80,fly,887.64,9112.36,1.000,1,799.4,106.3,-779.8,193.8,-4.57,2.02,23,10,-1,20.6,-6.9,18.5,-38.4,-1.00,0.58,1.00,0.00,0.00,0.00,-1.67,-1.67,73,-1,1,140,-30.5,0.36,0.500,1.000
19.90,fly,891.20,9108.80,1.000,1,798.8,106.6,-779.4,193.7,-7.14,3.20,21,10,-1,20.6,-2.6,20.3,-47.3,-1.00,0.17,1.00,0.00,0.00,0.00,-3.53,-3.54,73,-1,1,143,-24.1,0.30,0.530,1.000
20.00,fly,897.36,9102.64,1.000,1,797.9,107.0,-778.8,193.4,-9.73,4.15,19,10,-1,14.6,0.6,17.2,-50.2,-1.00,-0.16,1.00,0.00,0.00,0.00,-5.33,-5.73,73,-1,1,145,-22.3,0.30,0.535,1.000
20.10,fly,899.90,9100.10,1.000,1,797.9,107.0,-777.9,193.0,-9.73,4.15,16,3,-1,8.6,0.6,9.5,-46.8,-0.13,-0.49,1.00,0.00,0.00,0.00,-6.71,-8.18,73,-1,1,147,-22.3,0.30,0.752,1.000
20.20,fly,906.37,9093.63,1.000,1,796.7,107.5,-776.7,192.5,-12.35,4.73,14,3,-1,2.6,0.6,0.6,-37.1,0.91,-0.73,0.90,0.00,0.00,0.00,-7.62,-10.81,73,-1,1,149,-26.9,0.49,0.500,1.000
20.30,fly,911.54,9088.46,1.000,1,793.6,108.4,-775.3,192.0,-16.57,4.49,13,3,-1,0.6,0.6,-6.2,-22.3,1.00,-0.80,0.43,0.00,0.00,0.00,-7.96,-13.52,73,-1,1,151,-33.1,0.83,0.500,1.000
20.40,fly,917.78,9082.22,1.000,1,792.0,108.8,-773.6,191.6,-16.96,3.52,11,3,-1,0.6,0.6,-10.7,-5.4,1.00,-0.72,0.07,0.00,0.00,0.00,-7.60,-15.39,73,-1,1,152,-26.6,0.90,0.500,1.000
20.50,fly,920.22,9079.78,1.000,1,792.0,108.8,-772.0,191.2,-16.96,3.52,9,358,-1,0.6,0.6,-13.5,10.8,1.00,-0.54,0.23,0.00,0.00,0.00,-6.15,-16.20,73,-1,1,154,-26.6,0.90,0.500,1.000
20.60,fly,927.45,9072.55,1.000,1,788.8,109.2,-770.3,190.9,-14.17,0.71,7,358,-1,0.6,0.6,-14.0,24.0,1.00,-0.23,0.57,0.00,0.00,0.00,-4.18,-15.63,73,-1,1,156,-3.6,0.71,0.508,1.000
20.70,fly,932.35,9067.65,1.000,1,788.8,109.2,-768.8,190.8,-14.17,0.71,6,358,-1,0.6,0.6,-12.1,32.3,1.00,0.08,0.79,0.00,0.00,0.00,-2.17,-14.02,73,-1,1,158,-3.6,0.55,0.566,1.000
20.80,fly,934.84,9065.16,1.000,1,787.6,109.1,-767.6,190.9,-11.80,-0.41,5,358,-1,0.6,0.6,-8.1,34.9,0.83,0.33,0.85,0.00,0.00,0.00,-0.56,-11.79,73,-1,1,159,8.9,0.52,0.535,1.000
20.90,fly,939.94,9060.06,1.000,1,786.6,109.1,-766.6,190.9,-9.23,-0.97,5,4,-1,0.6,0.6,-3.0,31.5,-0.09,0.50,0.72,0.00,0.00,0.00,0.24,-9.28,73,-1,1,159,13.4,0.53,0.762,1.000
21.00,fly,947.77,9052.23,1.000,1,785.4,108.9,-765.9,191.0,-4.57,-0.47,4,4,-1,0.6,0.6,1.5,22.5,-1.00,0.55,0.42,0.00,0.00,0.00,0.42,-6.84,73,-1,1,159,15.4,0.55,0.500,1.000
21.10,fly,951.71,9048.29,1.000,1,785.0,108.9,-765.4,191.1,-3.36,0.16,4,4,-1,6.6,-5.4,4.5,9.6,-1.00,0.40,0.02,0.00,0.00,0.00,0.13,-4.59,73,-1,1,159,20.3,0.49,0.500,1.000
21.20,fly,956.98,9043.02,1.000,1,785.0,108.9,-765.0,191.1,-3.36,0.16,4,4,-1,12.6,-11.4,6.5,-3.2,-1.00,0.25,0.00,0.00,0.00,0.00,-0.41,-3.34,73,-1,1,159,20.3,0.39,0.500,1.000
21.30,fly,963.68,9036.32,1.000,1,784.2,109.1,-764.7,191.0,-5.01,1.24,6,16,-1,18.6,-10.3,8.0,-13.3,-1.00,0.11,0.18,0.00,0.00,0.00,-1.20,-3.50,73,-1,1,157,37.9,0.21,0.556,1.000
21.40,fly,969.23,9030.77,1.000,1,783.6,109.2,-764.2,190.9,-6.88,1.27,7,16,-1,20.7,-5.8,8.7,-18.5,-0.89,-0.03,0.34,0.00,0.00,0.00,-1.88,-4.81,73,-1,1,156,44.5,0.04,0.634,1.000
21.50,fly,972.08,9027.92,1.000,1,783.6,109.2,-763.6,190.8,-6.88,1.27,9,16,-1,14.7,0.2,8.3,-17.5,-0.05,-0.13,0.31,0.00,0.00,0.00,-2.29,-6.61,73,-1,1,155,44.5,-0.09,0.929,1.000
21.60,fly,980.91,9019.09,1.000,1,781.7,109.4,-762.7,190.7,-11.16,0.37,10,16,-1,8.7,0.5,6.6,-10.0,1.00,-0.26,0.06,0.00,0.00,0.00,-2.45,-8.67,73,-1,1,154,49.9,-0.17,0.500,1.000
21.70,fly,985.45,9014.55,1.000,1,781.7,109.4,-761.7,190.6,-11.16,0.37,13,34,-1,2.7,0.5,4.1,2.8,1.00,-0.35,0.00,0.00,0.00,0.00,-2.95,-10.77,73,-1,1,150,49.9,-0.20,0.500,1.000
21.80,fly,990.06,9009.94,1.000,1,780.5,109.4,-760.5,190.6,-12.13,0.18,16,34,-1,0.7,0.5,0.8,16.0,1.00,-0.48,0.20,0.00,0.00,0.00,-3.60,-11.58,73,-1,1,147,45.0,-0.10,0.500,1.000
21.90,fly,997.85,9002.15,1.000,1,779.3,109.4,-759.3,190.6,-11.18,0.77,19,34,-1,0.7,0.5,-3.4,26.7,1.00,-0.58,0.56,0.00,0.00,0.00,-4.30,-10.35,73,-1,1,145,39.7,0.01,0.500,1.000
22.00,fly,1002.61,8997.39,1.000,1,778.3,109.6,-758.3,190.4,-9.14,1.85,20,34,-1,0.7,0.5,-6.7,33.2,1.00,-0.47,0.79,0.00,0.00,0.00,-4.89,-7.94,73,-1,1,143,31.5,0.17,0.500,1.000
22.10,fly,1009.05,8990.95,1.000,1,777.6,109.9,-757.6,190.1,-6.64,3.08,22,42,-1,0.7,0.5,-7.6,34.7,0.71,-0.19,0.84,0.00,0.00,0.00,-5.38,-4.96,73,-1,1,141,26.5,0.27,0.641,1.000
22.20,fly,1018.89,8981.11,1.000,1,776.9,110.8,-757.1,189.7,-1.89,5.74,25,42,-1,0.7,0.5,-5.0,30.6,-0.17,0.20,0.70,0.00,0.00,0.00,-5.68,-1.97,73,-1,1,139,20.1,0.32,0.852,1.000
22.30,fly,1022.18,8977.82,1.000,1,776.9,110.8,-756.9,189.2,-1.89,5.74,27,42,-1,0.7,0.5,0.7,20.8,-1.00,0.68,0.36,0.00,0.00,0.00,-5.97,0.92,73,-1,1,137,20.1,0.40,0.500,1.000
22.40,fly,1031.96,8968.04,1.000,1,776.9,112.3,-756.8,188.5,0.46,8.32,29,42,-1,0.7,0.5,8.3,7.2,-1.00,1.00,0.03,0.00,0.00,0.00,-6.41,3.58,73,-1,1,134,11.2,0.46,0.500,1.000
22.50,fly,1038.35,8961.65,1.000,1,776.9,113.2,-756.9,187.7,-0.66,8.48,34,60,-1,0.7,0.5,16.7,-7.3,-1.00,1.00,0.27,0.00,0.00,0.00,-6.66,5.01,73,-1,1,130,7.0,0.58,0.500,1.000
22.60,fly,1041.56,8958.44,1.000,1,776.9,113.2,-756.9,186.8,-0.66,8.48,37,60,-1,0.7,0.5,24.8,-20.9,-1.00,1.00,0.70,0.00,0.00,0.00,-7.18,4.56,73,-1,1,127,7.0,0.60,0.500,1.000
22.70,fly,1048.04,8951.96,1.000,1,776.6,114.0,-756.6,186.0,-2.92,7.93,39,60,-1,0.7,0.5,30.5,-31.1,-1.00,1.00,1.00,0.00,0.00,0.00,-8.02,2.67,73,-1,1,125,5.7,0.33,0.500,1.000
22.80,fly,1058.08,8941.92,1.000,1,775.4,115.3,-756.1,185.3,-8.31,5.61,40,60,-1,0.7,0.5,31.8,-35.7,-0.98,0.56,1.00,0.00,0.00,0.00,-8.92,0.04,73,-1,1,124,14.4,0.30,0.500,1.000
22.90,fly,1065.00,8935.00,1.000,1,774.4,115.7,-755.4,184.7,-10.63,4.18,41,63,-1,0.7,0.5,27.5,-34.0,-0.23,-0.11,1.00,0.00,0.00,0.00,-9.69,-2.56,73,-1,1,122,14.2,0.33,0.862,1.000
23.00,fly,1068.52,8931.48,1.000,1,774.4,115.7,-754.4,184.3,-10.63,4.18,43,63,-1,0.7,0.5,17.6,-26.8,0.61,-0.90,0.69,0.00,0.00,0.00,-10.34,-4.87,73,-1,1,120,14.2,0.52,0.500,1.000
23.10,fly,1079.12,8920.88,1.000,1,771.8,116.2,-753.1,184.0,-13.80,1.08,46,63,-1,0.7,0.5,4.3,-15.4,1.00,-1.00,0.20,0.00,0.00,0.00,-10.87,-7.09,73,-1,1,117,-6.6,0.69,0.500,1.000
23.20,fly,1085.99,8914.01,1.000,1,770.4,116.2,-751.8,183.8,-13.32,0.47,49,63,-1,0.7,0.5,-9.5,-1.8,1.00,-1.00,0.00,0.00,0.00,0.00,-11.09,-8.29,73,-1,1,115,-12.4,0.90,0.500,1.000
23.30,fly,1092.61,8907.39,1.000,1,770.4,116.2,-750.4,183.8,-13.32,0.47,52,73,-1,0.7,0.5,-22.9,13.5,1.00,-1.00,0.53,0.00,0.00,0.00,-10.76,-7.86,73,-1,1,112,-12.4,0.74,0.500,1.000
23.40,fly,1099.07,8900.93,1.000,1,768.2,116.5,-749.2,183.7,-9.12,1.92,53,73,-1,0.7,0.5,-35.6,29.3,1.00,-1.00,1.00,0.00,0.00,0.00,-9.73,-6.29,73,-1,1,111,-15.3,0.30,0.500,1.000
23.50,fly,1105.47,8894.53,1.000,1,768.2,116.5,-748.2,183.5,-9.12,1.92,52,73,-1,0.7,0.5,-46.1,42.9,1.00,-1.00,1.00,0.00,0.00,0.00,-8.36,-4.11,73,-1,1,112,-15.3,0.30,0.500,1.000
23.55,fly,1105.47,8894.53,1.000,1,768.2,116.5,-748.2,183.5,-9.12,1.92,50,73,-1,0.7,0.5,-49.7,47.6,1.00,-1.00,1.00,0.00,0.00,0.00,-8.25,-4.34,73,-1,1,113,-15.3,0.30,0.500,1.000
23.60,fly,1110.30,8889.70,1.000,1,767.5,116.8,-747.5,183.2,-6.39,3.34,48,61,-1,0.7,0.5,-51.9,50.5,1.00,-0.98,1.00,0.00,0.00,0.00,-6.98,-1.82,73,-1,1,116,-8.6,0.30,0.500,1.000
23.70,fly,1118.43,8881.57,1.000,1,766.9,117.8,-747.1,182.8,-1.41,6.25,46,61,-1,0.7,0.5,-51.0,50.2,0.54,-0.48,1.00,0.00,0.00,0.00,-6.09,0.76,73,-1,1,118,6.7,0.30,0.594,1.000
23.80,fly,1124.96,8875.04,1.000,1,766.9,118.5,-746.9,182.2,1.03,7.82,45,61,-1,0.7,0.5,-43.1,42.3,-0.23,0.26,1.00,0.00,0.00,0.00,-5.42,3.42,73,-1,1,119,8.5,0.30,0.806,1.000
23.90,fly,1129.82,8870.18,1.000,1,766.9,118.5,-746.9,181.5,1.03,7.82,46,61,-1,0.7,0.5,-29.4,28.8,-1.00,1.00,0.94,0.00,0.00,0.00,-4.72,6.32,73,-1,1,118,8.5,0.39,0.500,1.000
24.00,fly,1134.55,8865.45,1.000,1,767.2,119.4,-747.2,180.6,3.49,9.47,50,76,-1,0.7,0.5,-13.6,13.8,-1.00,1.00,0.30,0.00,0.00,0.00,-3.43,9.49,73,-1,1,114,2.2,0.76,0.500,1.000
24.10,fly,1143.61,8856.39,1.000,1,768.2,121.5,-747.7,179.5,4.72,10.24,54,76,-1,0.7,0.5,1.6,-0.1,-1.00,1.00,0.00,0.00,0.00,0.00,-2.16,11.23,73,-1,1,110,-20.4,0.90,0.500,1.000
24.20,fly,1148.03,8851.97,1.000,1,768.2,121.5,-748.2,178.5,4.72,10.24,57,76,-1,0.7,0.5,15.1,-12.9,-1.00,1.00,0.32,0.00,0.00,0.00,-1.64,11.15,73,-1,1,107,-20.4,0.90,0.500,1.000
24.25,fly,1149.50,8850.50,1.000,1,768.5,122.5,-748.2,178.5,3.27,9.34,59,76,-1,0.7,0.5,21.0,-18.6,-1.00,1.00,0.57,0.00,0.00,0.00,-1.23,11.21,73,-1,1,105,-25.4,0.71,0.500,1.000
24.35,fly,1155.48,8844.52,1.000,1,768.7,123.3,-748.5,177.5,1.05,8.04,58,66,-1,0.7,0.5,30.1,-27.7,-1.00,1.00,0.93,0.00,0.00,0.00,-2.11,9.67,73,-1,1,105,-22.3,0.40,0.500,1.000
24.45,fly,1161.63,8838.37,1.000,1,768.6,124.0,-748.7,176.7,-1.47,6.67,57,66,-1,0.7,0.5,34.5,-31.6,-0.79,0.95,1.00,0.00,0.00,0.00,-3.44,7.34,73,-1,1,106,-14.5,0.30,0.500,1.000
24.55,fly,1167.97,8832.03,1.000,1,768.3,124.6,-748.6,176.0,-3.96,5.46,57,66,-1,0.7,0.5,33.5,-28.9,-0.02,0.29,1.00,0.00,0.00,0.00,-4.88,4.79,73,-1,1,107,-7.8,0.32,0.874,1.000
24.65,fly,1174.48,8825.52,1.000,1,767.7,125.0,-748.3,175.4,-6.44,4.45,57,66,-1,0.7,0.5,27.2,-20.0,0.82,-0.48,0.74,0.00,0.00,0.00,-6.28,2.46,73,-1,1,106,-2.9,0.57,0.500,1.000
24.75,fly,1181.12,8818.88,1.000,1,766.9,125.4,-747.7,175.0,-9.01,3.73,58,64,-1,0.7,0.5,16.6,-6.8,1.00,-1.00,0.26,0.00,0.00,0.00,-7.82,0.38,73,-1,1,105,-3.7,0.86,0.500,1.000
