t,phase,height,err,pwr,gps,x,z,ex,ez,vxw,vzw,hdg,rawhdg,mothdg,tp,tr,p,r,vx,vy,sched,fwdRaw,latRaw,vrtRaw,fwdH,latH,energy,fuel,sat,yerr,yrate,ydem,athr,amax,vv
0.00,climb,68.50,181.50,0.398,1,-1.1,-0.7,1.1,1200.7,0.00,0.00,100,100,-1,0.0,0.0,0.0,0.0,0.00,0.00,0.00,0.00,0.00,0.00,0.00,0.00,-1,-1,0,0,-0.0,0.00,0.398,0.398,0.00
0.10,climb,68.50,181.50,0.663,1,-1.1,-0.7,1.1,1200.7,-0.00,0.00,100,100,-1,0.0,0.0,0.0,0.0,-0.00,0.00,0.00,0.00,0.00,0.00,-0.00,0.00,-1,-1,0,0,-0.4,0.00,0.663,0.663,0.00
0.20,climb,68.50,181.50,0.938,1,-1.1,-0.7,1.1,1200.7,0.00,-0.00,100,100,-1,0.0,0.0,0.0,0.0,0.00,-0.00,0.00,0.00,0.00,0.00,-0.00,0.00,-1,-1,0,0,0.0,0.01,0.938,0.938,0.00
0.30,climb,68.50,181.50,1.000,1,-1.1,-0.7,1.1,1200.7,-0.00,0.00,100,100,-1,0.0,0.0,0.0,0.0,0.00,0.00,0.00,0.00,0.00,0.00,0.00,-0.00,-1,-1,1,-0,0.0,-0.00,1.000,1.000,0.00
0.40,climb,68.57,181.43,1.000,1,-1.1,-0.7,1.1,1200.7,-0.00,0.00,100,100,-1,0.0,0.0,0.0,0.0,0.00,0.00,0.00,0.00,0.00,0.00,-0.00,0.00,58,-1,1,-0,0.0,-0.00,1.000,1.000,0.35
0.50,climb,68.81,181.19,1.000,1,-1.1,-0.7,1.1,1200.7,-0.00,0.00,100,100,-1,0.0,0.0,0.1,0.1,0.01,0.01,0.00,0.00,0.00,0.00,-0.00,0.00,58,-1,1,-0,0.0,-0.00,1.000,1.000,1.84
0.60,climb,69.74,180.26,1.000,1,-1.1,-0.7,1.1,1200.7,-0.02,0.01,100,100,-1,0.0,0.0,0.2,0.2,0.01,0.02,0.00,0.00,0.00,0.00,-0.00,0.00,58,-1,1,-0,0.0,-0.00,1.000,1.000,4.44
0.70,climb,70.23,179.77,1.000,1,-1.1,-0.7,1.1,1200.7,-0.02,0.01,100,100,-1,0.0,0.0,0.3,0.3,0.02,0.02,0.00,0.00,0.00,0.00,-0.02,0.02,58,-1,1,-0,0.0,-0.00,1.000,1.000,8.03
0.80,climb,71.53,178.47,1.000,1,-1.1,-0.7,1.1,1200.7,-0.10,0.06,100,100,-1,0.0,0.0,0.5,0.5,0.03,0.03,0.00,0.00,0.00,0.00,-0.04,0.04,58,-1,1,-0,0.1,-0.00,1.000,1.000,11.97
0.90,climb,73.69,176.31,1.000,1,-1.1,-0.7,1.1,1200.7,-0.19,0.11,100,100,-1,0.0,0.0,0.8,0.7,0.04,0.05,0.00,0.00,0.00,0.00,-0.08,0.08,58,-1,1,-0,-0.1,-0.00,1.000,1.000,15.87
1.00,climb,75.27,174.73,1.000,1,-1.1,-0.7,1.1,1200.7,-0.19,0.11,100,100,-1,0.0,0.0,1.0,1.0,0.05,0.04,0.00,0.00,0.00,0.00,-0.16,0.14,58,-1,1,-0,-0.1,0.00,1.000,1.000,19.73
1.10,climb,77.72,172.28,1.000,1,-1.2,-0.6,1.2,1200.7,-0.61,0.36,100,100,-1,0.0,0.0,1.0,1.1,0.03,0.02,0.00,0.00,0.00,0.00,-0.33,0.27,58,-1,1,-0,-1.6,0.02,1.000,1.000,23.54
1.20,climb,80.54,169.46,1.000,1,-1.2,-0.6,1.2,1200.6,-0.61,0.36,100,100,-1,0.0,0.0,0.8,1.0,-0.00,-0.03,0.00,0.00,0.00,0.00,-0.54,0.46,58,-1,1,0,-1.6,0.03,1.000,1.000,27.30
1.30,climb,83.75,166.25,1.000,1,-1.4,-0.5,1.3,1200.6,-0.98,0.67,100,100,-1,0.0,0.0,0.3,0.7,-0.05,-0.07,0.00,0.00,0.00,0.00,-0.74,0.67,58,-1,1,0,-0.7,0.04,1.000,1.000,31.03
1.40,climb,89.25,160.75,1.000,1,-1.5,-0.5,1.4,1200.5,-0.96,0.74,100,100,-1,0.0,0.0,-0.3,0.1,-0.08,-0.09,0.00,0.00,0.00,0.00,-0.84,0.84,58,-1,1,0,0.7,0.02,1.000,1.000,34.73
1.50,climb,91.26,158.74,0.948,1,-1.5,-0.5,1.5,1200.5,-0.96,0.74,100,100,-1,0.0,0.0,-0.8,-0.5,-0.09,-0.08,0.00,0.00,0.00,0.00,-0.81,0.89,58,-1,1,0,0.7,-0.01,0.948,1.000,38.38
1.60,climb,96.68,153.32,0.739,1,-1.6,-0.3,1.6,1200.4,-0.53,0.53,100,100,-1,0.0,0.0,-1.0,-0.9,-0.07,-0.05,0.00,0.00,0.00,0.00,-0.66,0.80,58,-1,0,0,2.2,-0.03,0.739,0.784,42.00
1.70,climb,100.18,149.82,0.545,1,-1.6,-0.3,1.6,1200.3,-0.53,0.53,100,100,-1,0.0,0.0,-0.8,-0.8,-0.01,0.03,0.00,0.00,0.00,0.00,-0.42,0.62,58,-1,0,0,2.2,-0.04,0.545,0.558,45.45
1.80,climb,105.04,144.96,0.367,1,-1.7,-0.3,1.7,1200.3,-0.28,0.37,100,100,-1,0.0,0.0,-0.2,-0.4,0.07,0.09,0.00,0.00,0.00,0.00,-0.21,0.42,58,-1,0,0,2.5,-0.05,0.367,0.433,48.20
1.90,climb,110.03,139.97,0.239,1,-1.7,-0.3,1.7,1200.3,-0.13,0.26,100,100,-1,0.0,0.0,0.6,0.5,0.13,0.13,0.00,0.00,0.00,0.00,-0.08,0.28,58,-1,0,0,2.6,-0.05,0.239,0.341,49.83
2.00,climb,115.07,134.93,0.154,1,-1.7,-0.2,1.7,1200.2,-0.19,0.26,100,101,-1,0.0,0.0,1.3,1.3,0.14,0.12,0.00,0.00,0.00,0.00,-0.08,0.25,58,-1,0,0,1.6,-0.04,0.154,0.256,50.51
2.10,climb,121.33,128.67,0.097,1,-1.7,-0.2,1.7,1200.2,-0.28,0.32,100,101,-1,0.0,0.0,1.7,1.8,0.10,0.08,0.00,0.00,0.00,0.00,-0.14,0.29,58,-1,0,-0,1.3,-0.03,0.097,0.167,50.37
2.20,climb,126.25,123.75,0.079,1,-1.8,-0.2,1.7,1200.2,-0.37,0.37,100,101,-1,0.0,0.0,1.8,2.1,0.06,0.03,0.00,0.00,0.00,0.00,-0.22,0.36,58,-1,0,-0,0.9,-0.03,0.079,0.118,49.64
2.30,climb,129.86,120.14,0.085,1,-1.8,-0.2,1.8,1200.2,-0.37,0.37,100,101,-1,0.0,0.0,1.8,2.3,0.05,0.01,0.00,0.00,0.00,0.00,-0.29,0.43,58,-1,0,-0,0.9,-0.02,0.085,0.108,48.68
2.40,climb,134.59,115.41,0.091,1,-1.8,-0.1,1.8,1200.1,-0.43,0.42,101,101,-1,0.0,0.0,1.7,2.3,0.04,0.01,0.00,0.00,0.00,0.00,-0.34,0.49,58,-1,0,-0,0.6,-0.02,0.091,0.108,47.50
2.50,climb,139.18,110.82,0.102,1,-1.9,-0.0,1.9,1200.1,-0.51,0.49,101,101,-1,0.0,0.0,1.6,2.4,0.03,-0.00,0.00,0.00,0.00,0.00,-0.38,0.54,58,-1,0,-1,0.5,-0.02,0.102,0.114,46.25
2.60,climb,143.65,106.35,0.115,1,-2.0,0.0,1.9,1200.0,-0.53,0.53,101,101,-1,0.0,0.0,1.4,2.3,0.02,-0.01,0.00,0.00,0.00,0.00,-0.41,0.58,58,-1,0,-1,0.3,-0.02,0.115,0.126,44.98
2.70,climb,148.00,102.00,0.129,1,-2.0,0.0,2.0,1200.0,-0.53,0.53,101,101,-1,0.0,0.0,1.1,2.2,0.01,-0.02,0.00,0.00,0.00,0.00,-0.42,0.62,58,-1,0,-1,0.3,-0.02,0.129,0.140,43.72
2.80,climb,152.22,97.78,0.143,1,-2.0,0.1,2.0,1199.9,-0.55,0.55,101,101,-1,0.0,0.0,0.9,2.0,-0.00,-0.03,0.00,0.00,0.00,0.00,-0.44,0.65,58,-1,0,-1,0.1,-0.02,0.143,0.155,42.48
2.90,climb,157.34,92.66,0.141,1,-2.1,0.1,2.1,1199.9,-0.57,0.58,101,101,-1,0.0,0.0,0.7,1.8,-0.01,-0.02,0.00,0.00,0.00,0.00,-0.45,0.67,58,-1,0,-1,0.1,-0.02,0.141,0.152,41.34
3.00,climb,161.33,88.67,0.145,1,-2.2,0.3,2.1,1199.8,-0.58,0.62,101,101,-1,0.0,0.0,0.7,1.6,-0.01,0.01,0.00,0.00,0.00,0.00,-0.45,0.70,58,-1,0,-1,-0.1,-0.02,0.145,0.153,40.34
3.10,climb,164.25,85.75,0.157,1,-2.2,0.3,2.2,1199.7,-0.58,0.62,101,101,-1,0.0,0.0,0.8,1.5,-0.01,0.03,0.00,0.00,0.00,0.00,-0.45,0.72,58,-1,0,-1,-0.1,-0.02,0.157,0.170,39.38
3.20,climb,168.08,81.92,0.153,1,-2.3,0.3,2.3,1199.7,-0.59,0.63,101,101,-1,0.0,0.0,1.0,1.3,-0.00,0.04,0.00,0.00,0.00,0.00,-0.46,0.73,58,-1,0,-1,-0.1,-0.02,0.153,0.169,38.51
3.30,climb,172.76,77.24,0.136,1,-2.4,0.5,2.3,1199.6,-0.62,0.65,101,101,-1,0.0,0.0,1.1,1.2,-0.00,0.04,0.00,0.00,0.00,0.00,-0.46,0.75,58,-1,0,-1,-0.4,-0.02,0.136,0.152,37.71
3.40,climb,177.30,72.70,0.117,1,-2.4,0.5,2.4,1199.5,-0.64,0.65,101,101,-1,0.0,0.0,1.3,1.1,-0.00,0.04,0.00,0.00,0.00,0.00,-0.48,0.76,58,-1,0,-1,-0.7,-0.01,0.117,0.134,36.92
3.50,dash,179.08,70.92,0.184,1,-2.4,0.5,2.4,1199.5,-0.64,0.65,101,101,-1,-2.0,2.0,1.3,1.0,-0.02,0.04,0.00,0.00,0.00,0.00,-0.50,0.76,58,-1,0,-1,-0.7,-0.01,0.184,0.210,36.07
3.60,dash,184.28,65.72,0.165,1,-2.6,0.7,2.5,1199.4,-0.68,0.64,101,101,-1,-4.0,4.0,1.2,0.9,-0.04,0.04,0.00,0.00,0.00,0.00,-0.52,0.76,58,-1,0,-1,-1.1,-0.01,0.165,0.196,35.09
3.70,dash,185.98,64.02,0.184,1,-2.6,0.7,2.6,1199.3,-0.71,0.63,101,101,-1,-6.0,6.0,1.0,0.9,-0.04,0.04,0.00,0.00,0.00,0.00,-0.54,0.76,58,-1,0,-1,-1.3,0.00,0.184,0.219,34.20
3.80,dash,189.31,60.69,0.130,1,-2.7,0.8,2.6,1199.3,-0.73,0.62,101,101,-1,-5.9,8.0,0.8,1.0,-0.06,0.03,0.00,0.00,0.00,0.00,-0.57,0.75,58,-1,0,-1,-1.3,0.01,0.130,0.164,33.50
3.90,dash,192.58,57.42,0.076,1,-2.7,0.8,2.7,1199.2,-0.73,0.62,101,101,-1,-5.9,10.0,0.4,1.2,-0.06,0.01,0.00,0.00,0.00,0.00,-0.59,0.75,58,-1,0,-1,-1.3,0.01,0.076,0.105,32.78
4.00,dash,197.32,52.68,0.000,1,-2.9,0.9,2.8,1199.2,-0.73,0.59,101,101,-1,-5.8,12.0,-0.1,1.5,-0.05,-0.00,0.00,0.00,0.00,0.00,-0.61,0.73,58,-1,1,-1,-1.5,0.02,0.000,0.000,32.03
4.10,dash,198.84,51.16,0.000,1,-2.9,0.9,2.9,1199.1,-0.73,0.59,101,101,-1,-5.7,14.0,-0.5,2.0,-0.05,-0.01,0.00,0.00,0.00,0.00,-0.61,0.72,58,-1,1,-0,-1.5,0.02,0.000,0.000,30.98
4.20,dash,203.23,46.77,0.000,1,-3.0,1.0,2.9,1199.0,-0.70,0.60,101,101,-1,-5.7,16.0,-0.9,2.4,-0.07,-0.01,0.00,0.00,0.00,0.00,-0.59,0.72,58,-1,1,-0,-1.3,0.02,0.000,0.000,29.81
4.30,dash,205.33,44.67,0.000,1,-3.1,1.1,3.0,1199.0,-0.68,0.61,101,101,-1,-5.6,18.0,-1.3,2.9,-0.08,-0.02,0.00,0.00,0.00,0.00,-0.57,0.72,58,-1,1,-0,-1.3,0.02,0.000,0.000,28.68
4.40,dash,207.37,42.63,0.000,1,-3.1,1.1,3.1,1198.9,-0.65,0.62,101,100,-1,-5.5,20.0,-1.8,3.5,-0.09,-0.02,0.00,0.00,0.00,0.00,-0.55,0.72,58,-1,1,-0,-1.2,0.03,0.000,0.000,27.49
4.50,dash,209.96,40.04,0.000,1,-3.2,1.2,3.1,1198.9,-0.63,0.63,101,100,-1,-5.5,22.0,-2.2,4.1,-0.10,-0.02,0.00,0.00,0.00,0.00,-0.53,0.73,58,-1,1,0,-1.2,0.03,0.000,0.000,26.25
4.60,dash,212.43,37.57,0.000,1,-3.2,1.2,3.2,1198.8,-0.63,0.63,101,100,-1,-5.4,24.0,-2.6,4.7,-0.11,-0.03,0.00,0.00,0.00,0.00,-0.50,0.73,58,-1,1,0,-1.2,0.03,0.000,0.000,24.96
4.70,dash,215.33,34.67,0.000,1,-3.3,1.3,3.3,1198.7,-0.58,0.66,100,100,-1,-5.3,26.0,-2.9,5.3,-0.12,-0.03,0.00,0.00,0.00,0.00,-0.48,0.74,58,-1,1,0,-1.1,0.03,0.000,0.000,23.62
4.80,dash,217.49,32.51,0.000,1,-3.4,1.4,3.3,1198.7,-0.56,0.67,100,99,-1,-5.3,28.0,-3.3,5.9,-0.14,-0.03,0.00,0.00,0.00,0.00,-0.46,0.75,58,-1,1,0,-1.0,0.03,0.000,0.000,22.29
4.90,dash,219.03,30.97,0.000,1,-3.4,1.4,3.4,1198.6,-0.56,0.67,100,99,-1,-5.2,29.5,-3.7,6.4,-0.15,-0.03,0.00,0.00,0.00,0.00,-0.44,0.76,58,-1,1,1,-1.0,0.03,0.000,0.000,20.98
5.00,dash,221.43,28.57,0.001,1,-3.5,1.5,3.4,1198.5,-0.52,0.70,100,99,-1,-5.2,29.5,-4.0,7.0,-0.15,-0.03,0.00,0.00,0.00,0.00,-0.41,0.77,58,-1,1,1,-0.9,0.03,0.001,0.002,19.67
5.10,dash,222.78,27.22,0.033,1,-3.5,1.5,3.5,1198.5,-0.52,0.70,100,99,-1,-5.1,29.6,-4.4,7.6,-0.15,-0.04,0.00,0.00,0.00,0.00,-0.39,0.78,58,-1,1,1,-0.9,0.03,0.033,0.065,18.38
5.20,dash,224.46,25.54,0.055,1,-3.5,1.6,3.5,1198.4,-0.49,0.71,100,99,-1,-5.1,29.6,-4.7,8.1,-0.15,-0.04,0.00,0.00,0.00,0.00,-0.37,0.79,58,-1,1,1,-0.9,0.03,0.055,0.110,17.10
5.30,dash,226.01,23.99,0.080,1,-3.6,1.8,3.6,1198.3,-0.45,0.74,99,99,-1,-5.0,29.6,-5.0,8.6,-0.15,-0.04,0.00,0.00,0.00,0.00,-0.35,0.80,58,-1,0,1,-0.8,0.03,0.080,0.155,15.83
5.40,dash,227.78,22.22,0.092,1,-3.7,1.8,3.6,1198.2,-0.43,0.76,99,99,-1,-5.0,29.6,-5.4,9.2,-0.15,-0.04,0.02,0.00,0.00,0.00,-0.33,0.80,58,-1,0,1,-0.7,0.04,0.092,0.168,14.57
5.50,dash,228.74,21.26,0.124,1,-3.7,1.9,3.7,1198.2,-0.40,0.78,99,99,-1,-4.9,29.6,-5.6,9.7,-0.14,-0.04,0.04,0.00,0.00,0.00,-0.31,0.81,58,-1,0,1,-0.6,0.04,0.124,0.197,13.36
5.60,dash,230.50,19.50,0.133,1,-3.7,2.0,3.7,1198.1,-0.36,0.81,99,99,-1,-4.9,29.6,-5.9,10.4,-0.12,-0.04,0.06,0.00,0.00,0.00,-0.28,0.83,58,-1,0,1,-0.4,0.03,0.133,0.198,12.22
5.70,dash,231.03,18.97,0.169,1,-3.7,2.0,3.7,1198.0,-0.36,0.81,99,99,-1,-4.9,29.6,-6.2,11.3,-0.09,-0.04,0.09,0.00,0.00,0.00,-0.24,0.85,58,-1,0,1,-0.4,0.03,0.169,0.220,11.18
5.80,dash,232.26,17.74,0.185,1,-3.8,2.2,3.8,1197.9,-0.25,0.92,98,99,-1,-4.9,29.6,-6.4,12.5,-0.04,-0.04,0.13,0.00,0.00,0.00,-0.19,0.89,58,-1,0,1,0.2,0.02,0.185,0.216,10.22
5.90,dash,233.15,16.85,0.250,1,-3.8,2.3,3.8,1197.8,-0.18,1.04,98,99,-1,-4.9,29.6,-6.5,14.0,0.02,-0.02,0.18,0.00,0.00,0.00,-0.12,0.95,58,-1,0,1,0.5,0.02,0.250,0.266,9.42
6.00,dash,233.78,16.22,0.250,1,-3.8,2.3,3.8,1197.7,-0.18,1.04,98,99,-1,-5.1,31.3,-6.4,15.8,0.06,0.00,0.23,0.00,0.00,0.00,-0.03,1.06,58,-1,0,1,0.5,0.01,0.250,0.276,8.77
6.10,dash,234.57,15.43,0.250,1,-3.8,2.5,3.8,1197.6,-0.04,1.51,98,99,-1,-5.6,33.3,-6.3,17.8,0.09,0.02,0.29,0.00,0.00,0.00,0.06,1.22,58,-1,0,1,1.5,-0.00,0.250,0.292,8.27
6.20,dash,235.54,14.46,0.250,1,-3.8,2.7,3.8,1197.5,0.02,1.91,98,99,-1,-5.9,35.3,-6.1,19.9,0.08,0.03,0.35,0.00,0.00,0.00,0.17,1.50,58,-1,0,1,1.8,-0.01,0.250,0.295,8.04
6.30,dash,236.11,13.89,0.250,1,-3.8,2.7,3.8,1197.3,0.02,1.91,98,99,-1,-6.2,36.2,-5.8,21.7,0.06,0.04,0.41,0.00,0.00,0.00,0.27,1.89,58,-1,0,1,1.8,-0.02,0.250,0.289,7.96
6.40,dash,236.87,13.13,0.250,1,-3.8,3.2,3.8,1197.1,0.05,2.83,98,100,-1,-6.4,37.1,-5.6,23.4,0.03,0.05,0.46,0.00,0.00,0.00,0.37,2.33,58,-1,0,1,1.8,-0.03,0.250,0.279,7.89
6.50,dash,237.61,12.39,0.250,1,-3.8,3.2,3.8,1196.8,0.05,2.83,98,100,-1,-6.7,38.0,-5.4,24.9,0.00,0.04,0.51,0.00,0.00,0.00,0.45,2.79,58,-1,0,0,1.8,-0.03,0.250,0.267,7.77
6.60,dash,238.53,11.47,0.250,1,-3.8,3.9,3.8,1196.5,-0.02,3.79,98,100,-1,-7.0,39.0,-5.3,26.2,-0.02,0.03,0.55,0.00,0.00,0.00,0.49,3.26,58,-1,0,0,1.2,-0.03,0.250,0.272,7.59
6.70,dash,239.07,10.93,0.250,1,-3.8,3.9,3.8,1196.1,-0.02,3.79,98,100,-1,-7.2,39.7,-5.4,27.4,-0.04,0.01,0.59,0.00,0.00,0.00,0.53,3.75,58,-1,0,0,1.2,-0.02,0.250,0.269,7.43
6.80,dash,240.11,9.89,0.250,1,-3.8,4.8,3.8,1195.7,-0.11,4.78,99,102,-1,-7.4,40.9,-5.7,28.7,-0.04,-0.00,0.63,0.00,0.00,0.00,0.58,4.26,58,-1,0,0,-0.2,-0.01,0.250,0.267,7.29
6.90,dash,240.62,9.38,0.250,1,-3.9,5.3,3.8,1195.2,-0.14,5.27,99,102,-1,-7.5,41.5,-6.0,30.0,-0.02,-0.02,0.68,0.00,0.00,0.00,0.63,4.74,58,-1,0,0,-0.9,0.01,0.250,0.265,7.10
7.00,dash,241.11,8.89,0.250,1,-3.9,5.3,3.9,1194.7,-0.14,5.27,99,102,-1,-7.6,42.2,-6.3,31.4,-0.00,-0.01,0.73,0.00,0.00,0.00,0.68,5.23,58,-1,0,0,-0.9,0.02,0.250,0.256,6.90
7.10,dash,241.74,8.26,0.250,1,-3.9,6.5,3.9,1194.2,-0.18,6.23,99,102,-1,-7.6,43.0,-6.6,33.0,0.01,-0.01,0.78,0.00,0.00,0.00,0.75,5.71,58,-1,0,0,-1.5,0.03,0.250,0.260,6.68
7.20,dash,242.34,7.66,0.250,1,-3.9,6.5,3.9,1193.5,-0.18,6.23,99,101,-1,-7.7,43.8,-6.9,34.5,0.02,-0.01,0.83,0.00,0.00,0.00,0.80,6.18,58,-1,0,1,-1.5,0.04,0.250,0.263,6.39
7.30,dash,242.91,7.09,0.250,1,-3.9,7.1,3.9,1192.9,-0.20,6.73,99,101,-1,-7.7,44.5,-7.2,36.1,0.03,-0.01,0.88,0.00,0.00,0.00,0.85,6.68,58,-1,0,1,-1.6,0.05,0.250,0.267,6.09
7.40,dash,243.58,6.42,0.250,1,-4.0,8.6,3.9,1192.2,-0.24,7.80,99,101,-1,-7.7,45.3,-7.4,37.6,0.03,-0.01,0.93,0.00,0.00,0.00,0.91,7.19,58,-1,0,1,-1.4,0.05,0.250,0.270,5.78
7.50,dash,243.95,6.05,0.250,1,-4.0,8.6,4.0,1191.4,-0.24,7.80,99,101,-1,-7.7,45.9,-7.7,39.1,0.03,-0.01,0.98,0.00,0.00,0.00,0.96,7.75,58,-1,0,1,-1.4,0.05,0.250,0.268,5.48
7.60,dash,244.43,5.57,0.250,1,-4.0,9.4,4.0,1190.6,-0.27,8.41,99,101,-1,-7.7,46.6,-7.8,40.5,0.02,-0.01,1.00,0.00,0.00,0.00,1.01,8.36,58,-1,0,1,-1.1,0.04,0.250,0.261,5.20
7.70,dash,244.88,5.12,0.250,1,-4.0,10.3,4.0,1189.7,-0.30,9.03,99,101,-1,-7.8,47.3,-7.9,41.7,0.01,-0.00,1.00,0.00,0.00,0.00,1.06,8.98,58,-1,0,1,-0.6,0.03,0.250,0.254,4.91
7.80,dash,245.30,4.70,0.250,1,-4.1,12.3,4.0,1188.7,-0.36,10.23,98,101,-1,-7.9,47.9,-8.1,42.9,0.01,-0.00,1.00,0.00,0.00,0.00,1.10,9.59,58,-1,0,1,0.4,0.02,0.250,0.253,4.59
7.90,dash,245.78,4.22,0.250,1,-4.1,13.3,4.1,1187.7,-0.40,10.81,98,101,-1,-8.0,48.5,-8.2,44.1,0.01,-0.00,1.00,0.00,0.00,0.00,1.12,10.17,58,-1,0,1,0.6,0.02,0.250,0.254,4.22
8.00,dash,246.03,3.97,0.250,1,-4.1,13.3,4.1,1186.7,-0.40,10.81,98,102,-1,-8.2,49.0,-8.4,45.2,0.01,-0.00,1.00,0.00,0.00,0.00,1.19,10.75,58,-1,0,1,0.6,0.01,0.250,0.257,3.85
8.10,dash,246.34,3.66,0.250,1,-4.2,14.5,4.2,1185.5,-0.44,11.39,99,102,-1,-8.3,49.4,-8.6,46.3,0.02,-0.01,1.00,0.00,0.00,0.00,1.25,11.33,58,-1,0,1,0.8,0.00,0.250,0.260,3.47
8.20,dash,246.67,3.33,0.250,1,-4.3,16.9,4.2,1184.4,-0.53,12.57,99,102,-1,-8.5,49.9,-8.8,47.4,0.03,-0.01,1.00,0.00,0.00,0.00,1.30,11.92,58,-1,0,1,0.9,0.00,0.250,0.264,3.09
8.30,dash,246.83,3.17,0.250,1,-4.3,18.2,4.3,1183.1,-0.59,13.17,99,102,-1,-8.7,50.3,-9.0,48.6,0.04,-0.01,1.00,0.00,0.00,0.00,1.33,12.51,58,-1,0,1,0.9,-0.00,0.250,0.269,2.71
8.40,dash,247.06,2.94,0.267,1,-4.4,19.5,4.3,1181.8,-0.65,13.80,99,104,-1,-8.8,50.7,-9.2,49.7,0.05,-0.01,1.00,0.00,0.00,0.00,1.46,13.10,58,-1,0,1,0.8,-0.00,0.267,0.291,2.32
8.50,dash,247.21,2.79,0.291,1,-4.5,21.0,4.4,1180.5,-0.73,14.50,99,104,-1,-9.0,51.0,-9.4,50.8,0.06,-0.00,1.00,0.00,0.00,0.00,1.57,13.72,58,-1,0,1,0.8,-0.00,0.291,0.315,1.94
8.60,dash,247.30,2.70,0.314,1,-4.5,21.0,4.5,1179.0,-0.73,14.50,99,104,-1,-9.2,51.3,-9.5,51.7,0.04,0.00,1.00,0.00,0.00,0.00,1.67,14.42,58,-1,0,1,0.8,-0.00,0.314,0.331,1.59
8.70,dash,247.42,2.58,0.334,1,-4.6,24.1,4.5,1177.5,-0.93,16.20,100,104,-1,-9.4,51.7,-9.6,52.5,0.03,0.00,1.00,0.00,0.00,0.00,1.76,15.23,58,-1,0,1,0.7,-0.01,0.334,0.347,1.31
8.80,dash,247.48,2.52,0.360,1,-4.6,24.1,4.6,1175.9,-0.93,16.20,100,107,-1,-9.6,52.0,-9.7,53.3,0.03,0.00,1.00,0.00,0.00,0.00,2.02,16.10,58,-1,0,0,0.7,-0.01,0.360,0.372,1.07
8.90,dash,247.54,2.46,0.390,1,-4.7,25.8,4.7,1174.2,-1.05,17.15,101,107,-1,-9.8,52.4,-9.7,53.8,0.00,0.01,1.00,0.00,0.00,0.00,2.27,17.03,58,-1,0,0,0.7,-0.01,0.390,0.395,0.87
9.00,dash,247.63,2.37,0.420,1,-5.0,29.5,4.8,1172.4,-1.35,19.37,102,107,-1,-10.0,52.8,-9.7,54.3,-0.01,0.01,1.00,0.00,0.00,0.00,2.52,18.08,58,-1,0,0,0.6,-0.01,0.420,0.428,0.77
9.10,dash,247.66,2.34,0.450,1,-5.0,29.5,5.0,1170.5,-1.35,19.37,102,107,-1,-10.2,53.2,-9.7,54.7,-0.01,0.01,1.00,0.00,0.00,0.00,2.78,19.21,58,-1,0,0,0.6,-0.01,0.450,0.459,0.73
9.20,dash,247.74,2.26,0.480,1,-5.3,33.7,5.1,1168.5,-1.74,22.01,103,109,-1,-10.5,53.6,-9.6,55.2,-0.01,0.02,1.00,0.00,0.00,0.00,3.23,20.41,58,-1,0,0,0.5,-0.01,0.480,0.489,0.77
9.30,dash,247.80,2.20,0.510,1,-5.5,36.0,5.3,1166.3,-1.97,23.51,104,109,-1,-10.8,54.1,-9.6,55.7,-0.00,0.02,1.00,0.00,0.00,0.00,3.70,21.76,58,-1,0,0,0.4,-0.01,0.510,0.518,0.93
9.40,dash,247.91,2.09,0.540,1,-5.5,36.0,5.5,1164.0,-1.97,23.51,105,109,-1,-11.2,54.6,-9.5,56.2,0.00,0.02,1.00,0.00,0.00,0.00,4.17,23.22,58,-1,0,-0,0.4,-0.01,0.540,0.550,1.15
9.50,dash,248.08,1.92,0.570,1,-5.9,41.1,5.7,1161.5,-2.53,26.91,106,109,-1,-11.6,55.3,-9.5,56.8,0.01,0.02,1.00,0.00,0.00,0.00,4.66,24.84,58,-1,0,-0,0.3,-0.01,0.570,0.583,1.48
9.60,dash,248.22,1.78,0.600,1,-5.9,41.1,5.9,1158.9,-2.53,26.91,107,111,-1,-12.0,56.0,-9.4,57.4,0.01,0.02,1.00,0.00,0.00,0.00,5.48,26.46,58,-1,0,-0,0.3,-0.01,0.600,0.614,1.84
9.70,dash,248.44,1.56,0.600,1,-6.5,47.0,6.2,1156.1,-3.21,30.77,108,111,-1,-12.5,56.7,-9.4,57.9,0.01,0.03,1.00,0.00,0.00,0.00,6.31,28.24,58,-1,0,-0,0.2,-0.01,0.600,0.615,2.29
9.80,dash,248.86,1.14,0.600,1,-6.5,47.0,6.5,1153.0,-3.21,30.77,109,111,-1,-13.1,57.7,-9.5,58.6,0.02,0.02,1.00,0.00,0.00,0.00,7.15,30.10,58,-1,0,-0,0.2,-0.01,0.600,0.616,2.78
9.90,dash,249.11,0.89,0.600,1,-7.3,53.6,6.9,1149.8,-3.98,34.89,110,111,-1,-13.7,58.5,-9.7,59.3,0.03,0.02,1.00,0.00,0.00,0.00,7.98,32.05,58,-1,0,-1,0.1,-0.01,0.600,0.618,3.30
10.00,dash,249.49,0.51,0.600,1,-7.7,57.3,7.3,1146.4,-4.37,36.95,112,114,-1,-14.4,59.5,-10.1,60.1,0.04,0.01,1.00,0.00,0.00,0.00,9.12,33.91,58,-1,0,-1,-0.0,-0.02,0.600,0.620,3.79
10.10,dash,249.91,0.09,0.600,1,-8.2,61.1,7.7,1142.7,-4.75,39.01,113,114,-1,-15.1,60.4,-10.5,60.9,0.03,0.01,1.00,0.00,0.00,0.00,10.21,35.78,58,-1,0,-1,-0.2,-0.02,0.600,0.617,4.24
10.20,dash,250.37,-0.37,0.600,1,-8.7,65.2,8.2,1138.9,-5.12,41.08,114,114,-1,-15.9,61.5,-10.8,61.6,0.01,0.02,1.00,0.00,0.00,0.00,11.27,37.65,58,-1,0,-1,-0.9,-0.01,0.600,0.610,4.65
10.30,dash,250.87,-0.87,0.600,1,-9.2,69.4,8.7,1134.8,-5.49,43.15,114,114,-1,-16.6,62.5,-10.9,62.1,-0.03,0.03,1.00,0.00,0.00,0.00,12.32,39.52,58,-1,0,-1,-1.7,-0.00,0.600,0.622,5.01
10.40,dash,251.41,-1.41,0.600,1,-9.8,73.9,9.2,1130.6,-5.85,45.20,115,114,-1,-17.3,63.6,-10.9,62.5,-0.04,0.03,1.00,0.00,0.00,0.00,13.42,41.37,58,-1,0,-1,-2.4,0.02,0.600,0.632,5.35
10.50,dash,251.83,-1.83,0.600,1,-9.8,73.9,9.8,1126.1,-5.85,45.20,116,114,-1,-17.9,64.6,-11.0,63.0,-0.05,0.03,1.00,0.00,0.00,0.00,14.52,43.20,58,-1,0,-1,-2.4,0.03,0.600,0.633,5.67
10.60,dash,252.56,-2.56,0.600,1,-11.0,83.5,10.4,1121.4,-6.52,49.25,117,114,-1,-18.6,65.9,-11.1,63.6,-0.03,0.03,1.00,0.00,0.00,0.00,15.62,45.01,58,-1,0,-1,-2.2,0.04,0.600,0.625,5.98
10.70,dash,253.17,-3.17,0.600,1,-11.7,88.5,11.0,1116.5,-6.84,51.26,117,114,-1,-19.4,67.0,-11.5,64.6,0.02,0.03,1.00,0.00,0.00,0.00,16.69,46.79,58,-1,0,-1,-1.3,0.03,0.600,0.617,6.30
10.80,dash,253.64,-3.64,0.570,1,-11.7,88.5,11.7,1111.5,-6.84,51.26,117,112,-1,-20.0,67.1,-12.5,65.9,0.08,0.01,1.00,0.00,0.00,0.00,17.24,48.75,58,-1,0,-1,-1.3,0.01,0.570,0.605,6.60
10.90,dash,254.44,-4.44,0.540,1,-13.2,99.3,12.4,1106.2,-7.41,55.31,117,112,-1,-20.8,66.9,-14.2,67.4,0.13,-0.01,1.00,0.00,0.00,0.00,17.51,50.83,58,-1,0,-1,1.4,-0.02,0.540,0.596,6.84
11.00,dash,254.93,-4.93,0.510,1,-13.9,105.0,13.2,1100.7,-7.61,57.24,116,112,-1,-21.6,66.6,-16.5,69.0,0.17,-0.02,1.00,0.00,0.00,0.00,17.23,53.08,58,-1,0,-1,2.1,-0.05,0.510,0.587,6.97
11.10,dash,255.73,-5.73,0.480,1,-14.7,110.8,13.9,1095.0,-7.73,59.01,114,112,-1,-22.5,66.3,-19.1,70.4,0.17,-0.03,1.00,0.00,0.00,0.00,16.13,55.45,58,-1,0,-2,2.1,-0.07,0.480,0.558,6.91
11.20,dash,256.36,-6.36,0.450,1,-14.7,110.8,14.7,1089.2,-7.73,59.01,109,108,-1,-23.2,66.0,-21.4,71.3,0.12,-0.02,1.00,0.00,0.00,0.00,12.24,58.24,58,-1,0,-2,2.1,-0.08,0.450,0.507,6.65
11.30,dash,256.96,-6.96,0.420,1,-16.2,123.0,15.5,1083.2,-7.78,62.27,105,108,-1,-23.8,65.8,-22.7,71.6,0.04,-0.00,1.00,0.00,0.00,0.00,8.00,60.66,58,-1,0,-2,-0.3,-0.06,0.420,0.437,6.26
11.40,dash,257.40,-7.40,0.390,1,-17.0,129.4,16.2,1077.0,-7.71,63.65,101,108,-1,-24.0,65.4,-22.9,71.3,-0.05,0.02,1.00,0.00,0.00,0.00,4.08,62.62,58,-1,0,-2,-1.7,-0.03,0.390,0.415,5.81
11.50,dash,258.07,-8.07,0.360,1,-17.0,129.4,17.0,1070.6,-7.71,63.65,98,108,-1,-24.1,65.7,-22.4,70.7,-0.11,0.03,1.00,0.00,0.00,0.00,0.97,64.10,58,-1,0,-2,-1.7,-0.00,0.360,0.416,5.34
11.60,dash,258.45,-8.45,0.330,1,-17.8,135.8,17.8,1064.2,-7.61,64.87,92,98,-1,-23.4,64.3,-21.5,70.0,-0.10,0.04,1.00,0.00,0.00,0.00,-5.43,65.09,58,-1,0,-1,-2.8,0.03,0.330,0.384,4.91
11.70,dash,258.90,-8.90,0.300,1,-18.5,142.4,18.5,1057.6,-7.48,65.87,87,98,-1,-23.2,65.0,-20.9,69.6,-0.07,0.04,1.00,0.00,0.00,0.00,-10.87,65.39,58,-1,0,-1,-3.3,0.05,0.300,0.344,4.51
11.80,dash,259.30,-9.30,0.270,1,-19.3,149.0,19.3,1051.0,-7.32,66.64,83,98,-1,-22.9,65.9,-20.5,69.6,-0.03,0.03,1.00,0.00,0.00,0.00,-15.45,65.24,58,-1,0,-0,-3.5,0.06,0.270,0.295,4.13
11.90,dash,259.65,-9.65,0.250,1,-20.0,155.8,20.0,1044.2,-7.14,67.29,79,98,-1,-22.5,66.3,-20.7,69.9,0.02,0.02,1.00,0.00,0.00,0.00,-19.46,64.80,58,-1,0,0,-3.0,0.06,0.250,0.266,3.73
12.00,dash,259.95,-9.95,0.250,1,-20.7,162.5,20.7,1037.5,-6.96,67.80,74,90,-1,-21.9,66.2,-21.4,70.5,0.08,0.01,1.00,0.00,0.00,0.00,-25.55,63.18,58,-1,0,1,-2.4,0.06,0.250,0.283,3.29
12.10,dash,260.19,-10.19,0.250,1,-21.4,169.3,21.4,1030.7,-6.77,68.16,69,90,-1,-21.5,66.6,-22.5,71.3,0.11,-0.00,1.00,0.00,0.00,0.00,-31.06,61.05,58,-1,0,1,-1.7,0.06,0.250,0.294,2.78
12.20,dash,260.37,-10.37,0.250,1,-22.0,176.2,22.0,1023.8,-6.56,68.46,64,90,-1,-20.9,66.8,-23.8,72.0,0.11,-0.01,1.00,0.00,0.00,0.00,-36.01,58.59,58,-1,0,2,-1.0,0.05,0.250,0.299,2.20
12.30,dash,260.50,-10.50,0.250,1,-23.3,190.0,22.7,1017.0,-6.08,69.27,59,90,-1,-20.2,66.2,-25.1,72.6,0.11,-0.01,1.00,0.00,0.00,0.00,-40.45,56.09,58,-1,0,2,0.1,0.05,0.250,0.300,1.64
12.40,dash,260.59,-10.59,0.250,1,-23.9,196.9,23.3,1010.0,-5.81,69.68,54,80,-1,-19.9,67.1,-26.3,73.0,0.08,-0.01,1.00,0.00,0.00,0.00,-45.44,52.64,58,-1,0,2,0.6,0.05,0.250,0.287,1.04
12.50,dash,260.60,-10.60,0.250,1,-24.4,203.9,23.9,1003.1,-5.52,70.09,50,80,-1,-19.1,66.6,-27.3,73.2,0.06,-0.02,1.00,0.00,0.00,0.00,-49.57,49.31,58,-1,0,3,1.0,0.05,0.250,0.280,0.43
12.60,dash,260.57,-10.57,0.266,1,-25.0,211.0,24.4,996.1,-5.21,70.48,46,80,-1,-18.8,67.4,-28.1,73.2,0.02,-0.01,1.00,0.00,0.00,0.00,-52.92,46.28,58,-1,0,3,1.3,0.05,0.266,0.277,-0.19
12.70,dash,260.49,-10.49,0.298,1,-25.0,211.0,25.0,989.0,-5.21,70.48,42,80,-1,-18.0,66.9,-28.6,72.9,-0.01,-0.01,1.00,0.00,0.00,0.00,-55.58,43.65,58,-1,0,4,1.3,0.05,0.298,0.307,-0.79
12.80,dash,260.36,-10.36,0.330,1,-25.4,218.0,25.4,982.0,-4.89,70.82,39,73,-1,-17.5,67.8,-28.9,72.6,-0.05,-0.01,1.00,0.00,0.00,0.00,-58.01,40.92,58,-1,0,4,1.4,0.06,0.330,0.354,-1.38
12.90,dash,260.12,-10.12,0.363,1,-26.3,232.3,25.9,974.9,-4.16,71.77,37,73,-1,-16.7,67.2,-29.1,72.1,-0.05,-0.01,1.00,0.00,0.00,0.00,-59.94,38.70,58,-1,0,5,1.5,0.06,0.363,0.387,-1.92
13.00,dash,259.94,-9.94,0.390,1,-26.3,232.3,26.3,967.7,-4.16,71.77,34,73,-1,-16.1,67.9,-29.5,71.9,-0.04,-0.02,1.00,0.00,0.00,0.00,-61.61,37.04,58,-1,0,5,1.5,0.07,0.390,0.413,-2.36
13.10,dash,259.68,-9.68,0.414,1,-27.1,246.8,26.7,960.5,-3.26,73.29,33,73,-1,-15.4,68.3,-30.0,71.7,-0.02,-0.03,1.00,0.00,0.00,0.00,-63.12,35.81,58,-1,0,6,2.7,0.07,0.414,0.434,-2.71
13.20,dash,259.37,-9.37,0.436,1,-27.1,246.8,27.1,953.2,-3.26,73.29,31,71,-1,-14.5,67.3,-30.9,71.7,0.01,-0.04,1.00,0.00,0.00,0.00,-64.62,34.73,58,-1,0,6,2.7,0.06,0.436,0.457,-3.00
13.30,dash,259.05,-9.05,0.453,1,-27.6,261.7,27.3,945.8,-2.23,75.23,29,71,-1,-14.0,67.5,-32.1,71.9,0.04,-0.05,1.00,0.00,0.00,0.00,-66.07,33.88,58,-1,0,6,5.3,0.05,0.453,0.490,-3.23
13.40,dash,258.69,-8.69,0.470,1,-27.8,269.3,27.6,938.3,-1.70,76.34,28,71,-1,-13.5,67.5,-33.8,72.3,0.07,-0.06,1.00,0.00,0.00,0.00,-67.55,33.21,58,-1,0,6,6.8,0.02,0.470,0.522,-3.42
13.50,dash,258.32,-8.32,0.488,1,-27.8,269.3,27.8,930.7,-1.70,76.34,27,71,-1,-13.2,67.3,-35.6,72.6,0.07,-0.07,1.00,0.00,0.00,0.00,-69.03,32.65,58,-1,0,6,6.8,-0.01,0.488,0.546,-3.62
13.60,dash,257.94,-7.94,0.506,1,-27.9,277.1,27.9,922.9,-1.17,77.57,26,75,-1,-12.9,66.9,-37.2,72.7,0.07,-0.08,1.00,0.00,0.00,0.00,-70.43,32.53,58,-1,0,6,8.0,-0.04,0.506,0.563,-3.80
13.70,dash,257.55,-7.55,0.525,1,-28.0,292.9,28.0,915.1,-0.16,80.35,25,75,-1,-12.7,66.4,-38.3,72.7,0.04,-0.07,1.00,0.00,0.00,0.00,-71.91,32.58,58,-1,0,6,8.9,-0.05,0.526,0.570,-3.98
13.80,dash,257.15,-7.15,0.545,1,-28.0,301.1,28.0,907.1,0.25,81.83,24,75,-1,-12.6,65.7,-38.6,72.3,-0.00,-0.06,1.00,0.00,0.00,0.00,-73.35,32.80,58,-1,0,6,8.8,-0.06,0.546,0.572,-4.16
13.90,dash,256.75,-6.75,0.565,1,-28.0,301.1,28.0,898.9,0.25,81.83,24,75,-1,-12.4,64.8,-38.2,71.6,-0.03,-0.05,1.00,0.00,0.00,0.00,-74.76,33.27,58,-1,0,6,8.8,-0.06,0.565,0.599,-4.30
14.00,dash,256.34,-6.34,0.581,1,-27.9,317.8,27.9,890.6,0.81,84.92,25,97,-1,-12.3,63.9,-37.2,70.8,-0.05,-0.04,1.00,0.00,0.00,0.00,-75.00,36.42,58,-1,0,6,7.6,-0.06,0.581,0.617,-4.37
14.10,dash,255.93,-5.93,0.593,1,-27.9,317.8,27.9,882.2,0.81,84.92,27,97,-1,-12.2,62.8,-35.8,70.0,-0.04,-0.03,1.00,0.00,0.00,0.00,-75.10,39.67,58,-1,0,5,7.6,-0.04,0.593,0.623,-4.36
14.20,dash,255.53,-5.53,0.599,1,-27.8,326.4,27.8,873.6,0.88,86.55,29,97,-1,-12.0,61.7,-34.0,69.3,-0.01,-0.02,1.00,0.00,0.00,0.00,-75.10,43.04,58,-1,0,6,6.0,-0.01,0.599,0.613,-4.22
14.30,dash,255.05,-5.05,0.602,1,-27.6,344.2,27.7,864.8,0.50,89.90,31,97,-1,-11.8,60.4,-31.9,68.9,0.04,-0.01,1.00,0.00,0.00,0.00,-74.98,46.52,58,-1,0,6,1.7,0.04,0.602,0.621,-3.99
14.40,dash,254.78,-4.78,0.597,1,-27.6,344.2,27.6,855.8,0.50,89.90,41,127,-1,-11.7,59.0,-29.4,68.7,0.09,0.00,1.00,0.00,0.00,0.00,-67.04,59.90,58,-1,0,6,1.7,0.09,0.598,0.634,-3.70
14.50,dash,254.43,-4.43,0.592,1,-27.7,362.5,27.6,846.7,-0.74,93.14,53,127,-1,-11.9,57.6,-26.7,68.5,0.12,0.01,1.00,0.00,0.00,0.00,-55.24,73.01,58,-1,0,7,0.0,0.12,0.593,0.648,-3.38
14.60,dash,254.12,-4.12,0.587,1,-27.8,372.0,27.7,837.5,-1.70,94.65,65,127,-1,-12.4,56.1,-23.8,68.4,0.14,0.02,1.00,0.00,0.00,0.00,-39.67,84.27,58,-1,0,7,0.6,0.14,0.588,0.653,-3.08
14.70,dash,253.84,-3.84,0.582,1,-27.8,372.0,27.8,828.0,-1.70,94.65,78,127,-1,-13.3,54.6,-20.8,68.0,0.13,0.03,1.00,0.00,0.00,0.00,-21.65,92.15,58,-1,0,7,0.6,0.13,0.583,0.649,-2.81
14.80,dash,253.60,-3.60,0.579,1,-28.1,381.5,28.1,818.5,-2.87,96.03,92,145,-1,-14.9,53.0,-18.2,67.2,0.09,0.04,1.00,0.00,0.00,0.00,1.15,96.07,58,-1,0,7,2.4,0.09,0.579,0.633,-2.58
14.90,dash,253.41,-3.41,0.574,1,-29.0,401.0,28.5,808.8,-5.61,98.32,106,145,-1,-16.9,51.4,-16.0,66.0,0.03,0.05,1.00,0.00,0.00,0.00,23.41,94.48,58,-1,0,6,7.1,0.03,0.574,0.606,-2.36
15.00,dash,253.26,-3.26,0.566,1,-29.0,401.0,29.0,799.0,-5.61,98.32,118,145,-1,-18.9,49.7,-14.5,64.3,-0.03,0.06,1.00,0.00,0.00,0.00,41.40,89.35,58,-1,0,5,7.1,-0.04,0.566,0.600,-2.11
15.10,dash,253.16,-3.16,0.505,1,-29.7,410.9,29.7,789.1,-7.12,99.23,127,145,-1,-20.9,47.9,-13.5,62.3,-0.08,0.06,1.00,0.00,0.00,0.00,54.25,83.39,58,-1,0,4,9.1,-0.10,0.506,0.562,-1.77
15.20,dash,253.12,-3.12,0.443,1,-30.5,420.9,30.5,779.1,-8.67,100.00,134,148,-1,-22.9,46.0,-13.0,60.3,-0.08,0.07,1.00,0.00,0.00,0.00,63.57,77.68,58,-1,0,3,10.2,-0.15,0.444,0.501,-1.28
15.30,dash,253.13,-3.13,0.385,1,-32.6,441.0,31.5,769.0,-11.39,100.62,139,148,-1,-24.9,44.2,-12.9,58.5,-0.03,0.07,1.00,0.00,0.00,0.00,69.77,73.03,58,-1,0,1,8.4,-0.17,0.386,0.427,-0.72
15.40,dash,253.17,-3.17,0.336,1,-32.6,441.0,32.6,759.0,-11.39,100.62,143,148,-1,-26.9,42.7,-13.1,57.2,0.03,0.08,1.00,0.00,0.00,0.00,73.83,69.31,58,-1,0,-0,8.4,-0.17,0.337,0.381,-0.20
15.50,dash,253.24,-3.24,0.297,1,-33.8,451.1,33.8,748.9,-12.49,100.50,146,148,-1,-28.9,41.4,-13.4,56.2,0.09,0.09,1.00,0.00,0.00,0.00,76.44,66.44,58,-1,0,-1,6.0,-0.14,0.297,0.369,0.23
15.60,dash,253.33,-3.33,0.266,1,-35.1,461.1,35.1,738.9,-13.44,100.21,148,148,-1,-30.9,40.4,-13.9,55.4,0.13,0.10,1.00,0.00,0.00,0.00,77.97,64.37,58,-1,0,-2,3.5,-0.11,0.266,0.359,0.55
15.70,dash,253.43,-3.43,0.250,1,-36.5,471.1,36.5,728.9,-14.23,99.71,150,148,-1,-32.9,39.7,-14.5,54.8,0.15,0.11,1.00,0.00,0.00,0.00,78.79,62.74,58,-1,0,-3,1.3,-0.08,0.250,0.353,0.72
15.80,dash,253.60,-3.60,0.250,1,-39.5,490.9,38.0,719.0,-15.49,98.54,151,148,-1,-34.9,39.1,-15.2,54.0,0.13,0.12,1.00,0.00,0.00,0.00,79.14,61.56,58,-1,0,-3,-1.8,-0.05,0.250,0.349,0.79
15.90,dash,253.66,-3.66,0.250,1,-41.1,500.7,39.5,709.1,-16.01,97.92,151,148,-1,-36.9,38.6,-16.1,53.0,0.09,0.13,1.00,0.00,0.00,0.00,79.11,60.75,58,-1,0,-3,-3.0,-0.03,0.250,0.336,0.80
16.00,dash,253.79,-3.79,0.250,1,-41.1,500.7,41.1,699.3,-16.01,97.92,151,140,-1,-38.9,38.3,-17.2,51.8,0.05,0.13,1.00,0.00,0.00,0.00,77.35,62.14,58,-1,0,-4,-3.0,-0.01,0.250,0.321,0.79
16.10,dash,254.00,-4.00,0.250,1,-44.4,520.1,42.8,689.5,-16.74,96.70,150,140,-1,-40.9,38.0,-18.5,50.4,0.01,0.12,1.00,0.00,0.00,0.00,75.54,63.50,58,-1,0,-4,-4.1,0.01,0.250,0.305,0.79
16.20,dash,254.14,-4.14,0.250,1,-44.4,520.1,44.4,679.9,-16.74,96.70,148,140,-1,-42.9,37.7,-20.3,49.0,0.00,0.10,1.00,0.00,0.00,0.00,73.64,64.87,58,-1,0,-4,-4.1,0.01,0.250,0.293,0.82
16.30,dash,254.21,-4.21,0.250,1,-46.1,529.8,46.1,670.2,-16.94,96.13,147,140,-1,-44.9,37.5,-22.6,47.8,0.01,0.07,1.00,0.00,0.00,0.00,71.65,66.29,58,-1,0,-4,-4.2,0.01,0.250,0.284,0.89
16.40,dash,254.37,-4.37,0.250,1,-49.5,548.9,47.8,660.7,-16.96,95.12,142,123,-1,-46.9,37.2,-25.4,46.8,0.04,0.03,1.00,0.00,0.00,0.00,64.50,72.59,58,-1,0,-4,-3.5,0.00,0.250,0.280,1.02
16.50,dash,254.53,-4.53,0.250,1,-51.2,558.3,49.5,651.1,-16.73,94.68,136,123,-1,-48.6,36.9,-28.6,46.2,0.09,-0.02,1.00,0.00,0.00,0.00,57.16,77.90,58,-1,0,-4,-2.9,-0.00,0.250,0.291,1.19
16.60,dash,254.69,-4.69,0.250,1,-52.8,567.8,51.2,641.7,-16.33,94.20,131,123,-1,-49.3,36.6,-32.1,45.8,0.13,-0.07,1.00,0.00,0.00,0.00,49.67,82.32,58,-1,0,-4,-2.0,-0.02,0.250,0.331,1.34
16.70,dash,254.85,-4.85,0.250,1,-54.4,577.2,52.8,632.2,-15.77,93.76,126,123,-1,-50.0,36.4,-35.8,45.8,0.16,-0.12,1.00,0.00,0.00,0.00,42.01,85.88,58,-1,0,-4,-1.1,-0.03,0.250,0.361,1.43
16.80,dash,255.01,-5.01,0.250,1,-54.4,577.2,54.4,622.8,-15.77,93.76,117,99,-1,-50.5,36.1,-39.4,45.7,0.17,-0.15,1.00,0.00,0.00,0.00,28.45,90.72,58,-1,0,-4,-1.1,-0.05,0.250,0.378,1.49
16.90,dash,255.16,-5.16,0.250,1,-55.9,586.5,55.9,613.5,-15.05,93.32,108,99,-1,-50.7,35.8,-42.7,45.6,0.16,-0.16,1.00,0.00,0.00,0.00,15.07,93.32,58,-1,0,-4,-0.3,-0.07,0.250,0.377,1.46
17.00,dash,255.35,-5.35,0.250,1,-58.7,605.0,57.4,604.2,-13.26,92.20,100,99,-1,-50.9,35.7,-45.4,45.1,0.12,-0.15,1.00,0.00,0.00,0.00,2.84,93.87,58,-1,0,-4,0.7,-0.08,0.250,0.358,1.35
17.10,dash,255.41,-5.41,0.253,1,-60.0,614.2,58.7,595.0,-12.22,91.54,94,99,-1,-50.9,35.7,-47.5,44.3,0.08,-0.11,1.00,0.00,0.00,0.00,-7.55,92.84,58,-1,0,-4,0.7,-0.09,0.253,0.329,1.12
17.20,dash,255.51,-5.51,0.268,1,-61.1,623.3,60.0,585.8,-11.11,90.81,86,85,-1,-50.8,35.9,-49.0,43.0,0.03,-0.07,1.00,0.00,0.00,0.00,-18.01,90.58,58,-1,0,-4,0.2,-0.09,0.268,0.309,0.86
17.30,dash,255.58,-5.58,0.277,1,-61.1,623.3,61.1,576.7,-11.11,90.81,80,85,-1,-50.5,36.2,-49.9,41.4,-0.00,-0.04,1.00,0.00,0.00,0.00,-25.95,87.73,58,-1,0,-3,0.2,-0.07,0.277,0.293,0.57
17.40,dash,255.62,-5.62,0.283,1,-63.1,641.3,62.2,567.7,-8.73,89.19,76,85,-1,-50.1,36.7,-50.5,39.6,-0.03,-0.01,1.00,0.00,0.00,0.00,-31.58,84.86,58,-1,0,-3,-0.8,-0.06,0.283,0.299,0.28
17.50,dash,255.65,-5.65,0.284,1,-63.8,650.1,63.1,558.7,-7.46,88.26,72,85,-1,-49.5,37.3,-50.9,37.8,-0.05,0.01,1.00,0.00,0.00,0.00,-35.27,82.38,58,-1,0,-3,-1.5,-0.04,0.284,0.307,0.04
17.60,dash,255.65,-5.65,0.283,1,-63.8,650.1,63.8,549.9,-7.46,88.26,69,80,-1,-48.8,38.1,-51.0,36.0,-0.06,0.02,1.00,0.00,0.00,0.00,-37.95,80.04,58,-1,0,-2,-1.5,-0.01,0.283,0.312,-0.15
17.70,dash,255.63,-5.63,0.283,1,-64.5,658.9,64.5,541.1,-6.14,87.34,67,80,-1,-47.9,39.1,-51.2,34.5,-0.05,-0.00,1.00,0.00,0.00,0.00,-39.43,78.17,58,-1,0,-2,-2.4,0.02,0.283,0.305,-0.28
17.80,dash,255.56,-5.56,0.290,1,-65.4,676.1,65.0,532.5,-3.72,85.14,66,80,-1,-47.0,40.2,-51.5,33.5,-0.04,-0.03,1.00,0.00,0.00,0.00,-40.12,76.55,58,-1,0,-1,-3.3,0.04,0.290,0.317,-0.46
17.90,dash,255.50,-5.50,0.302,1,-65.7,684.5,65.4,523.9,-2.52,84.00,64,80,-1,-46.1,41.4,-51.8,32.9,-0.02,-0.05,1.00,0.00,0.00,0.00,-40.28,75.11,58,-1,0,-0,-3.5,0.06,0.302,0.332,-0.66
18.00,dash,255.43,-5.43,0.316,1,-65.7,684.5,65.7,515.5,-2.52,84.00,63,78,-1,-45.1,42.6,-52.2,32.7,-0.01,-0.07,1.00,0.00,0.00,0.00,-40.32,73.73,58,-1,0,0,-3.5,0.08,0.316,0.348,-0.86
18.10,dash,255.32,-5.32,0.327,1,-65.8,692.8,65.8,507.2,-1.28,82.86,62,78,-1,-44.0,43.9,-52.5,32.7,-0.01,-0.08,1.00,0.00,0.00,0.00,-40.02,72.56,58,-1,0,1,-3.3,0.09,0.327,0.364,-1.01
18.20,dash,255.14,-5.14,0.337,1,-65.8,709.1,65.9,499.0,1.43,80.71,61,78,-1,-42.7,45.0,-52.6,32.8,-0.01,-0.08,1.00,0.00,0.00,0.00,-39.46,71.61,58,-1,0,2,-2.4,0.09,0.337,0.375,-1.12
18.30,dash,255.05,-5.05,0.340,1,-65.5,717.1,65.8,490.9,2.81,79.67,60,78,-1,-41.3,46.2,-52.6,33.0,-0.02,-0.07,1.00,0.00,0.00,0.00,-38.69,70.84,58,-1,0,2,-1.5,0.10,0.340,0.376,-1.17
18.40,dash,254.92,-4.92,0.341,1,-65.1,725.0,65.5,482.9,4.17,78.66,60,77,-1,-40.0,47.2,-52.3,33.2,-0.03,-0.05,1.00,0.00,0.00,0.00,-37.90,70.14,58,-1,0,3,-0.6,0.09,0.342,0.374,-1.24
18.50,dash,254.83,-4.83,0.339,1,-65.1,725.0,65.1,475.0,4.17,78.66,59,77,-1,-38.6,48.1,-51.7,33.4,-0.05,-0.02,1.00,0.00,0.00,0.00,-37.00,69.54,58,-1,0,3,-0.6,0.08,0.339,0.367,-1.30
18.60,dash,254.64,-4.64,0.336,1,-64.0,740.5,64.6,467.2,6.85,76.84,58,77,-1,-37.3,48.9,-50.9,33.6,-0.06,-0.00,1.00,0.00,0.00,0.00,-36.02,69.09,58,-1,0,4,2.0,0.06,0.336,0.361,-1.33
18.70,dash,254.58,-4.58,0.328,1,-64.0,740.5,64.0,459.5,6.85,76.84,58,77,-1,-36.0,49.6,-50.1,34.0,-0.06,-0.00,1.00,0.00,0.00,0.00,-35.02,68.74,58,-1,0,4,2.0,0.04,0.328,0.352,-1.32
18.80,dash,254.42,-4.42,0.325,1,-62.3,755.7,63.2,451.9,9.26,75.23,58,79,-1,-34.9,50.1,-49.4,34.7,-0.04,-0.02,1.00,0.00,0.00,0.00,-33.88,68.49,58,-1,0,4,4.2,0.01,0.325,0.348,-1.29
18.90,dash,254.29,-4.29,0.323,1,-61.3,763.1,62.3,444.3,10.38,74.58,57,79,-1,-33.8,50.5,-48.8,35.7,-0.01,-0.04,1.00,0.00,0.00,0.00,-32.92,68.28,58,-1,0,4,4.7,-0.00,0.323,0.342,-1.22
19.00,dash,254.20,-4.20,0.323,1,-61.3,763.1,61.3,436.9,10.38,74.58,57,79,-1,-32.8,50.8,-48.3,37.1,0.03,-0.07,1.00,0.00,0.00,0.00,-32.20,68.06,58,-1,0,4,4.7,-0.02,0.323,0.362,-1.12
19.10,dash,254.08,-4.08,0.326,1,-60.2,770.5,60.2,429.5,11.44,74.03,56,79,-1,-31.7,51.0,-47.9,38.8,0.06,-0.08,1.00,0.00,0.00,0.00,-31.74,67.85,58,-1,0,4,5.0,-0.02,0.326,0.383,-0.99
19.20,dash,253.91,-3.91,0.330,1,-57.6,785.3,58.9,422.1,13.31,73.34,56,84,-1,-30.7,51.0,-47.5,40.6,0.09,-0.08,1.00,0.00,0.00,0.00,-31.01,67.91,58,-1,0,4,5.2,-0.03,0.330,0.398,-0.87
19.30,dash,253.86,-3.86,0.334,1,-57.6,785.3,57.6,414.7,13.31,73.34,55,84,-1,-29.7,50.9,-46.9,42.4,0.11,-0.08,1.00,0.00,0.00,0.00,-30.65,67.95,58,-1,0,4,5.2,-0.03,0.334,0.410,-0.78
19.40,dash,253.76,-3.76,0.340,1,-54.8,799.9,56.2,407.4,14.68,73.06,55,84,-1,-28.8,50.7,-46.3,44.0,0.12,-0.07,1.00,0.00,0.00,0.00,-30.61,67.91,58,-1,0,3,5.5,-0.04,0.340,0.416,-0.74
19.50,dash,253.67,-3.67,0.342,1,-54.8,799.9,54.8,400.1,14.68,73.06,54,84,-1,-28.0,50.3,-45.4,45.2,0.11,-0.05,1.00,0.00,0.00,0.00,-30.76,67.88,58,-1,0,3,5.5,-0.04,0.342,0.404,-0.71
19.60,dash,253.59,-3.59,0.333,1,-53.3,807.2,53.3,392.8,15.23,73.19,55,97,-1,-27.1,49.7,-44.1,46.1,0.08,-0.02,1.00,0.00,0.00,0.00,-29.57,68.66,58,-1,0,3,5.3,-0.04,0.333,0.372,-0.62
19.70,dash,253.53,-3.53,0.318,1,-50.1,821.9,51.7,385.5,15.92,73.67,56,97,-1,-26.4,49.0,-42.5,46.6,0.06,0.02,1.00,0.00,0.00,0.00,-28.54,69.40,58,-1,0,3,4.9,-0.04,0.318,0.348,-0.52
19.80,dash,253.49,-3.49,0.300,1,-48.5,829.3,50.1,378.1,16.02,73.92,56,97,-1,-25.7,48.2,-40.7,46.8,0.05,0.04,1.00,0.00,0.00,0.00,-27.59,70.14,58,-1,0,3,4.7,-0.04,0.300,0.335,-0.39
19.90,dash,253.46,-3.46,0.281,1,-48.5,829.3,48.5,370.7,16.02,73.92,57,97,-1,-25.1,47.3,-38.7,47.0,0.05,0.05,1.00,0.00,0.00,0.00,-26.64,70.78,58,-1,0,3,4.7,-0.03,0.281,0.320,-0.26
20.00,dash,253.44,-3.44,0.263,1,-46.9,836.7,46.9,363.3,15.98,74.11,61,115,-1,-24.7,46.5,-36.8,47.0,0.05,0.06,1.00,0.00,0.00,0.00,-21.65,72.66,58,-1,0,3,4.4,-0.03,0.263,0.306,-0.15
20.10,dash,253.42,-3.42,0.250,1,-45.4,844.1,45.4,355.9,15.80,74.20,65,115,-1,-24.4,45.7,-34.9,47.1,0.06,0.05,1.00,0.00,0.00,0.00,-16.88,73.96,58,-1,0,3,3.9,-0.02,0.250,0.297,-0.08
20.20,dash,253.41,-3.41,0.250,1,-42.3,858.9,43.8,348.5,15.13,74.03,69,115,-1,-24.3,45.0,-33.3,47.2,0.08,0.05,1.00,0.00,0.00,0.00,-12.40,74.74,58,-1,0,3,3.2,-0.01,0.250,0.301,-0.08
20.30,dash,253.38,-3.38,0.250,1,-40.8,866.3,42.3,341.1,14.68,73.85,72,115,-1,-24.2,44.3,-31.8,47.3,0.10,0.04,1.00,0.00,0.00,0.00,-8.27,75.10,58,-1,0,3,2.9,-0.01,0.250,0.304,-0.12
20.40,dash,253.34,-3.34,0.250,1,-39.4,873.7,40.8,333.7,14.19,73.63,78,129,-1,-24.2,43.6,-30.6,47.5,0.11,0.02,1.00,0.00,0.00,0.00,-0.39,75.29,58,-1,0,3,2.5,-0.01,0.250,0.303,-0.19
20.50,dash,253.31,-3.31,0.250,1,-38.0,881.0,39.4,326.3,13.66,73.43,84,129,-1,-24.4,43.0,-29.6,47.5,0.11,0.02,1.00,0.00,0.00,0.00,6.71,74.68,58,-1,0,3,1.9,0.00,0.250,0.299,-0.27
20.60,dash,253.27,-3.27,0.250,1,-36.7,888.4,38.0,319.0,13.10,73.28,89,129,-1,-24.5,42.2,-28.6,47.3,0.09,0.02,1.00,0.00,0.00,0.00,12.92,73.57,58,-1,0,2,1.3,0.01,0.250,0.293,-0.32
20.70,dash,253.24,-3.24,0.250,1,-35.4,895.7,36.7,311.6,12.51,73.10,94,129,-1,-24.7,41.5,-27.7,47.0,0.07,0.02,1.00,0.00,0.00,0.00,18.24,72.17,58,-1,0,2,0.9,0.02,0.250,0.288,-0.37
20.80,dash,253.22,-3.22,0.250,1,-35.4,895.7,35.4,304.3,12.51,73.10,99,134,-1,-24.9,40.6,-26.8,46.4,0.05,0.03,1.00,0.00,0.00,0.00,24.13,70.13,58,-1,0,2,0.9,0.03,0.250,0.283,-0.38
20.90,dash,253.20,-3.20,0.250,1,-33.0,910.3,34.2,297.0,11.37,72.75,104,134,-1,-25.1,39.8,-25.9,45.7,0.03,0.04,1.00,0.00,0.00,0.00,29.05,68.00,58,-1,0,2,0.2,0.03,0.250,0.279,-0.38
21.00,dash,253.18,-3.18,0.250,1,-31.9,917.5,33.0,289.7,10.83,72.47,108,134,-1,-25.4,38.9,-25.2,44.9,0.02,0.04,1.00,0.00,0.00,0.00,33.06,65.80,58,-1,0,2,0.1,0.04,0.250,0.275,-0.38
21.10,dash,253.16,-3.16,0.250,1,-31.9,917.5,31.9,282.5,10.83,72.47,111,134,-1,-25.6,38.1,-24.6,44.0,0.02,0.03,1.00,0.00,0.00,0.00,36.25,63.68,58,-1,0,2,0.1,0.04,0.250,0.270,-0.40
21.20,dash,253.15,-3.15,0.250,1,-30.9,924.7,30.9,275.3,10.31,72.18,114,133,-1,-25.9,37.3,-24.3,43.2,0.02,0.02,1.00,0.00,0.00,0.00,38.54,61.90,58,-1,0,2,0.4,0.03,0.250,0.264,-0.39
21.30,dash,253.13,-3.13,0.250,1,-29.0,939.1,29.9,268.1,9.35,71.50,116,133,-1,-26.2,36.4,-24.3,42.3,0.02,-0.00,1.00,0.00,0.00,0.00,40.26,60.32,58,-1,0,1,1.2,0.01,0.250,0.260,-0.37
21.40,dash,253.12,-3.12,0.250,1,-28.1,946.2,29.0,260.9,8.94,71.13,118,133,-1,-26.6,35.5,-24.5,41.5,0.03,-0.02,1.00,0.00,0.00,0.00,41.52,58.95,58,-1,0,1,1.4,-0.00,0.250,0.273,-0.35
21.50,dash,253.10,-3.10,0.250,1,-27.2,953.3,28.1,253.8,8.56,70.75,119,133,-1,-26.9,34.6,-24.9,40.9,0.06,-0.04,1.00,0.00,0.00,0.00,42.41,57.80,58,-1,0,1,1.5,-0.01,0.250,0.288,-0.36
21.60,dash,253.09,-3.09,0.250,1,-27.2,953.3,27.2,246.7,8.56,70.75,120,130,-1,-27.2,33.7,-25.4,40.2,0.07,-0.05,1.00,0.00,0.00,0.00,42.35,57.32,58,-1,0,0,1.5,-0.02,0.250,0.296,-0.34
21.70,dash,253.08,-3.08,0.250,1,-25.6,967.4,26.4,239.6,7.89,70.14,120,130,-1,-27.4,32.6,-25.9,39.6,0.07,-0.05,1.00,0.00,0.00,0.00,42.19,57.01,58,-1,0,0,1.4,-0.03,0.250,0.299,-0.29
21.80,dash,253.08,-3.08,0.250,1,-24.8,974.4,25.6,232.6,7.61,69.85,120,130,-1,-27.6,31.6,-26.3,38.9,0.07,-0.05,1.00,0.00,0.00,0.00,41.96,56.75,58,-1,0,-0,1.3,-0.03,0.250,0.299,-0.24
21.90,dash,253.08,-3.08,0.250,1,-24.8,974.4,24.8,225.6,7.61,69.85,120,130,-1,-27.7,30.5,-26.7,38.2,0.07,-0.04,1.00,0.00,0.00,0.00,41.69,56.56,58,-1,0,-1,1.3,-0.04,0.250,0.297,-0.19
22.00,dash,253.08,-3.08,0.250,1,-23.3,988.3,24.1,218.7,7.17,69.26,120,127,-1,-27.8,29.4,-26.9,37.4,0.07,-0.04,1.00,0.00,0.00,0.00,40.75,56.86,58,-1,0,-1,0.9,-0.04,0.250,0.293,-0.14
22.10,dash,253.10,-3.10,0.250,1,-23.3,988.3,23.3,211.7,7.17,69.26,119,127,-1,-27.9,28.3,-27.1,36.5,0.07,-0.03,1.00,0.00,0.00,0.00,39.90,57.06,58,-1,0,-1,0.9,-0.04,0.250,0.289,-0.09
22.20,dash,253.11,-3.11,0.250,1,-22.6,995.2,22.6,204.8,6.98,68.97,119,127,-1,-27.9,27.2,-27.1,35.6,0.07,-0.02,1.00,0.00,0.00,0.00,39.17,57.20,58,-1,0,-1,0.5,-0.04,0.250,0.284,-0.04
22.30,dash,253.16,-3.16,0.250,1,-21.3,1008.9,21.9,198.0,6.69,68.36,118,127,-1,-27.8,26.2,-27.1,34.6,0.06,-0.01,1.00,0.00,0.00,0.00,38.53,57.22,58,-1,0,-2,-0.6,-0.03,0.250,0.279,0.03
22.40,dash,253.20,-3.20,0.250,1,-20.6,1015.7,21.3,191.1,6.57,68.07,117,124,-1,-27.6,25.1,-27.0,33.5,0.06,-0.00,1.00,0.00,0.00,0.00,37.40,57.61,58,-1,0,-2,-1.2,-0.02,0.250,0.273,0.12
22.50,dash,253.23,-3.23,0.250,1,-20.6,1015.7,20.6,184.3,6.57,68.07,117,124,-1,-27.4,24.0,-26.9,32.3,0.04,-0.00,0.97,0.00,0.00,0.00,36.47,57.85,58,-1,0,-2,-1.2,-0.01,0.250,0.268,0.26
22.60,dash,253.30,-3.30,0.250,1,-20.0,1022.5,20.0,177.5,6.48,67.76,116,124,-1,-27.2,22.9,-26.8,31.1,0.03,-0.01,0.94,0.00,0.00,0.00,35.69,57.97,58,-1,0,-2,-1.5,-0.00,0.250,0.264,0.42
22.70,dash,253.43,-3.43,0.250,1,-18.7,1036.0,19.3,170.8,6.39,67.02,116,124,-1,-26.9,21.8,-26.8,29.7,0.02,-0.01,0.91,0.00,0.00,0.00,35.07,57.98,58,-1,0,-2,-1.9,0.00,0.250,0.262,0.55
22.80,dash,253.47,-3.47,0.250,1,-18.7,1036.0,18.7,164.0,6.39,67.02,115,120,-1,-26.6,20.8,-26.8,28.4,0.02,-0.02,0.88,0.00,0.00,0.00,33.76,58.24,58,-1,0,-2,-1.9,0.01,0.250,0.268,0.63
22.90,dash,253.61,-3.61,0.250,1,-17.4,1049.2,18.0,157.4,6.43,66.01,114,120,-1,-26.3,19.8,-26.9,27.2,0.03,-0.04,0.86,0.00,0.00,0.00,32.65,58.27,58,-1,0,-2,-2.2,0.01,0.250,0.281,0.67
23.00,dash,253.68,-3.68,0.250,1,-16.7,1055.8,17.4,150.8,6.50,65.52,113,120,-1,-25.9,18.9,-27.1,26.0,0.04,-0.06,0.84,0.00,0.00,0.00,31.76,58.22,58,-1,0,-1,-2.2,0.02,0.250,0.290,0.75
23.10,dash,253.76,-3.76,0.250,1,-16.7,1055.8,16.7,144.2,6.50,65.52,112,120,-1,-25.5,17.9,-27.3,24.9,0.05,-0.06,0.83,0.00,0.00,0.00,31.05,58.06,58,-1,0,-1,-2.2,0.02,0.250,0.295,0.87
23.20,dash,253.88,-3.88,0.250,1,-16.1,1062.3,16.1,137.7,6.62,65.04,111,116,-1,-25.0,16.8,-27.4,23.9,0.05,-0.07,0.81,0.00,0.00,0.00,29.85,58.16,58,-1,0,-1,-2.2,0.02,0.250,0.298,0.98
23.30,dash,254.07,-4.07,0.250,1,-14.7,1075.2,15.4,131.2,6.92,64.07,110,116,-1,-24.4,15.8,-27.4,22.7,0.05,-0.07,0.79,0.00,0.00,0.00,28.91,58.12,58,-1,0,-1,-2.2,0.02,0.250,0.298,1.08
23.40,dash,254.21,-4.21,0.250,1,-14.0,1081.6,14.7,124.8,7.10,63.54,110,116,-1,-23.9,14.7,-27.4,21.6,0.05,-0.07,0.77,0.00,0.00,0.00,28.19,57.95,58,-1,0,-1,-2.3,0.03,0.250,0.296,1.17
23.50,brake,254.28,-4.28,0.250,1,-14.0,1081.6,0.0,0.0,7.10,63.54,109,116,-1,-17.9,8.7,-27.3,20.5,0.11,-0.13,0.75,0.00,0.00,0.00,27.65,57.65,58,-1,0,-1,-2.3,0.03,0.250,0.346,1.26
23.60,brake,254.51,-4.51,0.250,1,-13.3,1087.9,0.0,0.0,7.29,63.02,108,113,-1,-11.9,2.7,-27.1,19.3,0.17,-0.20,0.73,0.00,0.00,0.00,26.87,57.47,58,-1,0,-1,-2.4,0.04,0.250,0.395,1.34
23.70,brake,254.67,-4.67,0.250,1,-11.8,1100.4,0.0,0.0,7.72,61.92,108,113,-1,-5.9,-3.3,-26.6,17.9,0.21,-0.24,0.69,0.00,0.00,0.00,26.33,57.17,58,-1,0,-0,-2.5,0.04,0.250,0.427,1.42
23.80,brake,254.83,-4.83,0.250,1,-11.0,1106.5,0.0,0.0,7.95,61.35,108,113,-1,0.1,-9.3,-25.8,16.2,0.22,-0.24,0.65,0.00,0.00,0.00,26.03,56.71,58,-1,0,-0,-2.6,0.04,0.250,0.434,1.46
23.90,brake,254.92,-4.92,0.250,1,-10.2,1112.6,0.0,0.0,8.17,60.73,107,113,-1,6.1,-15.3,-24.4,14.1,0.20,-0.21,0.58,0.00,0.00,0.00,25.96,56.15,58,-1,0,-0,-2.7,0.05,0.250,0.413,1.46
24.00,brake,255.12,-5.12,0.250,1,-9.4,1118.6,0.0,0.0,8.39,60.12,107,112,-1,12.1,-21.3,-22.4,11.4,0.15,-0.14,0.49,0.00,0.00,0.00,25.97,55.51,58,-1,0,0,-2.9,0.06,0.250,0.369,1.46
24.10,brake,255.28,-5.28,0.250,1,-9.4,1118.6,0.0,0.0,8.39,60.12,108,112,-1,13.7,-27.3,-19.8,8.2,0.10,-0.02,0.37,0.00,0.00,0.00,26.20,54.75,58,-1,0,0,-2.9,0.07,0.250,0.299,1.49
24.20,brake,255.46,-5.46,0.250,1,-7.6,1130.5,0.0,0.0,8.74,58.58,108,112,-1,13.7,-33.3,-16.8,4.7,0.05,0.10,0.25,0.00,0.00,0.00,26.56,53.84,58,-1,0,1,-4.6,0.08,0.250,0.310,1.49
24.30,brake,255.53,-5.53,0.000,1,-6.7,1136.2,0.0,0.0,8.86,57.70,109,112,-1,13.7,-39.3,-13.6,0.9,0.01,0.19,0.12,0.00,0.00,0.00,26.94,52.75,58,-1,1,1,-5.7,0.11,0.000,0.000,1.51
24.40,brake,255.64,-5.64,0.000,1,-6.7,1136.2,0.0,0.0,8.86,57.70,109,111,-1,13.5,-42.9,-10.6,-2.9,-0.02,0.20,0.03,0.00,0.00,0.00,27.18,51.66,58,-1,1,1,-5.7,0.14,0.000,0.000,1.59
24.50,brake,255.71,-5.71,0.000,1,-5.9,1141.9,0.0,0.0,8.79,56.56,109,111,-1,13.2,-43.0,-8.0,-6.6,-0.04,0.17,0.01,0.00,0.00,0.00,27.16,50.38,58,-1,1,2,-6.9,0.18,0.000,0.000,1.07
24.60,brake,255.74,-5.74,0.000,1,-4.1,1153.0,0.0,0.0,8.64,54.23,110,111,-1,12.8,-43.1,-5.8,-10.3,-0.06,0.11,0.06,0.00,0.00,0.00,27.13,49.11,58,-1,1,3,-7.4,0.20,0.000,0.000,0.92
24.70,brake,255.68,-5.68,0.000,1,-3.3,1158.3,0.0,0.0,8.49,53.04,110,111,-1,12.4,-43.3,-4.0,-13.8,-0.06,0.05,0.14,0.00,0.00,0.00,26.98,47.83,58,-1,1,3,-7.3,0.21,0.000,0.000,0.50
24.80,brake,255.54,-5.54,0.250,1,-3.3,1158.3,0.0,0.0,8.49,53.04,110,108,-1,12.0,-43.4,-2.5,-17.2,-0.05,0.01,0.25,0.00,0.00,0.00,26.34,46.82,58,-1,0,4,-7.3,0.22,0.251,0.276,-0.17
24.90,brake,255.42,-5.42,0.250,1,-1.6,1168.6,0.0,0.0,8.15,50.84,110,108,-1,11.6,-43.5,-1.3,-20.5,-0.05,-0.02,0.35,0.00,0.00,0.00,25.73,45.84,58,-1,0,4,-7.6,0.23,0.251,0.277,-1.10
25.00,brake,254.92,-4.92,0.250,1,-1.6,1168.6,0.0,0.0,8.15,50.84,110,108,-1,11.1,-43.6,-0.2,-23.6,-0.04,-0.03,0.45,0.00,0.00,0.00,25.15,44.93,58,-1,0,5,-7.6,0.25,0.251,0.280,-2.21
25.10,brake,254.71,-4.71,0.250,1,-0.8,1173.6,0.0,0.0,7.98,49.79,110,108,-1,10.6,-43.7,0.8,-26.5,-0.03,-0.04,0.55,0.00,0.00,0.00,24.60,44.02,58,-1,0,6,-7.4,0.26,0.251,0.280,-3.21
25.20,brake,253.95,-3.95,0.266,1,0.8,1183.3,0.0,0.0,7.73,47.50,109,105,-1,10.3,-43.8,1.8,-29.2,-0.02,-0.04,0.64,0.00,0.00,0.00,23.60,43.35,58,-1,0,6,-5.0,0.25,0.267,0.291,-4.04
25.30,brake,253.67,-3.67,0.319,1,0.8,1183.3,0.0,0.0,7.73,47.50,109,105,-1,10.1,-43.9,2.9,-31.7,-0.01,-0.03,0.73,0.00,0.00,0.00,22.63,42.47,58,-1,0,6,-5.0,0.23,0.320,0.333,-4.69
25.40,brake,253.08,-3.08,0.372,1,1.5,1188.0,0.0,0.0,7.63,46.23,108,105,-1,10.1,-43.9,4.3,-34.0,-0.00,0.00,0.81,0.00,0.00,0.00,21.69,41.53,58,-1,0,7,-2.6,0.18,0.373,0.375,-5.13
25.50,brake,252.48,-2.48,0.414,1,2.3,1192.5,0.0,0.0,7.56,44.74,108,105,-1,10.4,-43.8,6.0,-36.1,0.01,0.05,0.88,0.00,0.00,0.00,20.69,40.38,58,-1,0,6,0.7,0.11,0.415,0.437,-5.33
25.60,brake,251.72,-1.72,0.452,1,3.0,1196.8,0.0,0.0,7.49,43.11,106,102,-1,11.1,-43.6,8.1,-37.9,0.01,0.09,0.95,0.00,0.00,0.00,19.29,39.27,58,-1,0,6,4.5,0.03,0.452,0.492,-5.32
25.70,brake,251.28,-1.28,0.475,1,3.8,1201.0,0.0,0.0,7.39,41.35,105,102,-1,12.0,-43.4,10.5,-39.6,0.01,0.11,1.00,0.00,0.00,0.00,17.82,38.04,58,-1,0,5,8.3,-0.07,0.475,0.525,-5.17
25.80,brake,250.47,-0.47,0.501,1,5.2,1208.8,0.0,0.0,7.06,37.35,103,102,-1,13.1,-43.1,12.9,-41.2,0.01,0.12,1.00,0.00,0.00,0.00,16.24,36.65,58,-1,0,4,12.9,-0.15,0.502,0.554,-4.87
25.90,brake,250.11,-0.11,0.510,1,5.9,1212.4,0.0,0.0,6.82,35.24,102,102,-1,14.3,-42.7,15.2,-42.6,0.00,0.11,1.00,0.00,0.00,0.00,14.58,35.11,58,-1,0,2,12.5,-0.21,0.511,0.558,-4.45
26.00,brake,249.78,0.22,0.517,1,5.9,1212.4,0.0,0.0,6.82,35.24,101,105,-1,15.4,-42.3,16.9,-43.9,-0.00,0.07,1.00,0.00,0.00,0.00,13.24,33.37,58,-1,0,1,12.5,-0.23,0.519,0.547,-4.02
26.10,brake,249.39,0.61,0.521,1,6.6,1215.7,0.0,0.0,6.53,33.00,100,105,-1,16.3,-41.9,18.0,-45.2,-0.02,0.00,1.00,0.00,0.00,0.00,11.90,31.47,58,-1,0,0,10.2,-0.20,0.522,0.530,-3.54
26.20,brake,249.07,0.93,0.520,1,7.2,1218.8,0.0,0.0,6.25,30.72,98,105,-1,17.0,-41.6,18.1,-46.4,-0.03,-0.07,1.00,0.00,0.00,0.00,10.70,29.47,58,-1,0,-1,6.7,-0.15,0.521,0.561,-3.05
26.30,brake,248.69,1.31,0.521,1,8.4,1224.4,0.0,0.0,5.94,26.15,98,105,-1,17.6,-41.4,17.5,-47.5,-0.04,-0.13,1.00,0.00,0.00,0.00,9.74,27.34,58,-1,0,-1,-1.7,-0.07,0.521,0.591,-2.59
26.40,brake,248.49,1.51,0.518,1,9.0,1226.9,0.0,0.0,5.96,23.91,99,112,-1,18.0,-41.2,16.5,-48.6,-0.06,-0.18,1.00,0.00,0.00,0.00,9.79,24.96,58,-1,0,-1,-5.6,0.02,0.518,0.613,-2.18
26.50,brake,248.38,1.62,0.510,1,9.0,1226.9,0.0,0.0,5.96,23.91,100,112,-1,18.5,-41.0,15.2,-49.6,-0.07,-0.20,1.00,0.00,0.00,0.00,9.92,22.55,58,-1,0,-0,-5.6,0.11,0.510,0.619,-1.74
26.60,brake,248.29,1.71,0.501,1,9.6,1229.1,0.0,0.0,6.12,21.62,101,112,-1,19.2,-40.7,14.1,-50.4,-0.06,-0.20,1.00,0.00,0.00,0.00,10.09,20.08,58,-1,0,1,-8.2,0.18,0.502,0.607,-1.34
26.70,brake,248.16,1.84,0.493,1,10.9,1232.9,0.0,0.0,6.68,17.23,102,112,-1,20.2,-40.2,13.6,-51.0,-0.04,-0.18,1.00,0.00,0.00,0.00,10.28,17.68,58,-1,0,2,-7.9,0.22,0.494,0.582,-0.94
26.80,brake,248.10,1.90,0.485,1,11.6,1234.4,0.0,0.0,6.95,15.16,102,109,-1,21.8,-39.4,14.1,-51.3,-0.02,-0.12,1.00,0.00,0.00,0.00,10.15,15.44,58,-1,0,2,-5.1,0.21,0.486,0.544,-0.61
26.90,brake,248.07,1.93,0.479,1,12.3,1235.8,0.0,0.0,7.15,13.10,102,109,-1,23.8,-38.2,15.9,-51.4,-0.02,-0.05,1.00,0.00,0.00,0.00,9.94,13.39,58,-1,0,3,-1.5,0.16,0.479,0.507,-0.33
27.00,brake,248.03,1.97,0.476,1,12.3,1235.8,0.0,0.0,7.15,13.10,101,109,-1,26.3,-36.5,18.8,-51.4,-0.03,0.02,1.00,0.00,0.00,0.00,9.55,11.46,58,-1,0,3,-1.5,0.09,0.476,0.496,-0.06
27.10,brake,247.98,2.02,0.479,1,13.0,1236.9,0.0,0.0,7.19,11.16,100,109,-1,29.1,-34.3,22.8,-51.4,-0.06,0.10,1.00,0.00,0.00,0.00,8.97,9.79,58,-1,0,3,2.7,-0.00,0.479,0.541,0.18
27.20,brake,247.95,2.05,0.489,1,14.4,1238.7,0.0,0.0,6.66,7.25,94,92,-1,32.1,-31.6,27.4,-51.5,-0.09,0.16,1.00,0.00,0.00,0.00,7.71,8.67,58,-1,0,2,10.4,-0.10,0.489,0.588,0.39
27.30,brake,247.94,2.06,0.502,1,15.0,1239.3,0.0,0.0,6.08,5.36,89,92,-1,35.3,-27.9,32.0,-51.5,-0.11,0.18,1.00,0.00,0.00,0.00,6.54,7.36,58,-1,0,1,12.5,-0.19,0.503,0.621,0.60
27.40,brake,247.96,2.04,0.517,1,15.6,1239.7,0.0,0.0,5.27,3.47,84,92,-1,38.5,-23.3,36.1,-51.1,-0.11,0.17,1.00,0.00,0.00,0.00,5.49,5.97,58,-1,0,0,12.7,-0.25,0.519,0.631,0.74
27.50,brake,248.01,1.99,0.524,1,16.0,1239.9,0.0,0.0,4.23,1.49,79,92,-1,41.7,-17.3,39.2,-50.3,-0.07,0.11,1.00,0.00,0.00,0.00,4.55,4.38,58,-1,0,-1,10.7,-0.27,0.527,0.598,0.83
27.60,brake,248.12,1.88,0.512,1,16.0,1239.9,0.0,0.0,4.23,1.49,75,82,-1,44.6,-11.3,40.9,-48.8,-0.02,-0.00,1.00,0.00,0.00,0.00,3.67,2.57,58,-1,0,-2,10.7,-0.25,0.514,0.523,0.97
27.70,brake,248.26,1.74,0.483,1,16.6,1239.7,0.0,0.0,1.85,-2.15,71,82,-1,38.6,-5.3,41.4,-46.7,-0.03,-0.03,1.00,0.00,0.00,0.00,3.01,0.64,58,-1,0,-2,1.4,-0.17,0.484,0.507,1.11
27.80,land,248.44,1.56,0.125,1,16.7,1239.4,-16.6,-39.7,0.68,-3.69,68,82,-1,32.6,-11.3,41.0,-44.4,0.03,-0.04,1.00,0.00,0.00,0.00,2.53,-1.28,58,-1,0,33,-3.8,0.30,0.126,0.154,1.26
27.90,land,248.64,1.36,0.120,1,16.7,1239.4,-16.7,-39.4,0.68,-3.69,65,82,-1,26.6,-16.5,40.2,-41.9,0.09,-0.02,1.00,0.00,0.00,0.00,2.15,-3.07,58,-1,0,35,-3.8,0.30,0.121,0.164,1.46
28.00,land,248.70,1.30,0.120,1,16.7,1238.9,-16.7,-38.9,-0.14,-4.66,64,79,-1,20.6,-12.7,39.5,-39.4,0.06,0.06,1.00,0.00,0.00,0.00,1.95,-4.23,58,-1,0,37,-6.2,0.30,0.121,0.169,1.29
28.10,land,248.77,1.23,0.157,1,16.6,1237.9,-16.6,-38.4,-0.66,-5.01,62,79,-1,14.6,-11.7,39.0,-37.0,0.04,0.17,1.00,0.00,0.00,0.00,1.91,-4.51,58,-1,0,38,-4.4,0.30,0.158,0.240,0.49
28.20,land,248.72,1.28,0.195,1,16.6,1237.9,-16.6,-37.9,-0.66,-5.01,62,79,-1,8.6,-10.7,38.7,-34.8,0.03,0.26,1.00,0.00,0.00,0.00,1.79,-4.73,58,-1,0,38,-4.4,0.30,0.196,0.315,-0.27
28.30,land,248.61,1.39,0.233,1,16.4,1236.9,-16.5,-37.4,-1.41,-5.41,62,79,-1,2.9,-9.7,38.3,-32.4,0.05,0.33,1.00,0.00,0.00,0.00,1.61,-4.98,58,-1,0,39,-0.9,0.30,0.234,0.387,-0.98
28.40,land,248.48,1.52,0.264,1,16.2,1236.3,-16.4,-36.9,-1.98,-5.63,61,77,-1,2.1,-8.0,37.5,-29.6,0.08,0.31,1.00,0.00,0.00,0.00,1.34,-5.42,58,-1,0,39,1.3,0.30,0.266,0.421,-1.54
28.50,land,248.37,1.63,0.290,1,15.9,1235.8,-16.2,-36.3,-2.67,-5.84,62,77,-1,1.0,-6.3,36.1,-26.6,0.13,0.24,1.00,0.00,0.00,0.00,0.91,-5.89,58,-1,0,38,4.0,0.30,0.292,0.441,-1.98
28.60,land,248.20,1.80,0.311,1,15.6,1235.2,-15.9,-35.8,-3.47,-6.11,63,77,-1,0.1,-0.3,33.9,-23.2,0.13,0.13,0.95,0.00,0.00,0.00,0.32,-6.42,58,-1,0,38,7.0,0.39,0.314,0.419,-2.30
28.70,land,248.14,1.86,0.324,1,15.6,1235.2,-15.6,-35.2,-3.47,-6.11,63,77,-1,0.1,-0.2,30.9,-19.7,0.19,-0.02,0.83,0.00,0.00,0.00,-0.37,-7.01,58,-1,0,37,7.0,0.50,0.329,0.415,-2.46
28.80,land,248.03,1.97,0.328,1,15.2,1234.5,-15.2,-34.5,-4.28,-6.28,65,83,-1,0.1,-0.2,27.3,-16.4,0.23,-0.16,0.69,0.00,0.00,0.00,-1.28,-7.50,58,-1,0,35,10.5,0.48,0.333,0.489,-2.46
28.90,land,247.89,2.11,0.327,1,14.2,1233.3,-14.7,-33.9,-5.63,-6.42,67,83,-1,0.1,-0.2,23.6,-13.7,0.23,-0.25,0.55,0.00,0.00,0.00,-2.16,-7.86,58,-1,0,33,21.5,0.35,0.329,0.518,-2.33
29.00,land,247.81,2.19,0.318,1,13.6,1232.6,-14.2,-33.3,-6.09,-6.42,69,83,-1,0.1,-0.2,20.1,-11.6,0.17,-0.27,0.43,0.00,0.00,0.00,-2.99,-8.00,58,-1,0,31,28.5,0.19,0.319,0.497,-2.08
29.10,land,247.76,2.24,0.303,1,13.6,1232.6,-13.6,-32.6,-6.09,-6.42,71,83,-1,0.1,-0.2,17.2,-10.3,0.09,-0.22,0.32,0.00,0.00,0.00,-3.65,-8.06,58,-1,0,29,28.5,0.02,0.303,0.430,-1.71
29.20,land,247.72,2.28,0.285,1,12.9,1232.0,-12.9,-32.0,-6.37,-6.42,74,97,-1,0.1,-0.2,15.1,-9.9,-0.01,-0.13,0.26,0.00,0.00,0.00,-4.40,-7.89,58,-1,0,26,34.7,-0.18,0.285,0.339,-1.28
29.30,land,247.64,2.36,0.267,1,12.3,1231.3,-12.3,-31.3,-6.51,-6.42,77,97,-1,0.1,-0.2,13.9,-10.0,-0.09,-0.01,0.23,0.00,0.00,0.00,-4.95,-7.68,58,-1,0,23,39.1,-0.33,0.269,0.310,-0.90
29.40,land,247.60,2.40,0.254,1,11.0,1230.0,-11.6,-30.7,-6.57,-6.50,80,97,-1,0.1,-0.2,13.6,-10.5,-0.15,0.11,0.23,0.00,0.00,0.00,-5.34,-7.46,58,-1,0,20,40.3,-0.42,0.257,0.360,-0.61
29.50,land,247.57,2.43,0.244,1,11.0,1230.0,-11.0,-30.0,-6.57,-6.50,82,97,-1,0.1,-0.2,13.7,-11.0,-0.16,0.18,0.24,0.00,0.00,0.00,-5.62,-7.34,58,-1,0,18,40.3,-0.44,0.247,0.383,-0.40
29.60,land,247.54,2.46,0.240,1,10.3,1229.4,-10.3,-29.4,-6.57,-6.64,87,114,-1,0.1,-0.2,13.8,-11.3,-0.14,0.18,0.25,0.00,0.00,0.00,-6.15,-7.02,58,-1,0,14,37.3,-0.47,0.243,0.371,-0.31
29.70,land,247.51,2.49,0.240,1,9.6,1228.7,-9.6,-28.7,-6.58,-6.81,90,114,-1,0.1,-0.2,13.5,-11.3,-0.09,0.13,0.25,0.00,0.00,0.00,-6.62,-6.78,58,-1,0,10,33.0,-0.46,0.243,0.333,-0.30
29.80,land,247.48,2.52,0.246,1,8.3,1227.3,-9.0,-28.0,-6.59,-7.21,94,114,-1,0.1,-0.2,12.7,-10.9,-0.05,0.04,0.22,0.00,0.00,0.00,-7.02,-6.61,58,-1,0,7,22.5,-0.43,0.249,0.285,-0.41
29.90,land,247.47,2.53,0.253,1,8.3,1227.3,-8.3,-27.3,-6.59,-7.21,96,114,-1,0.1,-0.2,11.4,-10.4,-0.01,-0.04,0.18,0.00,0.00,0.00,-7.36,-6.42,58,-1,0,4,22.5,-0.37,0.255,0.275,-0.52
30.00,land,247.46,2.54,0.258,1,7.7,1226.6,-7.7,-26.6,-6.56,-7.43,101,125,-1,0.1,-0.2,9.8,-9.7,0.02,-0.11,0.12,0.00,0.00,0.00,-7.81,-6.10,58,-1,0,-0,16.6,-0.34,0.260,0.312,-0.60
30.10,land,247.44,2.56,0.259,1,6.4,1225.0,-7.0,-25.8,-6.36,-7.73,104,125,-1,0.1,-0.2,8.0,-9.0,0.03,-0.15,0.07,0.00,0.00,0.00,-8.15,-5.78,58,-1,0,-4,4.3,-0.29,0.260,0.331,-0.59
30.20,land,247.43,2.57,0.256,1,5.8,1224.2,-6.4,-25.0,-6.19,-7.82,107,125,-1,0.1,-0.2,6.4,-8.3,0.04,-0.15,0.02,0.00,0.00,0.00,-8.37,-5.50,58,-1,0,-7,-1.0,-0.23,0.257,0.332,-0.51
30.30,land,247.41,2.59,0.254,1,5.2,1223.5,-5.8,-24.2,-6.00,-7.82,110,125,-1,0.1,-0.2,5.0,-7.7,0.04,-0.12,0.00,0.00,0.00,0.00,-8.49,-5.24,58,-1,0,-10,-5.2,-0.18,0.254,0.320,-0.45
30.40,land,247.40,2.60,0.254,1,5.2,1223.5,-5.2,-23.5,-6.00,-7.82,112,126,-1,0.1,-0.2,4.1,-7.1,0.03,-0.08,0.00,0.00,0.00,0.00,-8.53,-4.95,58,-1,0,-12,-5.2,-0.14,0.254,0.298,-0.44
30.50,land,247.37,2.63,0.254,1,4.0,1221.9,-4.6,-22.7,-5.61,-7.73,114,126,-1,0.1,-0.2,3.5,-6.6,0.03,-0.02,0.00,0.00,0.00,0.00,-8.52,-4.72,58,-1,0,-14,-11.4,-0.11,0.254,0.271,-0.42
30.60,land,247.34,2.66,0.252,1,4.0,1221.9,-4.0,-21.9,-5.61,-7.73,116,126,-1,0.1,-0.2,3.4,-6.2,0.02,0.04,0.00,0.00,0.00,0.00,-8.44,-4.47,58,-1,0,-16,-11.4,-0.09,0.252,0.276,-0.37
30.70,land,247.31,2.69,0.249,1,3.5,1221.1,-3.5,-21.1,-5.43,-7.69,118,126,-1,0.1,-0.2,3.5,-5.9,0.01,0.09,0.00,0.00,0.00,0.00,-8.38,-4.30,58,-1,0,-17,-13.4,-0.08,0.249,0.286,-0.29
30.80,land,247.27,2.73,0.249,1,2.9,1220.4,-2.9,-20.4,-5.29,-7.65,118,120,-1,0.1,-0.2,3.8,-5.7,-0.01,0.10,0.00,0.00,0.00,0.00,-8.26,-4.27,58,-1,0,-18,-14.9,-0.06,0.249,0.296,-0.27
30.90,land,247.26,2.74,0.246,1,2.4,1219.6,-2.4,-19.6,-5.18,-7.56,118,120,-1,0.1,-0.2,4.0,-5.6,-0.03,0.10,0.00,0.00,0.00,0.00,-8.15,-4.19,58,-1,0,-18,-16.0,-0.04,0.246,0.296,-0.22
31.00,land,247.25,2.75,0.241,1,1.4,1218.1,-1.9,-18.9,-5.05,-7.56,119,120,-1,0.1,-0.2,4.0,-5.6,-0.04,0.07,0.00,0.00,0.00,0.00,-8.11,-4.18,58,-1,0,-18,-17.6,-0.03,0.241,0.284,-0.11
31.10,land,247.25,2.75,0.238,1,1.4,1218.1,-1.4,-18.1,-5.05,-7.56,119,120,-1,0.1,-0.2,3.7,-5.5,-0.03,0.03,0.00,0.00,0.00,0.00,-8.08,-4.18,58,-1,0,-19,-17.6,-0.02,0.238,0.261,-0.05
31.20,land,247.25,2.75,0.239,1,0.4,1216.6,-0.9,-17.3,-4.95,-7.47,118,114,-1,0.1,-0.2,3.2,-5.3,-0.01,-0.02,0.00,0.00,0.00,0.00,-7.97,-4.32,58,-1,0,-18,-18.2,0.00,0.239,0.251,-0.06
31.30,land,247.25,2.75,0.243,1,0.4,1216.6,-0.4,-16.6,-4.95,-7.47,117,114,-1,0.1,-0.2,2.5,-5.1,0.00,-0.04,0.00,0.00,0.00,0.00,-7.82,-4.37,58,-1,0,-17,-18.2,0.02,0.243,0.261,-0.13
31.40,land,247.24,2.76,0.247,1,-0.6,1215.1,0.1,-15.8,-4.79,-7.43,117,114,-1,0.1,-0.2,1.8,-4.8,0.01,-0.05,0.00,0.00,0.00,0.00,-7.71,-4.48,58,-1,0,-17,-17.9,0.03,0.247,0.272,-0.20
31.50,land,247.23,2.77,0.251,1,-0.6,1215.1,0.6,-15.1,-4.79,-7.43,116,114,-1,0.1,-0.2,1.2,-4.4,0.02,-0.05,0.00,0.00,0.00,0.00,-7.58,-4.54,58,-1,0,-16,-17.9,0.04,0.251,0.279,-0.27
31.60,land,247.20,2.80,0.253,1,-1.1,1214.4,1.1,-14.4,-4.68,-7.38,115,107,-1,0.1,-0.2,0.7,-4.2,0.01,-0.04,0.00,0.00,0.00,0.00,-7.34,-4.74,58,-1,0,-15,-17.3,0.05,0.253,0.275,-0.30
31.70,land,247.18,2.82,0.252,1,-2.0,1212.9,1.5,-13.6,-4.42,-7.21,114,107,-1,0.1,-0.2,0.3,-3.9,0.00,-0.02,0.00,0.00,0.00,0.00,-7.09,-4.87,58,-1,0,-13,-15.9,0.06,0.252,0.262,-0.28
31.80,land,247.15,2.85,0.252,1,-2.4,1212.2,2.0,-12.9,-4.29,-7.12,112,107,-1,0.1,-0.2,0.2,-3.8,-0.01,0.01,0.00,0.00,0.00,0.00,-6.84,-4.97,58,-1,0,-12,-14.9,0.07,0.252,0.258,-0.26
31.90,land,247.12,2.88,0.253,1,-2.8,1211.5,2.4,-12.2,-4.18,-7.03,112,107,-1,0.1,-0.2,0.1,-3.7,-0.01,0.03,0.00,0.00,0.00,0.00,-6.61,-5.04,58,-1,0,-11,-13.8,0.07,0.253,0.268,-0.28
32.00,land,247.08,2.92,0.257,1,-2.8,1211.5,2.8,-11.5,-4.18,-7.03,110,100,-1,0.1,-0.2,0.2,-3.6,-0.01,0.04,0.00,0.00,0.00,0.00,-6.32,-5.19,58,-1,0,-10,-13.8,0.08,0.257,0.277,-0.34
32.10,land,247.05,2.95,0.260,1,-3.6,1210.1,3.2,-10.8,-3.98,-6.94,108,100,-1,0.1,-0.2,0.2,-3.4,0.00,0.04,0.00,0.00,0.00,0.00,-6.06,-5.29,58,-1,0,-8,-11.1,0.08,0.260,0.276,-0.37
32.20,land,247.03,2.97,0.258,1,-3.6,1210.1,3.6,-10.1,-3.98,-6.94,107,100,-1,0.1,-0.2,0.2,-3.2,0.01,0.02,0.00,0.00,0.00,0.00,-5.86,-5.45,58,-1,0,-7,-11.1,0.08,0.258,0.271,-0.32
32.30,land,247.02,2.98,0.253,1,-4.0,1209.4,4.0,-9.4,-3.90,-6.86,106,100,-1,0.1,-0.2,-0.0,-3.0,0.02,-0.00,0.00,0.00,0.00,0.00,-5.66,-5.49,58,-1,0,-6,-9.6,0.07,0.253,0.260,-0.22
32.40,land,247.01,2.99,0.250,1,-4.4,1208.7,4.4,-8.7,-3.83,-6.77,105,96,-1,0.1,-0.2,-0.4,-2.8,0.01,-0.02,0.00,0.00,0.00,0.00,-5.43,-5.57,58,-1,0,-5,-8.2,0.07,0.250,0.262,-0.15
32.50,land,246.99,3.01,0.251,1,-5.1,1207.4,4.8,-8.1,-3.67,-6.59,104,96,-1,0.1,-0.2,-0.7,-2.6,0.01,-0.03,0.00,0.00,0.00,0.00,-5.21,-5.62,58,-1,0,-3,-5.7,0.07,0.251,0.264,-0.16
32.60,land,246.97,3.03,0.254,1,-5.1,1207.4,5.1,-7.4,-3.67,-6.59,102,96,-1,0.1,-0.2,-1.0,-2.5,0.00,-0.03,0.00,0.00,0.00,0.00,-5.01,-5.64,58,-1,0,-2,-5.7,0.07,0.254,0.266,-0.23
32.70,land,246.94,3.06,0.258,1,-5.9,1206.1,5.5,-6.7,-3.46,-6.42,102,96,-1,0.1,-0.2,-1.3,-2.4,-0.00,-0.03,0.00,0.00,0.00,0.00,-4.80,-5.65,58,-1,0,-1,-3.4,0.06,0.258,0.270,-0.30
32.80,land,246.91,3.09,0.262,1,-5.9,1206.1,5.9,-6.1,-3.46,-6.42,101,95,-1,0.1,-0.2,-1.5,-2.4,-0.01,-0.02,0.00,0.00,0.00,0.00,-4.58,-5.67,58,-1,0,-0,-3.4,0.06,0.262,0.273,-0.36
32.90,land,246.86,3.14,0.265,1,-6.2,1205.5,6.2,-5.5,-3.35,-6.28,100,95,-1,0.1,-0.2,-1.7,-2.3,-0.00,-0.00,0.00,0.00,0.00,0.00,-4.35,-5.63,58,-1,0,1,-2.6,0.06,0.265,0.267,-0.40
33.00,land,246.83,3.17,0.265,1,-6.5,1204.8,6.5,-4.8,-3.23,-6.20,99,95,-1,0.1,-0.2,-1.6,-2.2,0.01,0.02,0.00,0.00,0.00,0.00,-4.15,-5.62,58,-1,0,1,-1.6,0.06,0.265,0.276,-0.38
33.10,land,246.80,3.20,0.265,1,-6.8,1204.2,6.8,-4.2,-3.11,-6.11,98,95,-1,0.1,-0.2,-1.4,-2.0,0.02,0.05,0.00,0.00,0.00,0.00,-3.95,-5.60,58,-1,0,2,-0.8,0.05,0.265,0.290,-0.36
33.20,land,246.77,3.23,0.263,1,-7.4,1203.0,7.1,-3.6,-2.91,-5.93,98,94,-1,0.1,-0.2,-1.2,-1.7,0.02,0.04,0.00,0.00,0.00,0.00,-3.78,-5.57,58,-1,0,3,0.4,0.05,0.263,0.289,-0.31
33.30,land,246.75,3.25,0.258,1,-7.7,1202.4,7.4,-3.0,-2.83,-5.80,97,94,-1,0.1,-0.2,-1.2,-1.5,0.02,0.02,0.00,0.00,0.00,0.00,-3.62,-5.53,58,-1,0,3,1.1,0.05,0.258,0.275,-0.21
33.40,land,246.75,3.25,0.253,1,-7.7,1202.4,7.7,-2.4,-2.83,-5.80,97,94,-1,0.1,-0.2,-1.3,-1.4,0.02,-0.01,0.00,0.00,0.00,0.00,-3.49,-5.43,58,-1,0,3,1.1,0.05,0.253,0.263,-0.10
33.50,land,246.75,3.25,0.250,1,-8.0,1201.9,8.0,-1.9,-2.76,-5.71,96,94,-1,0.1,-0.2,-1.6,-1.3,0.01,-0.03,0.00,0.00,0.00,0.00,-3.37,-5.38,58,-1,0,4,2.1,0.04,0.250,0.263,-0.03
33.60,land,246.75,3.25,0.250,1,-8.5,1200.8,8.3,-1.3,-2.61,-5.49,96,95,-1,0.1,-0.2,-1.9,-1.3,-0.01,-0.04,0.00,0.00,0.00,0.00,-3.27,-5.31,58,-1,0,4,3.5,0.02,0.250,0.267,-0.05
33.70,land,246.74,3.26,0.254,1,-8.8,1200.2,8.5,-0.8,-2.51,-5.41,96,95,-1,0.1,-0.2,-2.2,-1.3,-0.01,-0.04,0.00,0.00,0.00,0.00,-3.16,-5.20,58,-1,0,4,4.0,0.01,0.254,0.274,-0.12
33.80,land,246.72,3.28,0.256,1,-9.0,1199.7,8.8,-0.2,-2.40,-5.27,96,95,-1,-5.9,5.8,-2.4,-1.4,-0.07,0.03,0.00,0.00,0.00,0.00,-3.04,-5.13,58,-1,0,4,4.7,0.01,0.256,0.298,-0.16
33.90,land,246.72,3.28,0.256,1,-9.0,1199.7,9.0,0.3,-2.40,-5.27,96,95,-1,-11.9,11.8,-2.5,-1.3,-0.12,0.11,0.00,0.00,0.00,0.00,-2.91,-5.01,58,-1,0,5,4.7,-0.00,0.256,0.349,-0.14
34.00,land,246.71,3.29,0.254,1,-9.3,1199.2,9.3,0.8,-2.29,-5.19,96,97,-1,-14.0,14.6,-2.5,-1.2,-0.12,0.15,0.00,0.00,0.00,0.00,-2.80,-4.93,58,-1,0,4,5.2,-0.02,0.254,0.362,-0.10
34.10,land,246.71,3.29,0.251,1,-9.5,1198.6,9.5,1.4,-2.19,-5.10,96,97,-1,-13.9,14.7,-2.6,-0.7,-0.08,0.12,0.00,0.00,0.00,0.00,-2.71,-4.84,58,-1,0,4,5.6,-0.03,0.251,0.332,-0.03
34.20,land,246.72,3.28,0.250,1,-9.9,1197.6,9.7,1.9,-2.06,-5.01,96,97,-1,-13.9,15.0,-3.1,0.0,-0.03,0.07,0.00,0.00,0.00,0.00,-2.64,-4.85,58,-1,0,4,5.6,-0.03,0.250,0.289,-0.02
34.30,land,246.72,3.28,0.251,1,-10.1,1197.1,9.9,2.4,-2.00,-4.97,96,97,-1,-13.9,15.0,-3.8,1.1,0.03,0.02,0.00,0.00,0.00,0.00,-2.58,-4.76,58,-1,0,4,5.2,-0.03,0.251,0.268,-0.04
34.40,land,246.73,3.27,0.253,1,-10.1,1197.1,10.1,2.9,-2.00,-4.97,97,99,-1,-14.0,15.2,-4.8,2.4,0.07,-0.03,0.00,0.00,0.00,0.00,-2.55,-4.71,58,-1,0,4,5.2,-0.03,0.253,0.291,-0.08
34.50,land,246.74,3.26,0.253,1,-10.5,1196.2,10.3,3.4,-1.82,-4.66,97,99,-1,-14.0,15.0,-6.0,3.7,0.09,-0.07,0.00,0.00,0.00,0.00,-2.49,-4.57,58,-1,0,3,4.0,-0.03,0.253,0.313,-0.07
34.60,land,246.75,3.25,0.251,1,-10.5,1196.2,10.5,3.8,-1.82,-4.66,97,99,-1,-13.8,14.8,-7.3,5.0,0.08,-0.09,0.00,0.00,0.00,0.00,-2.37,-4.40,58,-1,0,3,4.0,-0.02,0.251,0.319,-0.03
34.70,land,246.75,3.25,0.250,1,-10.6,1195.7,10.6,4.3,-1.68,-4.44,97,99,-1,-13.5,14.4,-8.4,6.0,0.06,-0.09,0.01,0.00,0.00,0.00,-2.22,-4.20,58,-1,0,3,3.4,-0.01,0.250,0.310,-0.01
34.80,land,246.74,3.26,0.255,1,-10.8,1195.3,10.8,4.7,-1.52,-4.22,97,100,-1,-13.1,14.0,-9.4,6.8,0.04,-0.06,0.05,0.00,0.00,0.00,-2.05,-3.99,58,-1,0,3,3.0,-0.00,0.255,0.298,-0.11
34.90,land,246.72,3.28,0.261,1,-10.9,1194.9,10.9,5.1,-1.34,-4.00,98,100,-1,-12.7,13.7,-10.1,7.4,0.01,-0.04,0.08,0.00,0.00,0.00,-1.85,-3.79,58,-1,0,3,2.7,-0.00,0.261,0.282,-0.21
35.00,land,246.70,3.30,0.265,1,-11.1,1194.5,11.1,5.5,-1.14,-3.69,98,100,-1,-12.1,13.0,-10.6,7.8,-0.01,-0.02,0.10,0.00,0.00,0.00,-1.63,-3.50,58,-1,0,2,2.5,-0.00,0.265,0.274,-0.29
35.10,land,246.66,3.34,0.266,1,-11.2,1193.9,11.2,5.8,-0.70,-3.12,98,100,-1,-11.5,12.4,-10.8,8.0,-0.02,0.01,0.11,0.00,0.00,0.00,-1.38,-3.23,58,-1,0,2,2.3,0.00,0.266,0.276,-0.29
35.20,land,246.64,3.36,0.264,1,-11.2,1193.9,11.2,6.1,-0.70,-3.12,98,101,-1,-10.9,11.9,-10.8,8.2,-0.02,0.04,0.11,0.00,0.00,0.00,-1.13,-2.99,58,-1,0,2,2.3,-0.00,0.264,0.288,-0.23
35.30,land,246.62,3.38,0.261,1,-11.3,1193.3,11.3,6.4,-0.30,-2.50,98,101,-1,-10.2,11.1,-10.6,8.5,0.00,0.06,0.12,0.00,0.00,0.00,-0.88,-2.67,58,-1,0,2,2.3,-0.01,0.261,0.285,-0.18
35.40,land,246.61,3.39,0.258,1,-11.3,1193.1,11.3,6.7,-0.13,-2.24,98,101,-1,-9.6,10.5,-10.5,8.8,0.02,0.04,0.12,0.00,0.00,0.00,-0.66,-2.44,58,-1,0,2,2.1,-0.01,0.258,0.282,-0.12
35.50,land,246.61,3.39,0.255,1,-11.3,1192.9,11.3,6.9,0.02,-1.98,98,101,-1,-9.0,9.9,-10.6,9.1,0.03,0.01,0.13,0.00,0.00,0.00,-0.46,-2.20,58,-1,0,2,1.9,-0.01,0.255,0.269,-0.05
35.60,land,246.62,3.38,0.252,1,-11.3,1192.9,11.3,7.1,0.02,-1.98,99,102,-1,-8.6,9.3,-10.9,9.4,0.04,-0.03,0.14,0.00,0.00,0.00,-0.28,-1.96,58,-1,0,2,1.9,-0.01,0.252,0.278,0.01
35.70,land,246.62,3.38,0.250,1,-11.3,1192.7,11.3,7.3,0.15,-1.71,99,102,-1,-8.1,8.7,-11.3,9.7,0.04,-0.06,0.16,0.00,0.00,0.00,-0.11,-1.72,58,-1,0,1,1.8,-0.01,0.250,0.290,0.04
35.80,land,246.63,3.37,0.251,1,-11.3,1192.4,11.3,7.4,0.45,-1.19,99,102,-1,-7.6,8.1,-11.8,9.9,0.03,-0.07,0.17,0.00,0.00,0.00,0.07,-1.48,58,-1,0,1,1.5,-0.01,0.251,0.294,0.02
35.90,land,246.63,3.37,0.253,1,-11.3,1192.4,11.3,7.6,0.45,-1.19,99,102,-1,-7.0,7.5,-12.1,9.9,0.03,-0.07,0.18,0.00,0.00,0.00,0.26,-1.24,58,-1,0,1,1.5,-0.01,0.253,0.291,-0.00
36.00,land,246.62,3.38,0.254,1,-11.1,1192.3,11.2,7.7,0.81,-0.57,99,102,-1,-6.3,6.7,-12.3,9.9,0.02,-0.06,0.19,0.00,0.00,0.00,0.47,-0.97,58,-1,0,1,1.0,-0.00,0.254,0.285,-0.04
36.10,land,246.62,3.38,0.254,1,-11.1,1192.3,11.1,7.7,0.81,-0.57,99,102,-1,-5.6,5.9,-12.3,9.8,0.02,-0.04,0.19,0.00,0.00,0.00,0.71,-0.69,58,-1,0,1,1.0,-0.00,0.254,0.276,-0.04
36.20,land,246.62,3.38,0.252,1,-10.9,1192.2,11.0,7.8,1.21,-0.04,99,102,-1,-4.8,5.3,-12.1,9.6,0.02,-0.01,0.18,0.00,0.00,0.00,0.95,-0.47,58,-1,0,1,0.7,-0.00,0.252,0.262,0.01
36.30,land,246.62,3.38,0.251,1,-10.9,1192.2,10.9,7.8,1.21,-0.04,99,102,-1,-4.1,4.6,-11.6,9.4,0.01,0.02,0.16,0.00,0.00,0.00,1.19,-0.24,58,-1,0,1,0.7,0.00,0.251,0.266,0.03
36.40,land,246.61,3.39,0.254,1,-10.8,1192.2,10.8,7.8,1.38,0.18,100,103,-1,-3.4,4.0,-11.0,9.2,0.01,0.04,0.14,0.00,0.00,0.00,1.39,-0.06,58,-1,0,0,0.5,-0.00,0.254,0.275,-0.03
36.50,land,246.58,3.42,0.260,1,-10.6,1192.3,10.6,7.7,1.52,0.40,100,103,-1,-2.8,3.4,-10.4,9.0,0.02,0.04,0.12,0.00,0.00,0.00,1.57,0.13,58,-1,0,0,0.5,-0.00,0.260,0.285,-0.14
36.60,land,246.56,3.44,0.263,1,-10.5,1192.3,10.5,7.7,1.64,0.57,100,103,-1,-2.3,3.0,-9.8,8.7,0.02,0.04,0.10,0.00,0.00,0.00,1.72,0.28,58,-1,0,0,0.4,-0.01,0.263,0.286,-0.20
36.70,land,246.54,3.46,0.262,1,-10.1,1192.5,10.3,7.6,1.83,0.97,100,103,-1,-1.7,2.3,-9.3,8.4,0.02,0.02,0.08,0.00,0.00,0.00,1.86,0.47,58,-1,0,-0,0.2,-0.01,0.262,0.276,-0.18
36.80,land,246.54,3.46,0.259,1,-9.9,1192.6,10.1,7.5,1.90,1.14,100,103,-1,-1.3,1.8,-9.1,8.2,0.02,-0.02,0.07,0.00,0.00,0.00,1.98,0.62,58,-1,0,-0,0.1,-0.01,0.259,0.277,-0.10
36.90,land,246.54,3.46,0.256,1,-9.9,1192.6,9.9,7.4,1.90,1.14,101,103,-1,-0.9,1.3,-9.0,7.9,0.02,-0.05,0.06,0.00,0.00,0.00,2.08,0.77,58,-1,0,-0,0.1,-0.01,0.256,0.285,-0.05
37.00,land,246.53,3.47,0.256,1,-9.5,1192.9,9.7,7.3,2.06,1.49,101,103,-1,-0.4,0.8,-9.0,7.6,0.02,-0.06,0.06,0.00,0.00,0.00,2.19,0.92,58,-1,0,-1,0.1,-0.02,0.256,0.285,-0.05
37.10,land,246.53,3.47,0.256,1,-9.3,1193.0,9.5,7.1,2.16,1.63,101,103,-1,0.1,0.2,-8.9,7.1,0.01,-0.05,0.04,0.00,0.00,0.00,2.31,1.07,58,-1,0,-1,0.1,-0.02,0.256,0.280,-0.05
37.20,land,246.53,3.47,0.255,1,-9.1,1193.2,9.3,7.0,2.28,1.80,101,103,-1,0.6,-0.2,-8.6,6.7,0.01,-0.03,0.03,0.00,0.00,0.00,2.43,1.18,58,-1,0,-1,0.1,-0.02,0.255,0.268,-0.02
37.30,land,246.53,3.47,0.251,1,-9.1,1193.2,9.1,6.8,2.28,1.80,101,103,-1,1.2,-0.7,-8.1,6.3,0.01,0.01,0.01,0.00,0.00,0.00,2.58,1.32,58,-1,0,-1,0.1,-0.03,0.251,0.258,0.06
37.40,land,246.53,3.47,0.248,1,-8.9,1193.4,8.9,6.6,2.38,1.93,101,103,-1,1.8,-1.1,-7.4,5.9,0.01,0.04,0.00,0.00,0.00,0.00,2.72,1.42,58,-1,0,-1,0.1,-0.03,0.248,0.265,0.11
37.50,land,246.53,3.47,0.250,1,-8.6,1193.6,8.6,6.4,2.47,2.02,102,103,-1,2.2,-1.4,-6.6,5.5,0.01,0.05,0.00,0.00,0.00,0.00,2.82,1.48,58,-1,0,-1,-0.2,-0.02,0.250,0.272,0.08
37.60,land,246.52,3.48,0.254,1,-8.4,1193.8,8.4,6.2,2.52,2.11,102,103,-1,2.6,-1.7,-5.8,5.1,0.01,0.06,0.00,0.00,0.00,0.00,2.90,1.55,58,-1,0,-2,-0.4,-0.02,0.254,0.279,0.00
37.70,land,246.52,3.48,0.254,1,-7.9,1194.2,8.1,6.0,2.56,2.29,102,103,-1,2.9,-2.0,-5.1,4.7,0.01,0.04,0.00,0.00,0.00,0.00,2.95,1.62,58,-1,0,-2,-0.9,-0.02,0.254,0.276,-0.01
37.80,land,246.53,3.47,0.249,1,-7.6,1194.5,7.9,5.8,2.55,2.33,102,103,-1,3.2,-2.4,-4.6,4.3,0.02,0.01,0.00,0.00,0.00,0.00,2.98,1.70,58,-1,0,-2,-1.1,-0.02,0.249,0.260,0.09
37.90,land,246.54,3.46,0.000,1,-7.3,1194.7,7.6,5.5,2.54,2.37,102,103,-1,3.4,-2.6,-4.3,3.9,0.01,-0.02,0.00,0.00,0.00,0.00,2.99,1.73,58,-1,1,-2,-1.1,-0.02,0.000,0.000,0.15
38.00,land,246.50,3.50,0.000,1,-7.1,1195.0,7.3,5.3,2.50,2.37,102,103,-1,3.6,-2.8,-4.1,3.5,0.01,-0.03,0.00,0.00,0.00,0.00,2.98,1.78,58,-1,1,-2,-1.1,-0.02,0.000,0.000,0.13
38.10,land,246.46,3.54,0.000,1,-7.1,1195.0,7.1,5.0,2.50,2.37,102,103,-1,3.7,-3.0,-3.9,3.1,0.01,-0.03,0.00,0.00,0.00,0.00,2.96,1.78,58,-1,1,-2,-1.1,-0.02,0.000,0.000,-0.45
38.20,land,246.35,3.65,0.000,1,-6.6,1195.4,6.8,4.8,2.48,2.37,102,103,-1,3.8,-3.1,-3.8,2.8,0.01,-0.04,0.00,0.00,0.00,0.00,2.95,1.78,58,-1,1,-2,-1.3,-0.02,0.000,0.000,-0.64
38.30,land,246.24,3.76,0.000,1,-6.6,1195.4,6.6,4.6,2.48,2.37,103,103,-1,4.0,-3.2,-3.6,2.4,0.01,-0.04,0.00,0.00,0.00,0.00,2.93,1.78,58,-1,1,-2,-1.3,-0.02,0.000,0.000,-1.04
38.40,land,246.04,3.96,0.000,1,-6.1,1195.9,6.3,4.3,2.42,2.29,103,103,-1,4.1,-3.3,-3.5,2.1,0.01,-0.04,0.00,0.00,0.00,0.00,2.91,1.79,58,-1,1,-2,-1.4,-0.02,0.000,0.000,-1.64
38.50,land,245.65,4.35,0.000,1,-5.9,1196.1,6.1,4.1,2.37,2.29,103,103,-1,4.1,-3.2,-3.3,1.8,0.01,-0.04,0.00,0.00,0.00,0.00,2.86,1.71,58,-1,1,-2,-1.4,-0.02,0.000,0.000,-2.43
38.60,land,245.23,4.77,0.000,1,-5.6,1196.3,5.9,3.9,2.32,2.20,102,103,-1,4.2,-3.4,-3.2,1.5,0.01,-0.04,0.00,0.00,0.00,0.00,2.81,1.72,58,-1,1,-2,-1.3,-0.02,0.000,0.000,-3.42
38.70,land,244.70,5.30,0.000,1,-5.6,1196.3,5.6,3.7,2.32,2.20,102,103,-1,4.1,-3.2,-3.1,1.2,0.01,-0.04,0.00,0.00,0.00,0.00,2.74,1.64,58,-1,1,-2,-1.3,-0.02,0.000,0.000,-4.48
38.80,land,244.07,5.93,0.000,1,-5.2,1196.8,5.4,3.4,2.22,2.11,102,102,-1,4.1,-3.4,-2.9,0.9,0.01,-0.04,0.00,0.00,0.00,0.00,2.69,1.66,58,-1,1,-2,-1.3,-0.02,0.000,0.000,-5.53
38.90,land,243.33,6.67,0.000,1,-5.0,1197.0,5.2,3.2,2.17,2.11,102,102,-1,4.1,-3.3,-2.8,0.6,0.01,-0.04,0.00,0.00,0.00,0.00,2.62,1.59,58,-1,1,-2,-1.3,-0.02,0.000,0.000,-6.57
39.00,land,242.72,7.28,0.000,1,-5.0,1197.0,5.0,3.0,2.17,2.11,102,102,-1,4.1,-3.4,-2.7,0.3,0.01,-0.04,0.00,0.00,0.00,0.00,2.57,1.60,58,-1,1,-2,-1.3,-0.02,0.000,0.000,-7.60
39.10,land,241.56,8.44,0.000,1,-4.5,1197.4,4.7,2.8,2.07,2.02,102,102,-1,4.1,-3.3,-2.6,0.1,0.00,-0.05,0.00,0.00,0.00,0.00,2.50,1.52,58,-1,1,-2,-1.1,-0.02,0.000,0.000,-8.62
39.20,land,240.52,9.48,0.000,1,-4.5,1197.4,4.5,2.6,2.07,2.02,102,102,-1,4.1,-3.4,-2.6,-0.2,0.00,-0.05,0.00,0.00,0.00,0.00,2.45,1.54,58,-1,1,-2,-1.1,-0.02,0.000,0.000,-9.62
39.30,land,239.38,10.62,0.000,1,-4.3,1197.6,4.3,2.4,2.03,1.93,102,102,-1,4.0,-3.3,-2.5,-0.5,0.00,-0.05,0.00,0.00,0.00,0.00,2.39,1.47,58,-1,1,-2,-1.1,-0.02,0.000,0.000,-10.62
39.40,land,238.15,11.85,0.000,1,-4.1,1197.8,4.1,2.2,1.98,1.93,102,102,-1,4.0,-3.4,-2.4,-0.7,0.00,-0.05,0.00,0.00,0.00,0.00,2.34,1.48,58,-1,1,-2,-1.0,-0.02,0.000,0.000,-11.61
39.50,land,237.49,12.51,0.000,1,-3.9,1198.0,3.9,2.0,1.93,1.85,102,102,-1,4.0,-3.3,-2.4,-1.0,-0.00,-0.05,0.00,0.00,0.00,0.00,2.27,1.41,58,-1,1,-2,-1.0,-0.02,0.000,0.000,-12.59
39.60,land,235.38,14.62,0.000,1,-3.6,1198.3,3.8,1.9,1.84,1.76,102,101,-1,4.0,-3.4,-2.4,-1.2,-0.00,-0.05,0.00,0.00,0.00,0.00,2.22,1.42,58,-1,1,-2,-1.0,-0.01,0.000,0.000,-13.56
39.70,land,233.86,16.14,0.000,1,-3.4,1198.5,3.6,1.7,1.79,1.76,102,101,-1,3.9,-3.3,-2.3,-1.4,-0.00,-0.05,0.00,0.00,0.00,0.00,2.16,1.35,58,-1,1,-2,-0.9,-0.01,0.000,0.000,-14.52
39.80,land,233.06,16.94,0.000,1,-3.4,1198.5,3.4,1.5,1.79,1.76,102,101,-1,3.9,-3.4,-2.3,-1.6,-0.00,-0.06,0.00,0.00,0.00,0.00,2.11,1.36,58,-1,1,-1,-0.9,-0.01,0.000,0.000,-15.47
39.90,land,231.40,18.60,0.000,1,-3.2,1198.7,3.2,1.3,1.75,1.76,102,101,-1,3.9,-3.5,-2.3,-1.8,-0.00,-0.06,0.00,0.00,0.00,0.00,2.06,1.37,58,-1,1,-1,-0.8,-0.01,0.000,0.000,-16.41
40.00,land,228.73,21.27,0.000,1,-2.9,1199.0,3.0,1.2,1.65,1.67,101,101,-1,3.8,-3.4,-2.3,-2.1,-0.01,-0.06,0.00,0.00,0.00,0.00,2.00,1.30,58,-1,1,-1,-0.8,-0.01,0.000,0.000,-17.35
40.10,land,226.83,23.17,0.000,1,-2.7,1199.2,2.9,1.0,1.61,1.63,101,101,-1,3.8,-3.5,-2.3,-2.3,-0.01,-0.06,0.00,0.00,0.00,0.00,1.95,1.31,58,-1,1,-1,-0.7,-0.01,0.000,0.000,-18.27
40.20,land,225.35,24.65,0.000,1,-2.7,1199.2,2.7,0.8,1.61,1.63,101,101,-1,3.8,-3.5,-2.3,-2.5,-0.01,-0.06,0.00,0.00,0.00,0.00,1.90,1.28,58,-1,1,-1,-0.7,-0.01,0.000,0.000,-19.18
40.30,land,223.82,26.18,0.000,1,-2.6,1199.3,2.6,0.7,1.56,1.58,101,101,-1,3.7,-3.5,-2.4,-2.7,-0.01,-0.06,0.00,0.00,0.00,0.00,1.84,1.25,58,-1,1,-1,-0.6,-0.01,0.000,0.000,-20.09
40.40,land,221.15,28.85,0.000,1,-2.4,1199.5,2.4,0.5,1.52,1.58,101,101,-1,3.7,-3.6,-2.4,-2.9,-0.01,-0.07,0.00,0.00,0.00,0.00,1.79,1.26,58,-1,1,-1,-0.7,-0.01,0.000,0.000,-20.98
40.50,land,218.35,31.65,0.000,1,-2.1,1199.8,2.3,0.3,1.43,1.49,101,101,-1,3.7,-3.7,-2.4,-3.1,-0.01,-0.07,0.00,0.00,0.00,0.00,1.75,1.27,58,-1,1,-1,-0.7,-0.01,0.000,0.000,-21.87
40.60,land,217.19,32.81,0.000,1,-2.1,1199.8,2.1,0.2,1.43,1.49,101,101,-1,3.6,-3.5,-2.5,-3.2,-0.01,-0.07,0.00,0.00,0.00,0.00,1.68,1.19,58,-1,1,-1,-0.7,-0.00,0.000,0.000,-22.74
40.70,land,214.81,35.19,0.000,1,-2.0,1200.0,2.0,0.0,1.38,1.49,101,101,-1,3.6,-3.6,-2.6,-3.4,-0.01,-0.07,0.00,0.00,0.00,0.00,1.64,1.20,58,-1,1,-1,-0.7,-0.00,0.000,0.000,-23.61
40.80,land,211.08,38.92,0.000,1,-1.7,1200.3,1.8,-0.1,1.29,1.49,101,100,-1,3.5,-3.8,-2.6,-3.6,-0.01,-0.07,0.00,0.00,0.00,0.00,1.59,1.22,58,-1,1,-1,-0.6,-0.00,0.000,0.000,-24.47
40.90,land,209.79,40.21,0.000,1,-1.7,1200.3,1.7,-0.3,1.29,1.49,101,100,-1,3.5,-3.9,-2.7,-3.8,-0.01,-0.08,0.00,0.00,0.00,0.00,1.54,1.23,58,-1,1,-1,-0.6,-0.00,0.000,0.000,-25.32
41.00,land,207.15,42.85,0.000,1,-1.6,1200.4,1.6,-0.4,1.24,1.49,101,100,-1,3.4,-4.0,-2.8,-4.0,-0.01,-0.08,0.00,0.00,0.00,0.00,1.50,1.24,58,-1,1,-1,-0.5,-0.00,0.000,0.000,-26.16
41.10,land,204.44,45.56,0.000,1,-1.5,1200.5,1.5,-0.5,1.19,1.41,101,100,-1,3.3,-3.8,-2.9,-4.2,-0.02,-0.08,0.00,0.00,0.00,0.00,1.43,1.16,58,-1,1,-1,-0.6,0.00,0.000,0.000,-26.99
41.20,land,200.20,49.80,0.000,1,-1.2,1200.8,1.3,-0.7,1.09,1.41,101,100,-1,3.3,-3.9,-3.0,-4.4,-0.02,-0.08,0.00,0.00,0.00,0.00,1.38,1.17,58,-1,1,-0,-0.5,0.00,0.000,0.000,-27.82
41.30,land,197.28,52.72,0.000,1,-1.1,1201.0,1.2,-0.8,1.04,1.41,101,100,-1,3.2,-4.0,-3.1,-4.5,-0.02,-0.08,0.00,0.00,0.00,0.00,1.33,1.18,58,-1,1,-0,-0.5,0.00,0.000,0.000,-28.63
41.40,land,194.28,55.72,0.000,1,-1.0,1201.1,1.1,-1.0,0.99,1.41,101,100,-1,3.1,-4.2,-3.2,-4.7,-0.02,-0.09,0.00,0.00,0.00,0.00,1.28,1.19,58,-1,1,-0,-0.5,0.00,0.000,0.000,-29.44
41.50,land,191.20,58.80,0.000,1,-0.9,1201.2,1.0,-1.1,0.94,1.41,101,100,-1,3.1,-4.3,-3.3,-4.9,-0.02,-0.09,0.00,0.00,0.00,0.00,1.23,1.20,58,-1,1,-0,-0.4,0.00,0.000,0.000,-30.24
41.60,land,189.63,60.37,0.000,1,-0.9,1201.2,0.9,-1.2,0.94,1.41,100,100,-1,3.0,-4.4,-3.5,-5.1,-0.02,-0.09,0.00,0.00,0.00,0.00,1.18,1.21,58,-1,1,-0,-0.4,0.00,0.000,0.000,-31.02
41.70,land,184.80,65.20,0.000,1,-0.8,1201.5,0.8,-1.4,0.83,1.41,100,100,-1,2.9,-4.5,-3.6,-5.3,-0.02,-0.09,0.00,0.00,0.00,0.00,1.13,1.22,58,-1,1,-0,-0.4,0.00,0.000,0.000,-31.80
41.80,land,183.15,66.85,0.000,1,-0.7,1201.7,0.8,-1.5,0.77,1.41,100,100,-1,2.8,-4.6,-3.8,-5.5,-0.03,-0.10,0.00,0.00,0.00,0.00,1.07,1.23,58,-1,1,-0,-0.4,0.00,0.000,0.000,-32.57
41.90,land,178.10,71.90,0.000,1,-0.6,1201.8,0.7,-1.7,0.72,1.41,100,100,-1,2.7,-4.7,-3.9,-5.7,-0.03,-0.10,0.00,0.00,0.00,0.00,1.02,1.24,58,-1,1,-0,-0.3,0.00,0.000,0.000,-33.34
42.00,land,174.64,75.36,0.000,1,-0.5,1202.0,0.6,-1.8,0.65,1.41,100,100,-1,2.6,-4.8,-4.1,-5.9,-0.03,-0.10,0.00,0.00,0.00,0.00,0.96,1.25,58,-1,1,-0,-0.3,0.00,0.000,0.000,-34.09
42.10,land,171.10,78.90,0.000,1,-0.5,1202.1,0.5,-2.0,0.59,1.41,100,100,-1,2.5,-4.9,-4.3,-6.1,-0.03,-0.11,0.00,0.00,0.00,0.00,0.90,1.26,58,-1,1,-0,-0.3,0.00,0.000,0.000,-34.83
42.20,land,169.30,80.70,0.000,1,-0.5,1202.1,0.5,-2.1,0.59,1.41,100,100,-1,2.3,-5.1,-4.5,-6.4,-0.03,-0.11,0.00,0.00,0.00,0.00,0.84,1.28,58,-1,1,-0,-0.3,0.00,0.000,0.000,-35.57
42.30,land,163.81,86.19,0.000,1,-0.4,1202.4,0.4,-2.2,0.46,1.49,100,100,-1,2.2,-5.2,-4.7,-6.6,-0.04,-0.11,0.00,0.00,0.00,0.00,0.77,1.29,58,-1,1,-0,-0.3,0.00,0.000,0.000,-36.30
42.40,land,160.05,89.95,0.000,1,-0.3,1202.5,0.4,-2.4,0.39,1.49,100,100,-1,2.1,-5.6,-5.0,-6.8,-0.04,-0.12,0.00,0.00,0.00,0.00,0.72,1.39,58,-1,1,-0,-0.3,0.00,0.000,0.000,-37.01
42.50,land,156.23,93.77,0.000,1,-0.3,1202.5,0.3,-2.5,0.39,1.49,100,100,-1,1.9,-5.7,-5.2,-7.1,-0.04,-0.12,0.00,0.00,0.00,0.00,0.65,1.40,58,-1,1,-0,-0.3,0.00,0.000,0.000,-37.72
42.60,land,152.34,97.66,0.000,1,-0.3,1202.8,0.3,-2.7,0.24,1.49,100,100,-1,1.8,-5.8,-5.4,-7.3,-0.04,-0.12,0.00,0.00,0.00,0.00,0.58,1.41,58,-1,1,-0,-0.2,-0.00,0.000,0.000,-38.42
42.70,land,148.38,101.62,0.000,1,-0.3,1203.0,0.3,-2.8,0.16,1.58,100,100,-1,1.6,-6.0,-5.7,-7.6,-0.05,-0.13,0.00,0.00,0.00,0.00,0.51,1.43,58,-1,1,-0,-0.2,-0.00,0.000,0.000,-39.11
42.80,land,146.37,103.63,0.000,1,-0.3,1203.0,0.3,-3.0,0.16,1.58,100,100,-1,1.4,-6.4,-6.0,-7.9,-0.05,-0.13,0.00,0.00,0.00,0.00,0.45,1.53,58,-1,1,-0,-0.2,-0.00,0.000,0.000,-39.80
42.90,land,141.29,108.71,0.088,1,-0.2,1203.1,0.2,-3.1,0.08,1.58,101,100,-1,1.2,-6.5,-6.3,-8.2,-0.05,-0.13,0.01,0.00,0.00,0.00,0.37,1.54,58,-1,0,-0,-0.2,-0.00,0.088,0.162,-40.47
43.00,land,138.18,111.82,0.172,1,-0.2,1203.3,0.2,-3.3,-0.01,1.63,101,100,-1,1.0,-6.8,-6.6,-8.5,-0.05,-0.14,0.02,0.00,0.00,0.00,0.29,1.60,58,-1,0,-0,-0.2,-0.00,0.172,0.249,-41.13
43.10,land,131.87,118.13,0.323,1,-0.3,1203.6,0.3,-3.5,-0.19,1.67,101,100,-1,0.8,-7.1,-6.9,-8.8,-0.06,-0.14,0.04,0.00,0.00,0.00,0.21,1.66,58,-1,0,-0,-0.2,-0.01,0.323,0.402,-41.78
43.20,land,128.68,121.32,0.420,1,-0.3,1203.6,0.3,-3.6,-0.19,1.67,101,100,-1,0.5,-7.3,-7.2,-9.2,-0.06,-0.13,0.05,0.00,0.00,0.00,0.13,1.68,58,-1,0,-1,-0.2,-0.01,0.420,0.497,-42.38
43.30,land,123.33,126.67,0.555,1,-0.3,1204.0,0.3,-3.8,-0.15,1.63,101,100,-1,0.5,-7.4,-7.2,-9.4,-0.05,-0.10,0.06,0.00,0.00,0.00,0.09,1.68,58,-1,0,-1,-0.3,-0.01,0.555,0.613,-42.73
43.40,land,121.21,128.79,0.606,1,-0.3,1204.1,0.3,-4.0,0.06,1.45,101,100,-1,0.7,-7.3,-6.7,-9.6,-0.03,-0.03,0.05,0.00,0.00,0.00,0.16,1.63,58,-1,0,-1,-0.4,-0.01,0.606,0.630,-42.63
43.50,land,115.03,134.97,0.719,1,-0.3,1204.2,0.3,-4.1,0.41,1.10,101,100,-1,1.2,-6.8,-5.6,-9.4,0.00,0.07,0.03,0.00,0.00,0.00,0.34,1.41,58,-1,0,-1,-0.5,-0.01,0.719,0.750,-41.86
43.60,land,113.06,136.94,0.697,1,-0.3,1204.2,0.3,-4.2,0.41,1.10,101,99,-1,2.1,-5.6,-3.8,-9.0,0.05,0.18,0.00,0.00,0.00,0.00,0.61,1.00,58,-1,0,-1,-0.5,-0.00,0.697,0.788,-40.22
43.70,land,107.55,142.45,0.727,1,-0.1,1204.4,0.2,-4.3,0.93,0.22,101,99,-1,2.9,-4.3,-1.8,-8.2,0.08,0.23,0.00,0.00,0.00,0.00,0.87,0.55,58,-1,0,-0,-0.8,0.01,0.727,0.848,-37.84
43.80,land,105.85,144.15,0.644,1,-0.1,1204.4,0.1,-4.4,0.93,0.22,100,99,-1,3.2,-2.8,-0.1,-7.5,0.08,0.19,0.00,0.00,0.00,0.00,0.96,0.05,58,-1,0,-0,-0.8,0.01,0.644,0.754,-35.06
43.90,land,101.19,148.81,0.646,1,0.0,1204.3,0.0,-4.4,0.63,-0.48,100,99,-1,2.9,-1.8,0.8,-6.8,0.05,0.10,0.00,0.00,0.00,0.00,0.82,-0.28,58,-1,0,-0,-1.1,0.02,0.646,0.706,-32.33
44.00,land,98.41,151.59,0.605,1,0.1,1204.3,-0.0,-4.3,0.37,-0.70,100,98,-1,2.0,-0.9,0.8,-6.4,0.01,-0.04,0.00,0.00,0.00,0.00,0.54,-0.59,58,-1,0,0,-1.2,0.03,0.605,0.623,-29.68
44.10,land,95.86,154.14,0.577,1,0.1,1204.2,-0.1,-4.3,0.18,-0.92,100,98,-1,1.2,-0.4,-0.0,-6.4,-0.05,-0.16,0.00,0.00,0.00,0.00,0.25,-0.76,58,-1,0,0,-0.5,0.03,0.577,0.659,-27.36
44.20,land,94.66,155.34,0.513,1,0.1,1204.2,-0.1,-4.2,0.18,-0.92,99,98,-1,0.5,0.3,-1.2,-6.6,-0.09,-0.22,0.00,0.00,0.00,0.00,0.03,-0.94,58,-1,0,1,-0.5,0.02,0.513,0.636,-25.17
44.30,land,91.34,158.66,0.536,1,0.1,1203.9,-0.1,-4.1,0.31,-1.32,99,98,-1,0.4,0.8,-2.3,-6.8,-0.11,-0.20,0.00,0.00,0.00,0.00,-0.02,-1.11,58,-1,0,1,2.2,0.00,0.536,0.662,-23.16
44.40,land,89.81,160.19,0.514,1,0.2,1203.8,-0.1,-3.9,0.56,-1.49,99,99,-1,0.7,1.6,-2.7,-7.0,-0.11,-0.12,0.00,0.00,0.00,0.00,0.09,-1.35,58,-1,0,1,3.0,-0.03,0.514,0.603,-21.42
44.50,land,87.89,162.11,0.521,1,0.2,1203.8,-0.2,-3.8,0.56,-1.49,99,99,-1,1.4,2.4,-2.3,-6.8,-0.07,-0.00,0.00,0.00,0.00,0.00,0.31,-1.56,58,-1,0,1,3.0,-0.04,0.521,0.549,-19.86
44.60,land,86.56,163.44,0.505,1,0.3,1203.6,-0.3,-3.6,0.86,-1.76,99,99,-1,2.2,3.4,-1.1,-6.3,-0.01,0.11,0.00,0.00,0.00,0.00,0.57,-1.87,58,-1,0,1,3.7,-0.06,0.505,0.553,-18.26
44.70,land,84.14,165.86,0.555,1,0.5,1203.2,-0.4,-3.4,1.23,-2.20,99,99,-1,2.9,4.3,0.5,-5.2,0.06,0.20,0.00,0.00,0.00,0.00,0.78,-2.13,58,-1,0,1,3.9,-0.06,0.555,0.660,-16.68
44.80,land,83.40,166.60,0.524,1,0.6,1203.0,-0.5,-3.2,1.16,-2.37,99,100,-1,3.1,5.2,2.2,-3.9,0.11,0.21,0.00,0.00,0.00,0.00,0.86,-2.37,58,-1,0,1,3.5,-0.06,0.524,0.651,-15.12
44.90,land,82.07,167.93,0.536,1,0.6,1203.0,-0.6,-3.0,1.16,-2.37,99,100,-1,2.9,5.8,3.4,-2.5,0.12,0.16,0.00,0.00,0.00,0.00,0.76,-2.53,58,-1,0,1,3.5,-0.05,0.536,0.648,-13.58
45.00,land,80.38,169.62,0.592,1,0.8,1202.5,-0.7,-2.7,0.60,-2.46,99,100,-1,2.2,6.1,3.9,-1.4,0.09,0.07,0.00,0.00,0.00,0.00,0.52,-2.58,58,-1,0,1,2.0,-0.04,0.592,0.655,-11.96
45.10,land,79.68,170.32,0.590,1,0.8,1202.2,-0.8,-2.5,0.23,-2.37,99,100,-1,1.2,6.1,3.6,-0.7,0.04,-0.04,0.00,0.00,0.00,0.00,0.19,-2.53,58,-1,0,1,0.7,-0.03,0.590,0.625,-10.44
45.20,land,78.75,171.25,0.634,1,0.8,1202.0,-0.8,-2.2,-0.08,-2.20,100,101,-1,0.2,5.8,2.7,-0.4,-0.03,-0.14,0.00,0.00,0.00,0.00,-0.17,-2.38,58,-1,0,1,-0.3,-0.00,0.634,0.700,-8.79
45.30,land,78.45,171.55,0.603,1,0.8,1202.0,-0.8,-2.0,-0.08,-2.20,100,101,-1,-0.7,5.3,1.5,-0.6,-0.09,-0.18,0.00,0.00,0.00,0.00,-0.45,-2.15,58,-1,0,0,-0.3,0.01,0.603,0.713,-6.99
45.40,land,78.01,171.99,0.599,1,0.8,1201.8,-0.8,-1.8,-0.23,-2.11,100,101,-1,-1.1,5.1,0.5,-1.1,-0.14,-0.16,0.00,0.00,0.00,0.00,-0.59,-2.04,58,-1,0,0,-0.7,0.02,0.599,0.718,-5.10
45.50,land,77.68,172.32,0.503,1,0.8,1201.4,-0.8,-1.6,-0.06,-2.02,100,101,-1,-1.1,3.0,0.1,-1.6,-0.13,-0.07,0.00,0.00,0.00,0.00,-0.56,-1.95,58,-1,0,0,-0.5,0.02,0.503,0.583,-3.14
45.60,land,77.67,172.33,0.410,1,0.8,1201.2,-0.8,-1.4,0.11,-2.07,100,100,-1,-0.7,3.0,0.4,-1.9,-0.09,0.04,0.00,0.00,0.00,0.00,-0.41,-1.98,58,-1,0,0,-0.3,0.01,0.410,0.462,-1.30
45.70,land,77.74,172.26,0.324,1,0.8,1201.2,-0.8,-1.2,0.11,-2.07,100,100,-1,-0.2,3.0,1.4,-1.8,-0.03,0.14,0.00,0.00,0.00,0.00,-0.25,-2.05,58,-1,0,0,-0.3,0.01,0.324,0.392,0.32
45.80,land,77.85,172.15,0.263,1,0.8,1201.0,-0.8,-1.0,0.20,-2.11,100,100,-1,0.0,3.0,2.6,-1.3,0.03,0.19,0.00,0.00,0.00,0.00,-0.18,-2.11,58,-1,0,0,-0.1,0.00,0.263,0.350,1.42
45.90,land,78.09,171.91,0.224,1,0.8,1200.8,-0.8,-0.8,0.17,-2.20,100,100,-1,-0.1,6.2,3.7,-0.5,0.04,0.18,0.00,0.00,0.00,0.00,-0.22,-2.19,58,-1,0,0,0.2,-0.00,0.224,0.316,2.02
46.00,land,78.24,171.76,0.169,1,0.8,1200.6,-0.8,-0.6,0.07,-2.20,100,100,-1,-0.5,6.3,4.4,0.4,0.06,0.13,0.00,0.00,0.00,0.00,-0.32,-2.17,58,-1,0,-0,0.7,-0.01,0.169,0.246,2.22
46.10,land,78.45,171.55,0.113,1,0.8,1200.3,-0.8,-0.3,-0.06,-2.20,100,100,-1,-0.9,6.4,4.6,1.2,0.06,0.05,0.00,0.00,0.00,0.00,-0.45,-2.15,58,-1,0,-0,1.0,-0.02,0.113,0.158,2.14
46.20,land,78.70,171.30,0.069,1,0.8,1199.9,-0.8,-0.1,-0.28,-2.02,100,100,-1,-1.2,6.2,4.3,1.8,0.05,-0.00,0.00,0.00,0.00,0.00,-0.57,-2.04,58,-1,0,-0,1.2,-0.02,0.069,0.090,1.86
46.30,land,78.75,171.25,0.076,1,0.8,1199.9,-0.8,0.1,-0.28,-2.02,100,100,-1,-1.5,6.0,3.9,2.3,0.03,-0.03,0.00,0.00,0.00,0.00,-0.64,-1.94,58,-1,0,-0,1.2,-0.03,0.076,0.100,1.32
46.40,land,78.78,171.22,0.100,1,0.7,1199.5,-0.7,0.3,-0.34,-1.89,100,101,-1,-1.6,6.0,3.3,2.7,0.01,-0.05,0.00,0.00,0.00,0.00,-0.66,-1.89,58,-1,0,-0,1.1,-0.03,0.100,0.124,0.52
46.50,land,78.71,171.29,0.142,1,0.7,1199.3,-0.7,0.5,-0.35,-1.85,100,101,-1,-1.7,5.8,2.8,3.0,0.01,-0.05,0.00,0.00,0.00,0.00,-0.68,-1.80,58,-1,0,-0,0.9,-0.03,0.142,0.166,-0.26
46.60,land,78.56,171.44,0.201,1,0.7,1199.3,-0.7,0.7,-0.35,-1.85,101,101,-1,-1.8,5.8,2.3,3.2,0.00,-0.05,0.00,0.00,0.00,0.00,-0.68,-1.75,58,-1,0,-0,0.9,-0.03,0.201,0.223,-1.04
46.70,land,78.35,171.65,0.275,1,0.6,1199.0,-0.6,0.8,-0.37,-1.67,101,101,-1,-1.8,5.7,2.0,3.5,0.00,-0.03,0.00,0.00,0.00,0.00,-0.67,-1.66,58,-1,0,-0,0.7,-0.02,0.275,0.289,-1.73
46.80,land,78.12,171.88,0.359,1,0.6,1198.8,-0.6,1.0,-0.37,-1.54,101,101,-1,-1.8,5.5,1.9,3.7,0.00,-0.00,0.00,0.00,0.00,0.00,-0.67,-1.57,58,-1,0,-0,0.6,-0.02,0.359,0.361,-2.17
46.90,land,77.91,172.09,0.365,1,0.6,1198.8,-0.6,1.2,-0.37,-1.54,101,101,-1,-1.8,3.1,2.0,3.8,0.03,0.04,0.00,0.00,0.00,0.00,-0.65,-1.44,58,-1,0,-1,0.6,-0.02,0.365,0.390,-2.27
47.00,land,77.76,172.24,0.349,1,0.5,1198.6,-0.5,1.3,-0.45,-1.23,101,101,-1,-1.9,3.1,2.2,4.0,0.03,0.06,0.00,0.00,0.00,0.00,-0.66,-1.31,58,-1,0,-1,-0.1,-0.02,0.349,0.385,-1.95
47.10,land,77.70,172.30,0.316,1,0.5,1198.6,-0.5,1.4,-0.45,-1.23,101,101,-1,-2.0,3.1,2.6,4.2,0.03,0.08,0.00,0.00,0.00,0.00,-0.68,-1.12,58,-1,0,-1,-0.1,-0.01,0.316,0.357,-1.33
47.20,land,77.62,172.38,0.284,1,0.4,1198.4,-0.4,1.5,-0.64,-0.92,101,101,-1,-2.2,3.1,2.8,4.3,0.01,0.08,0.00,0.00,0.00,0.00,-0.73,-0.98,58,-1,0,-1,-1.6,0.00,0.284,0.320,-0.74
47.30,land,77.62,172.38,0.256,1,0.4,1198.4,-0.4,1.6,-0.64,-0.92,101,101,-1,-2.5,3.1,2.9,4.3,0.00,0.05,0.00,0.00,0.00,0.00,-0.81,-0.78,58,-1,0,-1,-1.6,0.02,0.256,0.279,-0.25
47.40,land,77.64,172.36,0.237,1,0.2,1198.2,-0.3,1.7,-0.83,-0.70,101,101,-1,-2.7,3.1,2.8,4.3,0.00,0.02,0.00,0.00,0.00,0.00,-0.88,-0.63,58,-1,0,-1,-2.1,0.02,0.237,0.246,0.06
47.50,land,77.67,172.33,0.228,1,0.1,1198.1,-0.2,1.8,-0.90,-0.62,101,101,-1,-3.0,2.8,2.5,4.3,0.00,-0.01,0.00,0.00,0.00,0.00,-0.95,-0.53,58,-1,0,-1,-2.0,0.02,0.228,0.234,0.15
47.60,land,77.69,172.31,0.222,1,0.0,1198.1,-0.1,1.9,-0.95,-0.53,101,100,-1,-3.1,2.6,2.0,4.2,0.01,-0.03,0.00,0.00,0.00,0.00,-1.00,-0.43,58,-1,0,-1,-1.9,0.02,0.222,0.237,0.18
47.70,land,77.70,172.30,0.222,1,-0.1,1198.0,-0.0,1.9,-0.97,-0.44,101,100,-1,-3.1,2.3,1.5,4.2,0.01,-0.04,0.00,0.00,0.00,0.00,-1.03,-0.34,58,-1,0,-1,-1.7,0.02,0.222,0.241,0.10
47.80,land,77.71,172.29,0.221,1,-0.1,1198.0,0.1,2.0,-0.97,-0.44,101,100,-1,-3.1,2.1,1.1,4.2,0.01,-0.04,0.00,0.00,0.00,0.00,-1.03,-0.25,58,-1,0,-1,-1.7,0.02,0.221,0.244,0.03
47.90,land,77.71,172.29,0.221,1,-0.2,1198.0,0.2,2.0,-0.97,-0.35,101,100,-1,-3.1,1.8,0.6,4.2,0.02,-0.04,0.00,0.00,0.00,0.00,-1.02,-0.16,58,-1,0,-1,-1.4,0.02,0.221,0.246,-0.05
48.00,land,77.68,172.32,0.223,1,-0.4,1197.9,0.3,2.0,-0.93,-0.18,101,100,-1,-3.1,1.6,0.2,4.2,0.01,-0.03,0.00,0.00,0.00,0.00,-0.99,-0.08,58,-1,0,-0,-0.8,0.01,0.223,0.241,-0.15
48.10,land,77.67,172.33,0.227,1,-0.4,1197.9,0.4,2.1,-0.93,-0.18,100,100,-1,-3.1,1.4,0.0,4.1,0.00,-0.01,0.00,0.00,0.00,0.00,-0.95,-0.01,58,-1,0,-0,-0.8,0.01,0.227,0.234,-0.31
48.20,land,77.61,172.39,0.230,1,-0.4,1197.9,0.4,2.1,-0.89,-0.13,100,100,-1,-3.1,1.3,-0.1,4.0,0.00,0.00,0.00,0.00,0.00,0.00,-0.90,0.03,58,-1,0,-0,-0.5,0.01,0.230,0.232,-0.43
48.30,land,77.54,172.46,0.230,1,-0.6,1197.9,0.5,2.1,-0.82,0.00,100,100,-1,-3.1,1.2,-0.1,3.9,0.00,0.01,0.00,0.00,0.00,0.00,-0.86,0.06,58,-1,0,0,0.0,0.00,0.230,0.237,-0.50
48.40,land,77.50,172.50,0.231,1,-0.6,1197.9,0.6,2.1,-0.82,0.00,100,99,-1,-3.1,0.9,-0.1,3.8,0.01,0.02,0.00,0.00,0.00,0.00,-0.81,0.14,58,-1,0,0,0.0,0.00,0.231,0.243,-0.57
48.50,land,77.45,172.55,0.232,1,-0.7,1197.9,0.7,2.1,-0.80,0.09,100,99,-1,-3.1,0.7,-0.0,3.7,0.01,0.03,0.00,0.00,0.00,0.00,-0.77,0.22,58,-1,0,0,0.1,0.00,0.232,0.247,-0.63
48.60,touchdown,77.36,172.64,0.000,1,-0.8,1197.9,0.8,2.1,-0.78,0.18,100,99,-1,-3.0,0.4,0.1,3.6,0.02,0.03,0.00,0.00,0.00,0.00,-0.74,0.31,58,-1,1,0,0.2,0.00,0.000,0.000,-0.70
48.70,touchdown,77.28,172.72,0.000,1,-0.8,1198.0,0.8,2.0,-0.76,0.18,100,99,-1,-3.0,0.4,0.2,3.6,0.02,0.04,0.00,0.00,0.00,0.00,-0.72,0.30,58,-1,1,0,0.3,0.00,0.000,0.000,-0.76
48.80,touchdown,77.06,172.94,0.000,1,-1.0,1198.0,0.9,2.0,-0.73,0.26,100,99,-1,-3.0,0.3,0.3,3.5,0.02,0.04,0.00,0.00,0.00,0.00,-0.69,0.34,58,-1,1,0,0.2,0.00,0.000,0.000,-1.33
48.90,touchdown,76.98,173.02,0.000,1,-1.0,1198.0,1.0,2.0,-0.73,0.26,100,99,-1,-3.0,0.1,0.4,3.5,0.02,0.04,0.00,0.00,0.00,0.00,-0.68,0.38,58,-1,1,0,0.2,0.00,0.000,0.000,-1.52
49.00,touchdown,76.64,173.36,0.000,1,-1.1,1198.1,1.1,2.0,-0.73,0.35,100,99,-1,-3.0,0.1,0.5,3.4,0.03,0.04,0.00,0.00,0.00,0.00,-0.68,0.38,58,-1,1,0,0.2,0.01,0.000,0.000,-1.91
49.10,touchdown,76.42,173.58,0.000,1,-1.1,1198.1,1.1,1.9,-0.73,0.35,100,99,-1,-3.0,-0.2,0.6,3.4,0.03,0.04,0.00,0.00,0.00,0.00,-0.66,0.47,58,-1,1,0,0.2,0.01,0.000,0.000,-2.50
49.20,touchdown,76.15,173.85,0.000,1,-1.2,1198.1,1.2,1.9,-0.72,0.35,100,100,-1,-3.0,-0.2,0.6,3.4,0.03,0.04,0.00,0.00,0.00,0.00,-0.65,0.47,58,-1,1,1,0.2,0.01,0.000,0.000,-3.28
49.30,touchdown,75.43,174.57,0.000,1,-1.3,1198.1,1.3,1.9,-0.67,0.26,100,100,-1,-3.0,0.0,0.7,3.4,0.03,0.04,0.00,0.00,0.00,0.00,-0.64,0.38,58,-1,1,1,0.0,0.01,0.000,0.000,-4.26
49.40,touchdown,75.14,174.86,0.000,1,-1.3,1198.1,1.3,1.9,-0.67,0.26,100,100,-1,-3.0,0.0,0.8,3.4,0.03,0.04,0.00,0.00,0.00,0.00,-0.62,0.37,58,-1,1,1,0.0,0.01,0.000,0.000,-5.31
49.50,touchdown,74.10,175.90,0.000,1,-1.5,1198.2,1.4,1.8,-0.62,0.26,100,100,-1,-3.0,0.0,0.9,3.4,0.03,0.04,0.00,0.00,0.00,0.00,-0.59,0.37,58,-1,1,1,0.1,0.01,0.000,0.000,-6.35
49.60,touchdown,73.29,176.71,0.000,1,-1.5,1198.2,1.5,1.8,-0.60,0.26,100,100,-1,-2.9,0.0,0.9,3.4,0.03,0.04,0.00,0.00,0.00,0.00,-0.57,0.36,58,-1,1,1,0.1,0.01,0.000,0.000,-7.37
49.70,touchdown,72.37,177.63,0.000,1,-1.6,1198.3,1.5,1.8,-0.57,0.22,100,100,-1,-2.9,-0.0,1.0,3.4,0.03,0.04,0.00,0.00,0.00,0.00,-0.55,0.36,58,-1,1,0,0.0,0.01,0.000,0.000,-8.39
49.80,touchdown,71.36,178.64,0.000,1,-1.7,1198.3,1.6,1.7,-0.55,0.18,100,100,-1,-2.9,0.1,1.1,3.5,0.03,0.05,0.00,0.00,0.00,0.00,-0.53,0.31,58,-1,1,0,0.0,0.01,0.000,0.000,-9.39
49.90,touchdown,70.81,179.19,0.000,1,-1.7,1198.3,1.7,1.7,-0.55,0.18,100,100,-1,-2.9,0.2,1.2,3.5,0.03,0.05,0.00,0.00,0.00,0.00,-0.51,0.27,58,-1,1,0,0.0,0.01,0.000,0.000,-10.38
50.00,touchdown,69.65,180.35,0.000,1,-1.7,1198.3,1.7,1.7,-0.52,0.18,100,100,-1,-2.8,0.2,1.3,3.5,0.04,0.05,0.00,0.00,0.00,0.00,-0.49,0.26,58,-1,1,0,0.1,0.01,0.000,0.000,-11.37
50.10,touchdown,68.39,181.61,0.000,1,-1.8,1198.3,1.8,1.7,0.38,-1.03,100,100,-1,-2.8,0.2,1.4,3.6,0.04,0.05,0.00,0.00,0.00,0.00,-0.46,0.26,58,-1,1,0,0.4,0.01,0.000,0.000,-12.34
50.20,touchdown,68.54,181.46,0.000,1,-1.7,1198.2,1.8,1.7,0.34,-0.53,100,100,-1,-0.8,4.3,1.0,2.0,-0.26,-0.04,0.00,0.00,0.00,0.00,0.20,-1.08,58,-1,1,0,-0.1,0.00,0.000,0.000,2.31
50.30,touchdown,68.53,181.47,0.000,1,-1.7,1198.2,1.7,1.8,0.34,-0.53,100,100,-1,-0.7,2.8,0.6,0.9,-0.18,-0.05,0.00,0.00,0.00,0.00,0.24,-0.58,58,-1,1,0,-0.1,0.01,0.000,0.000,-0.09
50.40,touchdown,68.52,181.48,0.000,1,-1.7,1198.1,1.7,1.9,0.51,-0.70,100,100,-1,-0.3,3.5,-0.2,-0.3,-0.22,-0.13,0.00,0.00,0.00,0.00,0.38,-0.78,58,-1,1,0,-0.1,0.01,0.000,0.000,-0.43
50.50,touchdown,68.55,181.45,0.000,1,-1.6,1198.1,1.6,1.9,0.10,-0.18,100,100,-1,0.1,1.9,-0.8,-0.7,-0.09,-0.11,0.00,0.00,0.00,0.00,0.47,-0.26,58,-1,1,0,0.3,0.01,0.000,0.000,0.34
50.60,touchdown,68.56,181.44,0.000,1,-1.6,1198.1,1.6,1.9,0.10,-0.18,100,100,-1,-1.1,1.7,-0.8,-0.9,-0.06,-0.00,0.00,0.00,0.00,0.00,0.07,-0.19,58,-1,1,0,0.3,0.00,0.000,0.000,0.07
50.70,touchdown,68.53,181.47,0.000,1,-1.6,1198.1,1.6,1.9,-0.14,0.13,100,100,-1,-1.7,0.7,-0.5,-0.5,0.04,0.05,0.00,0.00,0.00,0.00,-0.11,0.16,58,-1,1,0,-0.0,0.01,0.000,0.000,-0.14
50.80,touchdown,68.50,181.50,0.000,1,-1.7,1198.1,1.7,1.9,-0.44,0.31,100,100,-1,-2.5,0.0,0.2,0.2,0.10,0.13,0.00,0.00,0.00,0.00,-0.39,0.38,58,-1,1,0,-0.0,0.01,0.000,0.000,-0.35
50.90,touchdown,68.52,181.48,0.000,1,-1.7,1198.2,1.7,1.9,-0.02,0.01,100,100,-1,-2.2,0.4,0.6,0.6,0.05,0.08,0.00,0.00,0.00,0.00,-0.27,0.26,58,-1,1,0,0.0,0.01,0.000,0.000,0.24
51.00,touchdown,68.51,181.49,0.000,1,-1.7,1198.1,1.7,1.8,0.27,-0.18,100,100,-1,-1.5,1.1,0.5,0.5,-0.02,0.00,0.00,0.00,0.00,0.00,-0.02,0.02,58,-1,1,0,-0.0,0.01,0.000,0.000,0.01
51.10,touchdown,68.50,181.50,0.000,1,-1.7,1198.1,1.7,1.9,0.27,-0.18,100,100,-1,-0.7,1.8,-0.0,-0.0,-0.10,-0.07,0.00,0.00,0.00,0.00,0.24,-0.22,58,-1,1,0,-0.0,0.01,0.000,0.000,-0.19
51.20,touchdown,68.52,181.48,0.000,1,-1.6,1198.1,1.6,1.9,0.28,-0.20,100,100,-1,-0.7,1.9,-0.3,-0.3,-0.07,-0.05,0.00,0.00,0.00,0.00,0.24,-0.25,58,-1,1,0,0.0,0.01,0.000,0.000,0.22
51.30,touchdown,68.51,181.49,0.000,1,-1.7,1198.1,1.6,1.9,-0.30,0.19,100,100,-1,-1.4,1.1,-0.2,-0.2,0.01,0.03,0.00,0.00,0.00,0.00,-0.01,0.02,58,-1,1,0,0.0,0.01,0.000,0.000,-0.01
51.40,touchdown,68.50,181.50,0.000,1,-1.7,1198.1,1.7,1.9,-0.04,0.03,100,100,-1,-2.2,0.4,0.2,0.2,0.05,0.07,0.00,0.00,0.00,0.00,-0.26,0.24,58,-1,1,0,-0.0,0.01,0.000,0.000,-0.18
51.50,touchdown,68.50,181.50,0.000,1,-1.7,1198.1,1.7,1.9,-0.04,0.03,100,100,-1,-1.5,1.0,0.1,0.1,-0.02,0.00,0.00,0.00,0.00,0.00,-0.04,0.03,58,-1,1,0,-0.0,0.01,0.000,0.000,0.03
51.60,touchdown,68.50,181.50,0.000,1,-1.7,1198.1,1.7,1.9,-0.10,0.07,100,100,-1,-0.9,1.6,-0.1,-0.1,-0.05,-0.02,0.00,0.00,0.00,0.00,0.16,-0.16,58,-1,1,0,-0.1,0.01,0.000,0.000,-0.06
51.70,touchdown,68.50,181.50,0.000,1,-1.7,1198.1,1.7,1.9,-0.10,0.07,100,100,-1,-1.7,0.9,0.0,0.0,-0.00,0.02,0.00,0.00,0.00,0.00,-0.08,0.08,58,-1,1,0,-0.1,0.01,0.000,0.000,-0.05
