t,phase,height,err,pwr,gps,x,z,ex,ez,vxw,vzw,hdg,rawhdg,mothdg,tp,tr,p,r,vx,vy,sched,fwdRaw,latRaw,vrtRaw,fwdH,latH,energy,fuel,sat,yerr,yrate,ydem,athr,amax,vv,dockc,npers,chg,nav1,nav0,nav2,trihdg,trires,aimq
0.00,fly,94.50,10.00,0.378,1,1896.1,370.0,0.0,0.0,0.00,0.00,150,150,-1,0.0,0.0,0.0,0.0,0.00,0.00,0.00,0.00,0.00,0.00,0.00,0.00,-1,-1,0,0,0.0,0.00,0.378,0.378,0.00,0,0,0,120.1,360.0,180.0,149.9,0.00,0
0.10,fly,94.50,10.00,0.513,1,1896.1,370.0,0.0,0.0,0.00,0.00,150,150,-1,0.0,0.0,0.0,0.0,0.00,0.00,0.00,0.00,0.00,0.00,0.00,0.00,-1,-1,0,0,0.0,0.00,0.513,0.513,0.00,0,0,0,120.1,360.0,180.0,149.9,0.00,0
0.20,fly,94.50,10.00,0.522,1,1896.1,370.0,0.0,0.0,0.00,0.00,150,150,-1,0.0,0.0,0.0,0.0,-0.00,-0.00,0.00,0.00,0.00,0.00,0.00,0.00,-1,-1,0,0,0.0,0.00,0.522,0.523,0.00,0,0,0,120.1,360.0,180.0,149.9,0.00,0
0.30,fly,94.50,10.00,0.532,1,1896.1,370.0,0.0,0.0,0.00,0.00,150,150,-1,0.0,0.0,0.0,0.0,-0.00,-0.00,0.00,0.00,0.00,0.00,0.00,0.00,-1,-1,0,0,0.0,0.00,0.532,0.532,0.00,0,0,0,120.1,360.0,180.0,149.9,0.00,0
0.40,fly,94.50,10.00,0.540,1,1896.1,370.0,0.0,0.0,0.00,0.00,150,150,-1,0.0,0.0,-0.0,0.0,0.00,-0.00,0.00,0.00,0.00,0.00,0.00,0.00,-1,-1,0,0,0.0,0.00,0.540,0.541,0.04,0,0,0,120.1,0.0,180.0,149.9,0.00,0
0.50,fly,94.52,9.98,0.548,1,1896.1,370.0,0.0,0.0,0.00,0.00,150,150,-1,0.0,0.0,-0.0,0.0,0.00,-0.00,0.00,0.00,0.00,0.00,0.00,0.00,-1,-1,0,0,0.0,0.00,0.548,0.549,0.07,0,0,0,120.1,0.0,180.0,149.9,0.00,0
0.60,fly,94.61,9.89,0.527,1,1896.1,370.0,0.0,0.0,0.00,0.00,150,150,-1,0.0,0.0,-0.0,0.0,0.00,-0.00,0.00,0.00,0.00,0.00,0.00,0.00,-1,-1,0,0,0.0,0.00,0.527,0.529,0.63,0,0,0,120.1,0.0,180.0,149.9,0.00,0
0.70,fly,94.82,9.68,0.469,1,1896.1,370.0,0.0,0.0,0.00,0.00,150,150,-1,0.0,0.0,-0.0,0.1,0.01,-0.00,0.00,0.00,0.00,0.00,0.00,0.00,-1,-1,0,0,0.0,0.00,0.469,0.473,1.80,0,0,0,120.1,0.0,180.0,149.9,0.00,0
0.80,fly,95.15,9.35,0.403,1,1896.1,370.0,0.0,0.0,0.00,0.00,150,150,-1,0.0,0.0,-0.0,0.2,0.01,-0.00,0.00,0.00,0.00,0.00,0.00,0.00,99,-1,0,0,0.0,0.00,0.403,0.408,3.02,0,25,0,120.1,0.2,179.9,149.9,0.00,0
0.90,fly,95.57,8.93,0.344,1,1896.1,370.0,0.0,0.0,0.00,0.00,150,150,-1,0.0,0.0,-0.0,0.2,0.01,0.00,0.00,0.00,0.00,0.00,0.00,0.00,99,-1,0,0,0.0,0.00,0.344,0.348,4.02,0,25,0,120.1,0.2,179.9,149.9,0.00,0
1.00,fly,96.07,8.43,0.291,1,1896.1,370.0,0.0,0.0,0.00,0.02,150,150,-1,0.0,0.0,0.0,0.1,-0.01,0.01,0.00,0.00,0.00,0.00,0.00,0.00,99,-1,0,0,0.0,0.00,0.291,0.295,4.81,0,25,0,120.1,0.2,179.9,149.9,0.00,0
1.10,fly,96.61,7.89,0.250,1,1896.1,370.0,0.0,0.0,0.00,0.02,150,150,-1,0.0,0.0,0.1,0.1,-0.01,0.01,0.00,0.00,0.00,0.00,0.02,0.01,99,-1,0,0,0.0,0.00,0.250,0.257,5.29,0,25,0,120.1,0.2,179.9,149.9,0.00,0
1.20,fly,97.16,7.34,0.219,1,1896.1,370.0,0.0,0.0,0.00,0.02,150,150,-1,0.0,0.0,0.1,0.0,-0.01,0.01,0.00,0.00,0.00,0.00,0.02,0.01,99,-1,0,0,0.0,0.00,0.219,0.225,5.56,0,25,0,120.1,359.8,180.1,149.9,0.00,0
1.30,fly,97.71,6.79,0.203,1,1896.1,370.0,0.0,0.0,0.00,0.00,150,150,-1,0.0,0.0,0.1,-0.1,-0.01,0.01,0.00,0.00,0.00,0.00,0.00,0.00,99,-1,0,0,0.0,0.00,0.203,0.209,5.52,0,25,0,120.1,359.8,180.1,149.9,0.00,0
1.40,fly,98.23,6.27,0.197,1,1896.1,370.0,0.0,0.0,0.00,0.00,150,150,-1,0.0,0.0,0.1,-0.1,-0.01,0.01,0.00,0.00,0.00,0.00,0.00,0.00,99,-1,0,0,0.0,0.00,0.197,0.203,5.28,0,25,0,120.1,359.8,180.1,149.9,0.00,0
1.50,fly,98.73,5.77,0.194,1,1896.1,370.0,0.0,0.0,0.00,0.00,150,150,-1,0.0,0.0,0.1,-0.1,-0.00,-0.00,0.00,0.00,0.00,0.00,0.00,0.00,99,-1,0,0,0.0,0.00,0.194,0.194,5.02,0,25,0,120.1,359.8,180.1,149.9,0.00,0
1.60,fly,99.18,5.32,0.196,1,1896.1,370.0,0.0,0.0,0.00,0.00,150,150,-1,0.0,0.0,0.1,-0.0,0.01,-0.01,0.00,0.00,0.00,0.00,0.00,0.00,99,-1,0,0,0.0,0.00,0.196,0.204,4.66,0,25,0,120.1,359.8,180.1,149.9,0.00,0
1.70,fly,99.59,4.91,0.207,1,1896.1,370.0,0.0,0.0,0.00,0.00,150,150,-1,0.0,0.0,-0.0,0.0,0.01,-0.01,0.00,0.00,0.00,0.00,0.00,0.00,99,-1,0,0,0.0,0.00,0.207,0.218,4.18,0,25,0,120.1,359.8,180.1,149.9,0.00,0
1.80,fly,99.94,4.56,0.220,1,1896.1,370.0,0.0,0.0,0.00,0.00,150,150,-1,0.0,0.0,-0.1,0.1,0.01,-0.01,0.00,0.00,0.00,0.00,0.00,0.00,99,-1,0,0,0.0,0.00,0.220,0.227,3.68,0,25,0,120.1,359.8,180.1,149.9,0.00,0
1.90,fly,100.27,4.23,0.229,1,1896.1,370.0,0.0,0.0,0.00,0.00,150,150,-1,0.0,0.0,-0.1,0.1,0.00,-0.00,0.00,0.00,0.00,0.00,0.00,0.00,99,-1,0,0,0.0,0.00,0.229,0.229,3.30,0,25,0,120.1,359.8,180.1,149.9,0.00,0
2.00,fly,100.57,3.93,0.232,1,1896.1,370.0,0.0,0.0,0.00,0.00,150,150,-1,0.0,0.0,-0.1,0.1,-0.00,0.00,0.00,0.00,0.00,0.00,0.00,0.00,99,-1,0,0,0.0,0.00,0.232,0.234,3.04,0,25,0,120.1,0.2,179.9,149.9,0.00,0
2.10,fly,100.84,3.66,0.234,1,1896.1,370.0,0.0,0.0,0.00,0.00,150,150,-1,0.0,0.0,-0.0,0.1,-0.00,0.00,0.00,0.00,0.00,0.00,0.00,0.00,99,-1,0,0,0.0,0.00,0.234,0.235,2.84,0,25,0,120.1,0.2,179.9,149.9,0.00,0
2.20,fly,101.10,3.40,0.235,1,1896.1,370.0,0.0,0.0,0.00,0.00,150,150,-1,0.0,0.0,-0.0,0.1,0.00,0.00,0.00,0.00,0.00,0.00,0.00,0.00,98,-1,0,0,0.0,0.00,0.235,0.237,2.63,0,25,0,120.1,0.2,179.9,149.9,0.00,0
2.30,fly,101.34,3.16,0.238,1,1896.1,370.0,0.0,0.0,0.00,0.00,150,150,-1,0.0,0.0,-0.0,0.1,0.00,0.00,0.00,0.00,0.00,0.00,0.00,0.00,98,-1,0,0,0.0,0.00,0.238,0.239,2.43,0,25,0,120.1,0.2,179.9,149.9,0.00,0
2.40,fly,101.56,2.94,0.241,1,1896.1,370.0,0.0,0.0,0.00,0.00,150,150,-1,0.0,0.0,0.0,0.1,0.00,0.00,0.00,0.00,0.00,0.00,0.00,0.00,98,-1,0,0,0.0,0.00,0.241,0.243,2.23,0,25,0,120.1,0.1,180.0,149.9,0.00,0
2.50,fly,101.76,2.74,0.244,1,1896.1,370.0,0.0,0.0,0.00,0.00,150,150,-1,0.0,0.0,0.0,0.1,0.00,0.00,0.00,0.00,0.00,0.00,0.00,0.00,98,-1,0,0,0.0,0.00,0.244,0.247,2.03,0,25,0,120.1,0.1,180.0,149.9,0.00,0
2.60,fly,101.93,2.57,0.249,1,1896.1,370.0,0.0,0.0,0.00,0.00,150,150,-1,0.0,0.0,0.0,0.1,0.01,0.00,0.00,0.00,0.00,0.00,0.00,0.00,98,-1,0,0,0.0,0.00,0.249,0.252,1.84,0,25,0,120.1,0.1,180.0,149.9,0.00,0
2.70,fly,102.09,2.41,0.253,1,1896.1,370.0,0.0,0.0,0.00,0.00,150,150,-1,0.0,0.0,0.1,0.2,0.01,0.00,0.00,0.00,0.00,0.00,0.00,0.00,98,-1,0,0,0.0,0.00,0.253,0.257,1.64,0,25,0,120.1,0.1,180.0,149.9,0.00,0
2.80,fly,102.23,2.27,0.259,1,1896.1,370.0,0.0,0.0,0.00,0.00,150,150,-1,0.0,0.0,0.1,0.2,0.01,0.00,0.00,0.00,0.00,0.00,0.00,0.00,98,-1,0,0,0.0,0.00,0.259,0.263,1.45,0,25,0,120.1,0.1,179.9,149.9,0.00,0
2.90,fly,102.35,2.15,0.265,1,1896.1,370.0,0.0,0.0,0.00,0.00,150,150,-1,0.0,0.0,0.1,0.2,0.01,0.00,0.00,0.00,0.00,0.00,0.00,0.00,98,-1,0,0,0.0,0.00,0.265,0.269,1.26,0,25,0,120.1,0.1,179.9,149.9,0.00,0
3.00,fly,102.46,2.04,0.272,1,1896.1,370.0,0.0,0.0,0.00,0.00,150,150,-1,0.0,0.0,0.1,0.3,0.01,0.00,0.00,0.00,0.00,0.00,0.00,0.00,98,-1,0,0,0.0,0.00,0.272,0.277,1.08,0,25,0,120.1,0.1,179.9,149.9,0.00,0
3.10,fly,102.55,1.95,0.276,1,1896.1,370.0,0.0,0.0,0.00,0.00,150,150,-1,0.0,0.0,0.1,0.3,0.00,0.00,0.00,0.00,0.00,0.00,0.00,0.00,98,-1,0,0,0.0,0.00,0.276,0.276,0.95,0,25,0,120.1,0.1,179.9,149.9,0.00,0
3.20,fly,102.65,1.85,0.272,1,1896.1,370.0,0.0,0.0,0.00,0.02,150,150,-1,0.0,0.0,0.1,0.2,-0.01,0.00,0.00,0.00,0.00,0.00,0.02,0.01,98,-1,0,0,0.0,0.00,0.272,0.274,0.98,0,25,0,120.1,0.1,179.9,149.9,0.00,0
3.30,fly,102.77,1.73,0.262,1,1896.1,370.0,0.0,0.0,0.00,0.02,150,150,-1,0.0,0.0,0.1,0.2,-0.00,0.00,0.00,0.00,0.00,0.00,0.02,0.01,98,-1,0,0,0.0,0.00,0.262,0.264,1.10,0,25,0,120.1,0.1,179.9,149.9,0.00,0
3.40,fly,102.89,1.61,0.252,1,1896.1,370.0,0.0,0.0,0.00,0.02,150,150,-1,0.0,0.0,0.1,0.1,-0.00,0.00,0.00,0.00,0.00,0.00,0.02,0.01,98,-1,0,0,0.0,0.00,0.252,0.254,1.22,0,25,0,120.1,0.1,179.9,149.9,0.00,0
3.50,fly,103.01,1.49,0.248,1,1896.0,370.0,0.0,0.0,-0.09,0.02,150,150,-1,0.0,0.0,0.1,0.1,-0.00,-0.00,0.00,0.00,0.00,0.00,-0.03,0.09,98,-1,0,0,0.0,0.00,0.248,0.249,1.23,0,25,0,120.1,0.1,179.9,149.9,0.00,0
3.60,fly,103.11,1.39,0.254,1,1896.0,370.0,0.0,0.0,-0.09,0.02,150,150,-1,0.0,0.0,0.1,0.1,-0.00,-0.00,0.00,0.00,0.00,0.00,-0.03,0.09,98,-1,0,0,0.0,0.00,0.254,0.255,1.04,0,25,0,120.1,0.0,180.0,149.9,0.00,0
3.70,fly,103.19,1.31,0.261,1,1896.0,370.0,0.0,0.0,-0.09,0.02,150,150,-1,0.0,0.0,0.0,0.1,-0.00,-0.00,0.00,0.00,0.00,0.00,-0.03,0.09,98,-1,0,0,0.0,0.00,0.261,0.261,0.85,0,25,0,120.1,0.0,180.0,149.9,0.00,0
3.80,fly,103.25,1.25,0.268,1,1896.0,370.0,0.0,0.0,-0.09,0.02,150,150,-1,0.0,0.0,0.0,0.1,0.00,-0.00,0.00,0.00,0.00,0.00,-0.03,0.09,98,-1,0,0,0.0,0.00,0.268,0.269,0.67,0,25,0,120.1,0.0,180.0,149.9,0.00,0
3.90,fly,103.30,1.20,0.277,1,1896.0,370.0,0.0,0.0,-0.09,0.02,150,150,-1,0.0,0.0,0.0,0.1,0.00,-0.00,0.00,0.00,0.00,0.00,-0.03,0.09,98,-1,0,0,0.0,0.00,0.277,0.278,0.49,0,25,0,120.1,0.0,180.0,149.9,0.00,0
4.00,fly,103.34,1.16,0.279,1,1896.0,370.0,0.0,0.0,-0.09,0.02,150,150,-1,0.0,0.0,0.0,0.1,0.00,-0.00,0.00,0.00,0.00,0.00,-0.03,0.09,98,-1,0,0,0.0,0.00,0.279,0.281,0.43,0,25,0,120.1,0.1,179.9,149.9,0.00,0
4.10,fly,103.40,1.10,0.271,1,1896.0,370.0,0.0,0.0,-0.09,0.02,150,150,-1,6.0,0.0,-0.0,0.1,0.01,-0.06,0.00,0.00,0.00,0.00,-0.03,0.09,98,-1,0,0,0.0,0.00,0.271,0.298,0.56,0,25,0,120.1,0.1,179.9,149.9,0.00,0
4.20,fly,103.47,1.03,0.263,1,1896.0,370.0,0.0,0.0,-0.09,0.02,150,150,-1,10.0,0.0,-0.0,0.2,0.01,-0.10,0.00,0.00,0.00,0.00,-0.03,0.09,98,-1,0,0,0.0,0.00,0.263,0.307,0.68,0,25,0,120.1,0.1,179.9,149.9,0.00,0
4.30,fly,103.55,0.95,0.257,1,1896.0,370.0,0.0,0.0,0.00,0.03,150,150,-1,10.0,0.0,0.1,0.2,0.01,-0.09,0.00,0.00,0.00,0.00,-0.03,0.09,98,-1,0,0,0.0,0.00,0.257,0.297,0.75,0,25,0,120.1,0.1,179.9,149.9,0.00,0
4.40,fly,103.62,0.88,0.256,1,1896.0,370.0,0.0,0.0,0.00,0.03,150,150,-1,10.0,0.0,0.3,0.3,0.01,-0.06,0.00,0.00,0.00,0.00,0.03,0.02,98,-1,0,0,0.0,0.00,0.256,0.285,0.72,0,25,0,120.1,359.7,180.1,149.9,0.00,0
4.50,fly,103.68,0.82,0.255,1,1896.0,370.0,0.0,0.0,0.00,0.09,150,150,-1,10.0,0.0,0.7,0.3,0.01,-0.03,0.00,0.00,0.00,0.00,0.06,0.03,98,-1,0,0,0.0,0.00,0.255,0.272,0.69,0,25,0,120.1,359.7,180.1,149.9,0.00,0
4.60,fly,103.75,0.75,0.254,1,1896.0,370.0,0.0,0.0,0.00,0.11,150,150,-1,10.0,0.0,1.4,0.4,0.01,0.01,0.00,0.00,0.00,0.00,0.08,0.04,98,-1,0,0,0.0,0.00,0.254,0.262,0.67,0,25,0,120.1,359.7,180.1,149.9,0.00,0
4.70,fly,103.81,0.69,0.255,1,1896.0,370.0,0.0,0.0,0.00,0.11,150,150,-1,10.0,0.0,2.2,0.4,0.01,0.03,0.00,0.00,0.00,0.00,0.10,0.06,98,-1,0,0,0.0,0.00,0.255,0.273,0.61,0,25,0,120.1,359.7,180.1,149.9,0.00,0
4.80,fly,103.85,0.65,0.260,1,1896.0,370.1,0.0,0.0,0.00,0.09,150,150,-1,10.0,0.0,3.0,0.4,0.01,0.05,0.00,0.00,0.00,0.00,0.08,0.04,98,-1,0,0,0.0,0.00,0.260,0.283,0.48,0,25,0,120.1,355.2,182.8,150.0,0.00,0
4.90,fly,103.88,0.62,0.267,1,1896.0,370.1,0.0,0.0,-0.09,0.01,150,150,-1,10.0,0.0,3.8,0.4,0.00,0.05,0.00,0.00,0.00,0.00,0.01,0.11,98,-1,0,0,0.0,0.00,0.267,0.289,0.33,0,25,0,120.1,355.2,182.8,150.0,0.00,0
5.00,fly,103.90,0.60,0.270,1,1895.9,370.1,0.0,0.0,-0.18,-0.08,150,150,-1,10.0,0.0,4.5,0.4,-0.00,0.04,0.00,0.00,0.00,0.00,-0.03,0.08,98,-1,0,0,0.0,0.00,0.270,0.286,0.25,0,25,0,120.1,355.2,182.8,150.0,0.00,0
5.10,fly,103.92,0.58,0.271,1,1895.9,370.1,0.0,0.0,-0.18,-0.08,150,150,-1,10.0,0.0,5.0,0.4,0.00,0.02,0.00,0.00,0.00,0.00,-0.15,0.11,98,-1,0,0,0.0,0.00,0.271,0.278,0.22,0,25,0,120.1,355.2,182.8,150.0,0.00,0
5.20,fly,103.94,0.56,0.273,1,1895.9,370.0,0.0,0.0,-0.18,-0.18,150,150,-1,10.0,0.0,5.3,0.3,0.00,-0.01,0.00,0.00,0.00,0.00,-0.24,0.06,98,-1,0,0,0.0,0.00,0.273,0.278,0.20,0,25,0,120.2,351.3,185.1,150.0,0.00,0
5.30,fly,103.95,0.55,0.274,1,1895.9,370.0,0.0,0.0,-0.35,-0.36,150,150,-1,10.0,0.0,5.4,0.3,0.00,-0.04,0.00,0.00,0.00,0.00,-0.37,0.09,98,-1,0,0,0.0,0.00,0.274,0.290,0.17,0,25,0,120.2,351.3,185.1,150.0,0.00,0
5.40,fly,103.98,0.52,0.272,1,1895.8,369.9,0.0,0.0,-0.35,-0.46,150,150,-1,10.0,0.0,5.4,0.3,0.00,-0.05,0.00,0.00,0.00,0.00,-0.49,0.12,98,-1,0,0,0.0,0.00,0.272,0.295,0.20,0,25,0,120.2,351.3,185.1,150.0,0.00,0
5.50,fly,104.00,0.50,0.268,1,1895.8,369.9,0.0,0.0,-0.44,-0.53,150,150,-1,10.0,0.0,5.5,0.4,0.01,-0.04,0.00,0.00,0.00,0.00,-0.58,0.07,98,-1,0,0,0.0,0.00,0.268,0.287,0.26,0,25,0,120.2,351.3,185.1,150.0,0.00,0
5.60,fly,104.02,0.48,0.269,1,1895.8,369.9,0.0,0.0,-0.44,-0.53,150,150,-1,10.0,0.0,5.8,0.4,0.01,-0.02,0.00,0.00,0.00,0.00,-0.68,0.11,98,-1,0,0,0.0,0.00,0.269,0.280,0.24,0,25,0,120.2,350.5,185.5,150.0,0.00,0
5.70,fly,104.04,0.46,0.270,1,1895.7,369.8,0.0,0.0,-0.53,-0.63,150,150,-1,10.0,0.0,6.1,0.4,0.01,0.01,0.00,0.00,0.00,0.00,-0.72,0.09,98,-1,0,0,0.0,0.00,0.270,0.277,0.21,0,25,0,120.2,350.5,185.5,150.0,0.00,0
5.80,fly,104.06,0.44,0.270,1,1895.7,369.8,0.0,0.0,-0.53,-0.63,150,150,-1,10.0,0.0,6.7,0.4,0.01,0.04,0.00,0.00,0.00,0.00,-0.81,0.14,98,-1,0,0,0.0,0.00,0.270,0.290,0.19,0,25,0,120.2,350.5,185.5,150.0,0.00,0
5.90,fly,104.07,0.43,0.270,1,1895.7,369.7,0.0,0.0,-0.53,-0.69,150,150,-1,10.0,0.0,7.3,0.4,0.01,0.05,0.00,0.00,0.00,0.00,-0.86,0.11,98,-1,0,0,0.0,0.00,0.270,0.292,0.19,0,25,0,120.2,350.5,185.5,150.0,0.00,0
6.00,fly,104.09,0.41,0.268,1,1895.5,369.5,0.0,0.0,-0.66,-0.89,150,150,-1,10.0,0.0,7.7,0.4,0.00,0.04,0.00,0.00,0.00,0.00,-0.98,0.14,98,-1,0,0,0.0,0.00,0.268,0.285,0.21,0,25,0,120.3,347.3,187.5,150.0,0.00,0
6.10,fly,104.11,0.39,0.270,1,1895.5,369.5,0.0,0.0,-0.66,-0.89,150,150,-1,4.0,0.0,8.1,0.4,0.01,0.08,0.00,0.00,0.00,0.00,-1.10,0.12,98,-1,0,0,0.0,0.00,0.270,0.303,0.18,0,25,0,120.3,347.3,187.5,150.0,0.00,0
6.20,fly,104.12,0.38,0.271,1,1895.5,369.4,0.0,0.0,-0.70,-1.00,150,150,-1,-2.0,0.0,8.2,0.5,0.01,0.11,0.00,0.00,0.00,0.00,-1.22,0.10,98,-1,0,0,0.0,0.00,0.271,0.319,0.15,0,25,0,120.3,347.3,187.5,150.0,0.00,0
6.30,fly,104.13,0.37,0.273,1,1895.3,369.2,0.0,0.0,-0.88,-1.24,150,150,-1,-8.0,0.0,8.2,0.5,0.01,0.14,0.00,0.00,0.00,0.00,-1.37,0.12,98,-1,0,0,0.0,0.00,0.273,0.333,0.11,0,25,0,120.3,347.3,187.5,150.0,0.00,0
6.40,fly,104.14,0.36,0.274,1,1895.2,369.1,0.0,0.0,-0.97,-1.37,150,150,-1,-10.0,0.0,7.9,0.5,0.01,0.13,0.00,0.00,0.00,0.00,-1.52,0.13,98,-1,0,0,0.0,0.00,0.274,0.330,0.08,0,25,0,120.3,347.1,187.6,150.0,0.00,0
6.50,fly,104.15,0.35,0.276,1,1895.2,369.1,0.0,0.0,-0.97,-1.37,150,150,-1,-10.0,0.0,7.4,0.5,0.01,0.09,0.00,0.00,0.00,0.00,-1.67,0.14,98,-1,0,0,0.0,0.00,0.276,0.317,0.05,0,25,0,120.3,347.1,187.6,150.0,0.00,0
6.60,fly,104.15,0.35,0.278,1,1895.0,368.8,0.0,0.0,-1.14,-1.61,150,150,-1,-10.0,0.0,6.6,0.6,0.01,0.04,0.00,0.00,0.00,0.00,-1.83,0.15,98,-1,0,0,0.0,0.00,0.278,0.301,0.01,0,25,0,120.3,347.1,187.6,150.0,0.00,0
6.70,fly,104.15,0.35,0.280,1,1894.9,368.6,0.0,0.0,-1.14,-1.70,150,150,-1,-10.0,0.0,5.6,0.6,0.01,-0.00,0.00,0.00,0.00,0.00,-1.97,0.17,98,-1,0,0,0.0,0.00,0.280,0.287,-0.02,0,25,0,120.3,347.1,187.6,150.0,0.00,0
6.80,fly,104.15,0.35,0.282,1,1894.8,368.4,0.0,0.0,-1.23,-1.77,150,150,-1,-10.0,0.0,4.3,0.7,0.02,-0.05,0.00,0.00,0.00,0.00,-2.05,0.12,98,-1,0,0,0.0,0.00,0.282,0.308,-0.05,0,25,0,120.2,353.2,184.0,149.9,0.00,0
6.90,fly,104.15,0.35,0.281,1,1894.8,368.4,0.0,0.0,-1.23,-1.77,150,150,-1,-10.0,0.0,2.9,0.7,0.02,-0.08,0.00,0.00,0.00,0.00,-2.15,0.17,98,-1,0,0,0.0,0.00,0.281,0.321,-0.02,0,25,0,120.2,353.2,184.0,149.9,0.00,0
7.00,fly,104.16,0.34,0.276,1,1894.6,368.3,0.0,0.0,-1.23,-1.78,150,150,-1,-10.0,0.0,1.5,0.8,0.01,-0.09,0.00,0.00,0.00,0.00,-2.16,0.16,98,-1,0,0,0.0,0.00,0.276,0.319,0.08,0,25,0,120.2,353.2,184.0,149.9,0.00,0
7.10,fly,104.17,0.33,0.274,1,1894.5,368.1,0.0,0.0,-1.23,-1.76,150,150,-1,-10.0,0.0,0.2,0.8,0.01,-0.09,0.00,0.00,0.00,0.00,-2.14,0.18,98,-1,0,0,0.0,0.00,0.274,0.314,0.11,0,25,0,120.2,353.2,184.0,149.9,0.00,0
7.20,fly,104.18,0.32,0.275,1,1894.3,367.7,0.0,0.0,-1.14,-1.60,150,150,-1,-10.0,0.0,-0.9,0.8,0.01,-0.07,0.00,0.00,0.00,0.00,-2.09,0.20,98,-1,0,0,0.0,0.00,0.275,0.310,0.09,0,25,0,120.2,2.3,178.6,149.8,0.00,0
7.30,fly,104.18,0.32,0.276,1,1894.2,367.6,0.0,0.0,-1.14,-1.49,150,150,-1,-10.0,0.0,-1.8,0.8,0.02,-0.05,0.00,0.00,0.00,0.00,-1.96,0.18,98,-1,0,0,0.0,0.00,0.276,0.304,0.07,0,25,0,120.2,2.3,178.6,149.8,0.00,0
7.40,fly,104.19,0.31,0.278,1,1894.2,367.6,0.0,0.0,-1.14,-1.49,150,150,-1,-10.0,0.0,-2.6,0.9,0.02,-0.03,0.00,0.00,0.00,0.00,-1.87,0.23,98,-1,0,0,0.0,0.00,0.278,0.297,0.04,0,25,0,120.2,2.3,178.6,149.8,0.00,0
7.50,fly,104.18,0.32,0.279,1,1894.0,367.5,0.0,0.0,-1.05,-1.37,150,150,-1,-10.0,0.0,-3.1,0.9,0.02,-0.01,0.00,0.00,0.00,0.00,-1.72,0.22,98,-1,0,0,0.0,0.00,0.279,0.289,0.02,0,25,0,120.2,2.3,178.6,149.8,0.00,0
7.60,fly,104.19,0.31,0.279,1,1893.9,367.2,0.0,0.0,-0.92,-1.11,150,150,-1,-10.0,0.0,-3.5,0.9,0.01,0.02,0.00,0.00,0.00,0.00,-1.56,0.21,98,-1,0,0,0.0,0.00,0.279,0.291,0.02,0,25,0,120.2,6.9,176.0,149.8,0.00,0
7.70,fly,104.20,0.30,0.275,1,1893.9,367.2,0.0,0.0,-0.92,-1.11,150,150,-1,-10.0,0.0,-3.8,0.9,0.01,0.02,0.00,0.00,0.00,0.00,-1.42,0.24,98,-1,0,0,0.0,0.00,0.275,0.290,0.10,0,25,0,120.2,6.9,176.0,149.8,0.00,0
7.80,fly,104.22,0.28,0.268,1,1893.8,367.1,0.0,0.0,-0.88,-0.99,150,150,-1,-10.0,0.0,-4.0,1.0,0.01,0.03,0.00,0.00,0.00,0.00,-1.30,0.26,98,-1,0,0,0.0,0.00,0.268,0.284,0.23,0,25,0,120.2,6.9,176.0,149.8,0.00,0
7.90,fly,104.26,0.24,0.262,1,1893.7,367.0,0.0,0.0,-0.79,-0.87,150,150,-1,-10.0,0.0,-4.3,0.9,0.01,0.02,0.00,0.00,0.00,0.00,-1.15,0.25,98,-1,0,0,0.0,0.00,0.262,0.275,0.32,0,25,0,120.2,6.9,176.0,149.8,0.00,0
8.00,fly,104.29,0.21,0.260,1,1893.5,366.9,0.0,0.0,-0.70,-0.65,150,150,-1,-10.0,0.0,-4.7,0.9,0.01,0.01,0.00,0.00,0.00,0.00,-1.03,0.26,98,-1,0,0,0.0,0.00,0.260,0.265,0.34,0,25,0,120.2,8.9,174.8,149.8,0.00,0
8.10,fly,104.32,0.18,0.260,1,1893.5,366.9,0.0,0.0,-0.70,-0.65,150,150,-1,-4.0,0.0,-5.2,0.9,0.01,-0.07,0.00,0.00,0.00,0.00,-0.91,0.28,98,-1,0,0,0.0,0.00,0.260,0.293,0.31,0,25,0,120.2,8.9,174.8,149.8,0.00,0
8.20,fly,104.34,0.16,0.264,1,1893.5,366.8,0.0,0.0,-0.62,-0.54,150,150,-1,0.0,0.0,-5.7,0.9,0.01,-0.12,0.00,0.00,0.00,0.00,-0.78,0.26,98,-1,0,0,0.0,0.00,0.264,0.317,0.22,0,25,0,120.2,8.9,174.8,149.8,0.00,0
8.30,fly,104.34,0.16,0.270,1,1893.4,366.7,0.0,0.0,-0.53,-0.30,150,150,-1,0.0,0.0,-6.1,0.9,0.01,-0.11,0.00,0.00,0.00,0.00,-0.68,0.31,98,-1,0,0,0.0,0.00,0.270,0.320,0.10,0,25,0,120.2,8.9,174.8,149.8,0.00,0
8.40,fly,104.35,0.15,0.271,1,1893.3,366.7,0.0,0.0,-0.44,-0.13,150,150,-1,0.0,0.0,-6.3,0.9,0.01,-0.09,0.00,0.00,0.00,0.00,-0.52,0.31,98,-1,0,0,0.0,0.00,0.271,0.312,0.07,0,25,0,120.3,11.6,173.2,149.8,0.00,0
8.50,fly,104.35,0.15,0.273,1,1893.3,366.7,0.0,0.0,-0.35,0.02,150,150,-1,0.0,0.0,-6.3,0.9,0.01,-0.06,0.00,0.00,0.00,0.00,-0.34,0.31,98,-1,0,0,0.0,0.00,0.273,0.301,0.03,0,25,0,120.3,11.6,173.2,149.8,0.00,0
8.60,fly,104.35,0.15,0.275,1,1893.3,366.7,0.0,0.0,-0.35,0.02,150,150,-1,0.0,0.0,-6.1,0.9,0.01,-0.02,0.00,0.00,0.00,0.00,-0.16,0.31,98,-1,0,0,0.0,0.00,0.275,0.289,-0.00,0,25,0,120.3,11.6,173.2,149.8,0.00,0
8.70,fly,104.35,0.15,0.277,1,1893.2,366.8,0.0,0.0,-0.18,0.31,150,150,-1,0.0,0.0,-5.6,0.9,0.02,0.02,0.00,0.00,0.00,0.00,0.01,0.31,98,-1,0,0,0.0,0.00,0.277,0.290,-0.03,0,25,0,120.3,11.6,173.2,149.8,0.00,0
8.80,fly,104.35,0.15,0.277,1,1893.2,366.8,0.0,0.0,-0.18,0.31,150,150,-1,0.0,0.0,-5.0,0.9,0.01,0.05,0.00,0.00,0.00,0.00,0.18,0.31,98,-1,0,0,0.0,0.00,0.277,0.301,-0.04,0,25,0,120.2,9.5,174.5,149.8,0.00,0
8.90,fly,104.35,0.15,0.275,1,1893.2,366.8,0.0,0.0,-0.18,0.42,150,150,-1,0.0,0.0,-4.4,0.9,0.00,0.06,0.00,0.00,0.00,0.00,0.27,0.36,98,-1,0,0,0.0,0.00,0.275,0.299,0.01,0,25,0,120.2,9.5,174.5,149.8,0.00,0
9.00,fly,104.36,0.14,0.273,1,1893.2,366.9,0.0,0.0,-0.09,0.55,150,150,-1,0.0,0.0,-3.8,0.8,0.00,0.05,0.00,0.00,0.00,0.00,0.39,0.33,98,-1,0,0,0.0,0.00,0.273,0.294,0.04,0,25,0,120.2,9.5,174.5,149.8,0.00,0
9.10,fly,104.36,0.14,0.274,1,1893.2,366.9,0.0,0.0,-0.09,0.55,150,150,-1,0.0,0.0,-3.4,0.7,0.00,0.03,0.00,0.00,0.00,0.00,0.43,0.35,98,-1,0,0,0.0,0.00,0.274,0.289,0.01,0,25,0,120.2,9.5,174.5,149.8,0.00,0
9.20,fly,104.36,0.14,0.276,1,1893.2,367.0,0.0,0.0,-0.09,0.58,150,150,-1,0.0,0.0,-3.1,0.7,0.00,0.01,0.00,0.00,0.00,0.00,0.46,0.37,98,-1,0,0,0.0,0.00,0.276,0.281,-0.01,0,25,0,120.1,6.0,176.5,149.9,0.00,0
9.30,fly,104.36,0.14,0.277,1,1893.2,367.0,0.0,0.0,-0.09,0.59,150,150,-1,0.0,0.0,-3.0,0.6,0.00,-0.02,0.00,0.00,0.00,0.00,0.47,0.38,98,-1,0,0,0.0,0.00,0.277,0.285,-0.03,0,25,0,120.1,6.0,176.5,149.9,0.00,0
9.40,fly,104.37,0.13,0.275,1,1893.2,367.1,0.0,0.0,0.00,0.64,150,150,-1,0.0,0.0,-3.1,0.6,0.00,-0.03,0.00,0.00,0.00,0.00,0.49,0.39,98,-1,0,0,0.0,0.00,0.275,0.291,0.01,0,25,0,120.1,6.0,176.5,149.9,0.00,0
9.50,fly,104.38,0.12,0.268,1,1893.2,367.2,0.0,0.0,0.00,0.67,150,150,-1,0.0,0.0,-3.2,0.6,0.01,-0.04,0.00,0.00,0.00,0.00,0.55,0.32,98,-1,0,0,0.0,0.00,0.268,0.287,0.14,0,25,0,120.1,6.0,176.5,149.9,0.00,0
9.60,fly,104.40,0.10,0.263,1,1893.2,367.3,0.0,0.0,0.00,0.71,150,150,-1,0.0,0.0,-3.2,0.5,0.01,-0.03,0.00,0.00,0.00,0.00,0.58,0.34,98,-1,0,0,0.0,0.00,0.263,0.280,0.22,0,25,0,120.2,6.0,176.5,149.9,0.00,0
9.70,fly,104.42,0.08,0.264,1,1893.2,367.4,0.0,0.0,0.00,0.76,150,150,-1,0.0,0.0,-3.1,0.5,0.01,-0.01,0.00,0.00,0.00,0.00,0.62,0.36,98,-1,0,0,0.0,0.00,0.264,0.271,0.19,0,25,0,120.2,6.0,176.5,149.9,0.00,0
9.80,fly,104.44,0.06,0.264,1,1893.2,367.4,0.0,0.0,0.00,0.76,150,150,-1,0.0,0.0,-2.8,0.5,0.01,0.02,0.00,0.00,0.00,0.00,0.65,0.38,98,-1,0,0,0.0,0.00,0.264,0.274,0.17,0,25,0,120.2,6.0,176.5,149.9,0.00,0
9.90,fly,104.45,0.05,0.266,1,1893.2,367.4,0.0,0.0,0.09,0.81,150,150,-1,0.0,0.0,-2.4,0.5,0.00,0.04,0.00,0.00,0.00,0.00,0.75,0.33,98,-1,0,0,0.0,0.00,0.266,0.284,0.12,0,25,0,120.2,6.0,176.5,149.9,0.00,0
10.00,fly,104.46,0.04,0.270,1,1893.2,367.6,0.0,0.0,0.09,0.86,150,150,-1,0.0,0.0,-2.0,0.5,0.00,0.04,0.00,0.00,0.00,0.00,0.77,0.34,98,-1,0,0,0.0,0.00,0.270,0.286,0.05,0,25,0,120.1,3.9,177.7,149.9,0.00,0
10.10,fly,104.46,0.04,0.271,1,1893.2,367.7,0.0,0.0,0.09,0.86,150,150,-1,0.0,0.0,-1.7,0.4,0.00,0.02,0.00,0.00,0.00,0.00,0.78,0.36,98,-1,0,0,0.0,0.00,0.271,0.281,0.02,0,25,0,120.1,3.9,177.7,149.9,0.00,0
10.20,fly,104.46,0.04,0.272,1,1893.2,367.8,0.0,0.0,0.09,0.83,150,150,-1,0.0,0.0,-1.6,0.4,0.00,0.00,0.00,0.00,0.00,0.00,0.78,0.36,98,-1,0,0,0.0,0.00,0.272,0.274,0.00,0,25,0,120.1,3.9,177.7,149.9,0.00,0
10.30,fly,104.46,0.04,0.273,1,1893.2,367.9,0.0,0.0,0.09,0.83,150,150,-1,0.0,0.0,-1.7,0.4,0.00,-0.02,0.00,0.00,0.00,0.00,0.77,0.34,98,-1,0,0,0.0,0.00,0.273,0.284,-0.02,0,25,0,120.1,3.9,177.7,149.9,0.00,0
10.40,fly,104.46,0.04,0.271,1,1893.2,367.9,0.0,0.0,0.09,0.83,150,150,-1,0.0,0.0,-1.8,0.4,0.01,-0.04,0.00,0.00,0.00,0.00,0.77,0.34,98,-1,0,0,0.0,0.00,0.271,0.287,0.02,0,25,0,120.2,3.4,178.0,149.8,0.00,0
10.50,fly,104.47,0.03,0.267,1,1893.2,367.9,0.0,0.0,0.09,0.83,150,150,-1,0.0,0.0,-1.9,0.4,0.01,-0.03,0.00,0.00,0.00,0.00,0.77,0.34,98,-1,0,0,0.0,0.00,0.267,0.281,0.10,0,25,0,120.2,3.4,178.0,149.8,0.00,0
10.60,fly,104.48,0.02,0.267,1,1893.2,368.1,0.0,0.0,0.09,0.86,150,150,-1,0.0,0.0,-1.8,0.4,0.01,-0.01,0.00,0.00,0.00,0.00,0.77,0.34,98,-1,0,0,0.0,0.00,0.267,0.274,0.08,0,25,0,120.2,3.4,178.0,149.8,0.00,0
10.70,fly,104.48,0.02,0.268,1,1893.2,368.1,0.0,0.0,0.09,0.86,150,150,-1,0.0,0.0,-1.6,0.4,0.01,0.01,0.00,0.00,0.00,0.00,0.78,0.35,98,-1,0,0,0.0,0.00,0.268,0.278,0.05,0,25,0,120.2,3.4,178.0,149.8,0.00,0
10.80,fly,104.49,0.01,0.268,1,1893.3,368.2,0.0,0.0,0.13,0.86,150,150,-1,0.0,0.0,-1.3,0.4,0.01,0.03,0.00,0.00,0.00,0.00,0.81,0.32,98,-1,0,0,0.0,0.00,0.268,0.282,0.06,0,25,0,120.2,2.6,178.5,149.8,0.00,0
10.90,fly,104.50,-0.00,0.266,1,1893.3,368.4,0.0,0.0,0.18,0.86,150,150,-1,0.0,0.0,-1.0,0.3,0.00,0.03,0.00,0.00,0.00,0.00,0.85,0.29,98,-1,0,0,0.0,0.00,0.266,0.277,0.09,0,25,0,120.2,2.6,178.5,149.8,0.00,0
11.00,fly,104.51,-0.01,0.267,1,1893.3,368.4,0.0,0.0,0.18,0.86,150,150,-1,0.0,0.0,-0.9,0.3,0.00,0.01,0.00,0.00,0.00,0.00,0.83,0.28,98,-1,0,0,0.0,0.00,0.267,0.272,0.07,0,25,0,120.2,2.6,178.5,149.8,0.00,0
11.10,fly,104.51,-0.01,0.267,1,1893.3,368.5,0.0,0.0,0.18,0.86,150,150,-1,0.0,0.0,-0.9,0.3,0.01,-0.01,0.00,0.00,0.00,0.00,0.83,0.28,98,-1,0,0,0.0,0.00,0.267,0.273,0.05,0,25,0,120.2,2.6,178.5,149.8,0.00,0
11.20,fly,104.51,-0.01,0.268,1,1893.3,368.5,0.0,0.0,0.18,0.86,150,150,-1,0.0,0.0,-1.0,0.3,0.01,-0.03,0.00,0.00,0.00,0.00,0.83,0.28,98,-1,0,0,0.0,0.00,0.268,0.282,0.03,0,25,0,120.2,2.0,178.8,149.8,0.00,0
11.30,fly,104.51,-0.01,0.269,1,1893.4,368.7,0.0,0.0,0.18,0.83,150,150,-1,0.0,0.0,-1.1,0.3,0.01,-0.02,0.00,0.00,0.00,0.00,0.81,0.27,98,-1,0,0,0.0,0.00,0.269,0.282,0.01,0,25,0,120.2,2.0,178.8,149.8,0.00,0
11.40,fly,104.51,-0.01,0.270,1,1893.4,368.8,0.0,0.0,0.18,0.83,150,150,-1,0.0,0.0,-1.0,0.3,0.01,-0.00,0.00,0.00,0.00,0.00,0.81,0.27,98,-1,0,0,0.0,0.00,0.270,0.276,-0.01,0,25,0,120.2,2.0,178.8,149.8,0.00,0
11.50,fly,104.51,-0.01,0.272,1,1893.4,368.8,0.0,0.0,0.18,0.83,150,150,-1,0.0,0.0,-0.9,0.3,0.01,0.01,0.00,0.00,0.00,0.00,0.81,0.27,98,-1,0,0,0.0,0.00,0.272,0.281,-0.03,0,25,0,120.2,2.0,178.8,149.8,0.00,0
11.60,fly,104.51,-0.01,0.271,1,1893.4,368.9,0.0,0.0,0.18,0.81,150,150,-1,0.0,0.0,-0.6,0.3,0.01,0.03,0.00,0.00,0.00,0.00,0.79,0.26,98,-1,0,0,0.0,0.00,0.271,0.285,-0.03,0,25,0,120.2,1.4,179.2,149.8,0.00,0
11.70,fly,104.51,-0.01,0.268,1,1893.4,368.9,0.0,0.0,0.18,0.81,150,150,-1,0.0,0.0,-0.4,0.2,-0.00,0.03,0.00,0.00,0.00,0.00,0.79,0.26,98,-1,0,0,0.0,0.00,0.268,0.280,0.03,0,25,0,120.2,1.4,179.2,149.8,0.00,0
11.80,fly,104.52,-0.02,0.266,1,1893.4,369.0,0.0,0.0,0.18,0.79,150,150,-1,0.0,0.0,-0.3,0.2,-0.01,0.01,0.00,0.00,0.00,0.00,0.77,0.25,98,-1,0,0,0.0,0.00,0.266,0.274,0.06,0,25,0,120.2,1.4,179.2,149.8,0.00,0
11.90,fly,104.52,-0.02,0.267,1,1893.4,369.1,0.0,0.0,0.09,0.77,150,150,-1,0.0,0.0,-0.3,0.1,-0.00,-0.00,0.00,0.00,0.00,0.00,0.71,0.31,98,-1,0,0,0.0,0.00,0.267,0.271,0.04,0,25,0,120.2,1.4,179.2,149.8,0.00,0
12.00,fly,104.53,-0.03,0.268,1,1893.5,369.3,0.0,0.0,0.09,0.75,150,150,-1,0.0,0.0,-0.4,0.0,-0.00,-0.02,0.00,0.00,0.00,0.00,0.70,0.31,98,-1,0,0,0.0,0.00,0.268,0.279,0.02,0,25,0,120.3,0.8,179.5,149.7,0.00,0
12.10,fly,104.53,-0.03,0.268,1,1893.5,369.3,0.0,0.0,0.09,0.73,150,150,-1,0.0,6.0,-0.6,0.0,-0.06,-0.03,0.00,0.00,0.00,0.00,0.69,0.30,98,-1,0,0,0.0,0.00,0.268,0.301,0.03,0,25,0,120.3,0.8,179.5,149.7,0.00,0
12.20,fly,104.54,-0.04,0.266,1,1893.5,369.3,0.0,0.0,0.09,0.73,150,150,-1,0.0,10.0,-0.6,0.1,-0.09,-0.01,0.00,0.00,0.00,0.00,0.67,0.29,98,-1,0,0,0.0,0.00,0.266,0.308,0.05,0,25,0,120.3,0.8,179.5,149.7,0.00,0
12.30,fly,104.54,-0.04,0.267,1,1893.5,369.4,0.0,0.0,0.09,0.70,150,150,-1,0.0,10.0,-0.6,0.2,-0.08,-0.01,0.00,0.00,0.00,0.00,0.65,0.28,98,-1,0,0,0.0,0.00,0.267,0.300,0.03,0,25,0,120.3,0.8,179.5,149.7,0.00,0
12.40,fly,104.53,-0.03,0.268,1,1893.5,369.5,0.0,0.0,0.18,0.67,150,150,-1,0.0,10.0,-0.6,0.5,-0.05,-0.01,0.00,0.00,0.00,0.00,0.69,0.20,98,-1,0,0,0.0,0.00,0.268,0.291,0.01,0,25,0,120.3,1.4,179.2,149.7,0.00,0
12.50,fly,104.52,-0.02,0.269,1,1893.5,369.6,0.0,0.0,0.18,0.65,150,150,-1,0.0,10.0,-0.6,0.9,-0.02,-0.01,0.00,0.00,0.00,0.00,0.67,0.19,98,-1,0,0,0.0,0.00,0.269,0.279,-0.01,0,25,0,120.3,1.4,179.2,149.7,0.00,0
12.60,fly,104.51,-0.01,0.271,1,1893.5,369.6,0.0,0.0,0.18,0.65,150,150,-1,0.0,10.0,-0.6,1.6,0.02,-0.01,0.00,0.00,0.00,0.00,0.65,0.17,98,-1,0,0,0.0,0.00,0.271,0.279,-0.03,0,25,0,120.3,1.4,179.2,149.7,0.00,0
12.70,fly,104.49,0.01,0.272,1,1893.5,369.7,0.0,0.0,0.18,0.64,150,150,-1,0.0,10.0,-0.5,2.4,0.05,-0.01,0.00,0.00,0.00,0.00,0.64,0.17,98,-1,0,0,0.0,0.00,0.272,0.295,-0.05,0,25,0,120.3,1.4,179.2,149.7,0.00,0
12.80,fly,104.47,0.03,0.272,1,1893.6,369.8,0.0,0.0,0.09,0.65,150,150,-1,0.0,10.0,-0.5,3.3,0.07,-0.00,0.00,0.00,0.00,0.00,0.64,0.17,98,-1,0,0,0.0,0.00,0.272,0.299,-0.04,0,25,0,120.3,4.2,177.5,149.7,0.00,0
12.90,fly,104.45,0.05,0.272,1,1893.6,369.8,0.0,0.0,0.09,0.65,150,150,-1,0.0,10.0,-0.4,4.1,0.06,0.00,0.00,0.00,0.00,0.00,0.60,0.25,98,-1,0,0,0.0,0.00,0.272,0.297,-0.01,0,25,0,120.3,4.2,177.5,149.7,0.00,0
13.00,fly,104.43,0.07,0.273,1,1893.6,369.9,0.0,0.0,-0.04,0.71,150,150,-1,0.0,10.0,-0.4,4.8,0.04,0.00,0.00,0.00,0.00,0.00,0.60,0.30,98,-1,0,0,0.0,0.00,0.273,0.292,-0.04,0,25,0,120.3,4.2,177.5,149.7,0.00,0
13.10,fly,104.41,0.09,0.275,1,1893.6,370.0,0.0,0.0,-0.13,0.76,150,150,-1,0.0,10.0,-0.3,5.3,0.02,0.00,0.00,0.00,0.00,0.00,0.59,0.40,98,-1,0,0,0.0,0.00,0.275,0.285,-0.06,0,25,0,120.3,4.2,177.5,149.7,0.00,0
13.20,fly,104.40,0.10,0.277,1,1893.5,370.1,0.0,0.0,-0.26,0.80,150,150,-1,0.0,10.0,-0.3,5.6,-0.00,0.00,0.00,0.00,0.00,0.00,0.59,0.50,98,-1,0,0,0.0,0.00,0.277,0.280,-0.09,0,25,0,120.2,6.0,176.5,149.7,0.00,0
13.30,fly,104.39,0.11,0.278,1,1893.5,370.1,0.0,0.0,-0.26,0.80,150,150,-1,0.0,10.0,-0.2,5.7,-0.02,-0.00,0.00,0.00,0.00,0.00,0.56,0.63,98,-1,0,0,0.0,0.00,0.278,0.288,-0.08,0,25,0,120.2,6.0,176.5,149.7,0.00,0
13.40,fly,104.39,0.11,0.274,1,1893.5,370.3,0.0,0.0,-0.44,0.90,150,150,-1,0.0,10.0,-0.2,5.8,-0.03,-0.01,0.00,0.00,0.00,0.00,0.56,0.73,98,-1,0,0,0.0,0.00,0.274,0.289,-0.00,0,25,0,120.2,6.0,176.5,149.7,0.00,0
13.50,fly,104.40,0.10,0.267,1,1893.5,370.3,0.0,0.0,-0.44,0.90,150,150,-1,0.0,10.0,-0.3,5.9,-0.04,-0.01,0.00,0.00,0.00,0.00,0.56,0.83,98,-1,0,0,0.0,0.00,0.267,0.283,0.12,0,25,0,120.2,6.0,176.5,149.7,0.00,0
13.60,fly,104.42,0.08,0.263,1,1893.4,370.4,0.0,0.0,-0.53,0.94,150,150,-1,0.0,10.0,-0.3,6.0,-0.03,-0.01,0.00,0.00,0.00,0.00,0.55,0.93,98,-1,0,0,0.0,0.00,0.263,0.275,0.19,0,25,0,120.2,6.5,176.2,149.6,0.00,0
13.70,fly,104.43,0.07,0.263,1,1893.3,370.5,0.0,0.0,-0.70,1.00,150,150,-1,0.0,10.0,-0.3,6.3,-0.00,-0.01,0.00,0.00,0.00,0.00,0.53,1.02,98,-1,0,0,0.0,0.00,0.263,0.267,0.17,0,25,0,120.2,6.5,176.2,149.6,0.00,0
13.80,fly,104.43,0.07,0.264,1,1893.2,370.7,0.0,0.0,-0.79,1.03,150,150,-1,0.0,10.0,-0.3,6.7,0.02,-0.01,0.00,0.00,0.00,0.00,0.51,1.11,98,-1,0,0,0.0,0.00,0.264,0.276,0.14,0,25,0,120.2,6.5,176.2,149.6,0.00,0
13.90,fly,104.43,0.07,0.267,1,1893.2,370.7,0.0,0.0,-0.79,1.03,150,150,-1,0.0,10.0,-0.3,7.2,0.04,-0.00,0.00,0.00,0.00,0.00,0.50,1.20,98,-1,0,0,0.0,0.00,0.267,0.284,0.09,0,25,0,120.2,6.5,176.2,149.6,0.00,0
14.00,fly,104.42,0.08,0.271,1,1893.0,370.9,0.0,0.0,-0.97,1.10,150,150,-1,0.0,10.0,-0.2,7.7,0.04,0.00,0.00,0.00,0.00,0.00,0.47,1.29,98,-1,0,0,0.0,0.00,0.271,0.287,0.01,0,25,0,120.1,8.0,175.3,149.6,0.00,0
14.10,fly,104.41,0.09,0.273,1,1892.9,371.0,0.0,0.0,-1.05,1.15,150,150,-1,0.0,4.0,-0.2,8.0,0.08,0.00,0.00,0.00,0.00,0.00,0.47,1.39,98,-1,0,0,0.0,0.00,0.273,0.307,-0.01,0,25,0,120.1,8.0,175.3,149.6,0.00,0
14.20,fly,104.40,0.10,0.274,1,1892.9,371.0,0.0,0.0,-1.05,1.15,150,150,-1,0.0,-2.0,-0.1,8.2,0.12,0.00,0.00,0.00,0.00,0.00,0.47,1.49,98,-1,0,0,0.0,0.00,0.274,0.324,-0.04,0,25,0,120.1,8.0,175.3,149.6,0.00,0
14.30,fly,104.39,0.11,0.276,1,1892.7,371.2,0.0,0.0,-1.27,1.26,150,150,-1,0.0,-8.0,-0.1,8.2,0.15,0.00,0.00,0.00,0.00,0.00,0.47,1.59,98,-1,0,0,0.0,0.00,0.276,0.340,-0.07,0,25,0,120.1,8.0,175.3,149.6,0.00,0
14.40,fly,104.39,0.11,0.278,1,1892.6,371.4,0.0,0.0,-1.41,1.33,150,150,-1,0.0,-10.0,-0.0,8.0,0.14,0.00,0.00,0.00,0.00,0.00,0.46,1.74,98,-1,0,0,0.0,0.00,0.278,0.337,-0.10,0,25,0,120.1,8.0,175.3,149.6,0.00,0
14.50,fly,104.39,0.11,0.277,1,1892.4,371.5,0.0,0.0,-1.58,1.40,150,150,-1,0.0,-10.0,-0.0,7.4,0.09,0.00,0.00,0.00,0.00,0.00,0.45,1.88,98,-1,0,0,0.0,0.00,0.277,0.315,-0.08,0,25,0,120.1,8.0,175.3,149.6,0.00,0
14.60,fly,104.42,0.08,0.271,1,1892.2,371.6,0.0,0.0,-1.71,1.46,150,150,-1,0.0,-10.0,0.0,6.5,0.03,0.00,0.00,0.00,0.00,0.00,0.42,2.07,98,-1,0,0,0.0,0.00,0.271,0.283,0.04,0,25,0,120.1,8.0,175.3,149.6,0.00,0
14.70,fly,104.46,0.04,0.267,1,1892.2,371.6,0.0,0.0,-1.71,1.46,150,150,-1,0.0,-10.0,0.1,5.3,-0.03,0.00,0.00,0.00,0.00,0.00,0.41,2.21,98,-1,0,0,0.0,0.00,0.267,0.279,0.10,0,25,0,120.1,8.0,175.3,149.6,0.00,0
14.80,fly,104.49,0.01,0.267,1,1892.1,371.8,0.0,0.0,-1.76,1.49,150,150,-1,0.0,-10.0,0.1,3.9,-0.07,0.00,0.00,0.00,0.00,0.00,0.41,2.27,98,-1,0,0,0.0,0.00,0.267,0.297,0.07,0,25,0,120.3,3.7,177.8,149.7,0.00,0
14.90,fly,104.52,-0.02,0.267,1,1891.7,372.1,0.0,0.0,-1.85,1.49,150,150,-1,0.0,-10.0,0.1,2.4,-0.09,0.00,0.00,0.00,0.00,0.00,0.37,2.35,98,-1,0,0,0.0,0.00,0.267,0.304,0.05,0,25,0,120.3,3.7,177.8,149.7,0.00,0
15.00,fly,104.55,-0.05,0.268,1,1891.7,372.1,0.0,0.0,-1.85,1.49,150,150,-1,0.0,-10.0,0.1,1.1,-0.08,0.00,0.00,0.00,0.00,0.00,0.37,2.35,98,-1,0,0,0.0,0.00,0.268,0.302,0.03,0,25,0,120.3,3.7,177.8,149.7,0.00,0
15.10,fly,104.57,-0.07,0.268,1,1891.3,372.4,0.0,0.0,-1.76,1.40,150,150,-1,0.0,-10.0,0.2,-0.1,-0.07,0.00,0.00,0.00,0.00,0.00,0.35,2.29,98,-1,0,0,0.0,0.00,0.268,0.297,0.01,0,25,0,120.3,3.7,177.8,149.7,0.00,0
15.20,fly,104.59,-0.09,0.269,1,1891.3,372.4,0.0,0.0,-1.76,1.40,150,150,-1,0.0,-10.0,0.2,-1.0,-0.05,0.00,0.00,0.00,0.00,0.00,0.32,2.22,98,-1,0,0,0.0,0.00,0.269,0.290,-0.01,0,25,0,120.3,358.6,180.8,149.7,0.00,0
15.30,fly,104.60,-0.10,0.269,1,1891.0,372.6,0.0,0.0,-1.54,1.26,150,150,-1,0.0,-10.0,0.2,-1.8,-0.03,0.00,0.00,0.00,0.00,0.00,0.31,2.11,98,-1,0,0,0.0,0.00,0.269,0.281,-0.03,0,25,0,120.3,358.6,180.8,149.7,0.00,0
15.40,fly,104.60,-0.10,0.270,1,1891.0,372.6,0.0,0.0,-1.54,1.26,150,150,-1,0.0,-10.0,0.1,-2.2,0.03,-0.01,0.00,0.00,0.00,0.00,0.32,1.96,98,-1,0,0,0.0,0.00,0.270,0.288,-0.06,0,25,0,120.3,358.6,180.8,149.7,0.00,0
15.50,fly,104.60,-0.10,0.262,1,1890.9,372.7,0.0,0.0,-1.32,0.72,150,150,-1,0.0,-10.0,-0.2,-1.9,0.14,-0.06,0.00,0.00,0.00,0.00,-0.04,1.50,98,-1,0,0,0.0,0.00,0.262,0.343,0.11,0,25,0,120.3,358.6,180.8,149.7,0.00,0
15.60,fly,104.61,-0.11,0.263,1,1890.6,372.9,0.0,0.0,-1.14,0.64,149,145,-1,0.0,-10.0,-0.6,-1.5,0.15,-0.06,0.00,0.00,0.00,0.00,-0.05,1.41,98,-1,0,0,0.0,0.00,0.263,0.347,0.08,0,25,0,125.3,359.3,180.5,144.8,0.00,0
15.70,fly,104.61,-0.11,0.264,1,1890.5,372.9,0.0,0.0,-1.10,0.65,148,145,-1,0.0,-10.0,-0.8,-1.3,0.12,-0.05,0.00,0.00,0.00,0.00,-0.06,1.31,98,-1,0,0,0.0,0.00,0.264,0.331,0.05,0,25,0,125.3,359.3,180.5,144.8,0.00,0
15.80,fly,104.61,-0.11,0.265,1,1890.5,372.9,0.0,0.0,-1.10,0.65,148,145,-1,0.0,-10.0,-0.9,-1.5,0.08,-0.02,0.00,0.00,0.00,0.00,-0.04,1.28,98,-1,0,0,0.0,0.00,0.265,0.304,0.03,0,25,0,125.3,359.3,180.5,144.8,0.00,0
15.90,fly,104.61,-0.11,0.268,1,1890.3,373.0,0.0,0.0,-0.97,0.59,147,145,-1,0.0,-10.0,-1.0,-1.7,0.06,-0.02,0.00,0.00,0.00,0.00,-0.03,1.23,98,-1,0,0,0.0,0.00,0.268,0.299,-0.03,0,25,0,125.3,359.3,180.5,144.8,0.00,0
16.00,fly,104.61,-0.11,0.272,1,1890.3,373.0,0.0,0.0,-0.97,0.59,146,137,-1,0.0,-10.0,-1.0,-2.1,0.03,-0.03,0.00,0.00,0.00,0.00,-0.05,1.13,98,-1,0,0,0.0,0.00,0.272,0.297,-0.11,0,25,0,133.1,359.0,181.0,136.9,0.00,0
16.10,fly,104.60,-0.10,0.273,1,1890.2,373.1,0.1,-0.1,-0.88,0.59,144,137,-1,-0.1,-4.0,-1.1,-2.7,-0.05,-0.03,0.00,0.00,0.00,0.00,-0.03,1.06,98,-1,0,0,0.0,0.00,0.273,0.305,-0.13,0,25,0,133.1,359.0,181.0,136.9,0.00,0
16.20,fly,104.60,-0.10,0.263,1,1890.1,373.1,0.2,-0.1,-0.53,-0.02,143,137,-1,-1.2,-1.3,-1.7,-2.2,0.07,-0.09,0.00,0.00,0.00,0.00,-0.41,0.38,98,-1,0,0,0.0,0.00,0.263,0.328,0.07,0,25,0,133.1,359.0,181.0,136.9,0.00,0
16.30,fly,104.60,-0.10,0.263,1,1890.1,373.1,0.2,-0.1,-0.53,-0.02,142,137,-1,-1.1,-1.4,-2.2,-1.8,0.06,-0.08,0.00,0.00,0.00,0.00,-0.34,0.40,98,-1,0,0,0.0,0.00,0.263,0.322,0.07,0,25,0,133.1,359.0,181.0,136.9,0.00,0
16.40,fly,104.60,-0.10,0.265,1,1890.0,373.1,0.3,-0.1,-0.48,0.00,141,132,-1,-1.0,-1.3,-2.5,-1.5,0.06,-0.07,0.00,0.00,0.00,0.00,-0.30,0.38,98,-1,0,0,0.0,0.00,0.265,0.318,0.02,0,25,0,137.5,0.8,179.1,132.5,0.00,0
16.50,fly,104.59,-0.09,0.268,1,1890.0,373.1,0.3,-0.1,-0.40,0.00,140,132,-1,-0.9,-1.1,-2.7,-1.2,0.06,-0.05,0.00,0.00,0.00,0.00,-0.26,0.30,98,-1,0,0,0.0,0.00,0.268,0.311,-0.03,0,25,0,137.5,0.8,179.1,132.5,0.00,0
16.60,fly,104.57,-0.07,0.270,1,1890.0,373.1,0.3,-0.1,-0.35,0.00,139,132,-1,-0.8,-1.0,-2.7,-0.9,0.05,-0.03,0.00,0.00,0.00,0.00,-0.23,0.27,98,-1,0,0,0.0,0.00,0.270,0.304,-0.07,0,25,0,137.5,0.8,179.1,132.5,0.00,0
16.70,fly,104.56,-0.06,0.273,1,1889.9,373.1,0.4,-0.1,-0.18,0.02,138,132,-1,-0.6,-0.8,-2.7,-0.8,0.04,-0.03,0.00,0.00,0.00,0.00,-0.16,0.21,98,-1,0,0,0.0,0.00,0.273,0.300,-0.11,0,25,0,137.5,0.8,179.1,132.5,0.00,0
16.80,fly,104.55,-0.05,0.274,1,1889.9,373.1,0.4,-0.1,-0.09,0.02,137,131,-1,-0.4,-0.7,-2.7,-0.7,0.03,-0.03,0.00,0.00,0.00,0.00,-0.10,0.14,98,-1,0,0,0.0,0.00,0.274,0.295,-0.12,0,25,0,138.5,1.7,178.1,131.5,0.00,0
16.90,fly,104.54,-0.04,0.274,1,1889.9,373.1,0.4,-0.1,-0.09,0.02,136,131,-1,-0.3,-0.5,-2.7,-0.6,0.02,-0.02,0.00,0.00,0.00,0.00,-0.05,0.08,98,-1,0,0,0.0,0.00,0.274,0.291,-0.10,0,25,0,138.5,1.7,178.1,131.5,0.00,0
17.00,fly,104.53,-0.03,0.272,1,1889.9,373.1,0.4,-0.1,0.00,0.03,135,131,-1,-0.1,-0.3,-2.6,-0.6,0.02,-0.02,0.00,0.00,0.00,0.00,0.02,0.02,98,-1,0,0,0.0,0.00,0.272,0.287,-0.06,0,25,0,138.5,1.7,178.1,131.5,0.00,0
17.10,fly,104.53,-0.03,0.270,1,1889.9,373.1,0.4,-0.1,0.09,0.07,135,131,-1,-0.0,-0.3,-2.5,-0.5,0.02,-0.01,0.00,0.00,0.00,0.00,0.04,0.04,98,-1,0,0,0.0,0.00,0.270,0.282,-0.02,0,25,0,138.5,1.7,178.1,131.5,0.00,0
17.20,fly,104.53,-0.03,0.267,1,1889.9,373.1,0.4,-0.1,0.09,0.07,134,132,-1,0.2,-0.2,-2.3,-0.5,0.02,-0.01,0.00,0.00,0.00,0.00,0.11,-0.01,98,-1,0,0,0.0,0.00,0.267,0.278,0.02,0,25,0,137.8,1.6,178.2,132.2,0.00,0
17.30,fly,104.53,-0.03,0.266,1,1889.9,373.1,0.4,-0.1,0.09,0.09,134,132,-1,0.2,-0.2,-2.2,-0.5,0.01,-0.01,0.00,0.00,0.00,0.00,0.12,0.00,98,-1,0,0,0.0,0.00,0.266,0.274,0.04,0,25,0,137.8,1.6,178.2,132.2,0.00,0
17.40,fly,104.54,-0.04,0.268,1,1889.9,373.2,0.4,-0.1,0.09,0.09,134,132,-1,0.2,-0.2,-2.1,-0.6,0.00,-0.01,0.00,0.00,0.00,0.00,0.12,0.00,98,-1,0,0,0.0,0.00,0.268,0.274,0.01,0,25,0,137.8,1.6,178.2,132.2,0.00,0
17.50,fly,104.53,-0.03,0.270,1,1890.0,373.2,0.4,-0.1,0.18,0.09,133,132,-1,0.4,-0.1,-2.0,-0.7,-0.01,-0.02,0.00,0.00,0.00,0.00,0.19,-0.06,98,-1,0,0,0.0,0.00,0.270,0.280,-0.02,0,25,0,137.8,1.6,178.2,132.2,0.00,0
17.60,fly,104.53,-0.03,0.271,1,1890.0,373.2,0.3,-0.1,0.18,0.09,134,134,-1,0.5,-0.0,-1.9,-0.8,-0.01,-0.01,0.00,0.00,0.00,0.00,0.19,-0.06,98,-1,0,0,0.0,0.00,0.271,0.278,-0.05,0,25,0,136.2,1.0,178.9,133.9,0.00,0
17.70,fly,104.52,-0.02,0.273,1,1890.0,373.2,0.3,-0.1,0.26,0.09,134,134,-1,0.5,-0.0,-1.7,-0.8,-0.00,0.01,0.00,0.00,0.00,0.00,0.19,-0.06,98,-1,0,0,0.0,0.00,0.273,0.276,-0.08,0,25,0,136.2,1.0,178.9,133.9,0.00,0
17.80,fly,104.52,-0.02,0.273,1,1890.0,373.2,0.3,-0.2,0.26,0.09,134,134,-1,0.7,0.1,-1.4,-0.8,0.00,0.02,0.00,0.00,0.00,0.00,0.25,-0.12,98,-1,0,0,0.0,0.00,0.273,0.281,-0.08,0,25,0,136.2,1.0,178.9,133.9,0.00,0
17.90,fly,104.52,-0.02,0.269,1,1890.0,373.2,0.3,-0.2,0.26,0.03,134,134,-1,0.6,0.3,-1.3,-0.7,0.02,-0.02,0.00,0.00,0.00,0.00,0.21,-0.16,98,-1,0,0,0.0,0.00,0.269,0.286,-0.00,0,25,0,136.2,1.0,178.9,133.9,0.00,0
18.00,fly,104.53,-0.03,0.264,1,1890.1,373.2,0.2,-0.2,0.26,0.00,134,135,-1,0.5,0.4,-1.4,-0.6,0.02,-0.04,0.00,0.00,0.00,0.00,0.19,-0.18,98,-1,0,0,0.0,0.00,0.264,0.289,0.09,0,25,0,134.6,0.9,179.2,135.4,0.00,0
18.10,fly,104.54,-0.04,0.261,1,1890.1,373.2,0.2,-0.2,0.26,0.00,134,135,-1,0.5,0.4,-1.5,-0.5,0.02,-0.04,0.00,0.00,0.00,0.00,0.19,-0.18,98,-1,0,0,0.0,0.00,0.261,0.285,0.14,0,25,0,134.6,0.9,179.2,135.4,0.00,0
18.20,fly,104.55,-0.05,0.259,1,1890.1,373.2,0.2,-0.2,0.26,0.00,134,135,-1,0.5,0.4,-1.6,-0.4,0.02,-0.04,0.00,0.00,0.00,0.00,0.19,-0.18,98,-1,0,0,0.0,0.00,0.259,0.280,0.16,0,25,0,134.6,0.9,179.2,135.4,0.00,0
18.30,fly,104.56,-0.06,0.260,1,1890.2,373.2,0.2,-0.2,0.35,0.01,134,135,-1,0.6,0.4,-1.5,-0.3,0.02,-0.02,0.00,0.00,0.00,0.00,0.19,-0.18,98,-1,0,0,0.0,0.00,0.260,0.279,0.13,0,25,0,134.6,0.9,179.2,135.4,0.00,0
18.40,fly,104.57,-0.07,0.263,1,1890.2,373.2,0.1,-0.2,0.35,0.02,135,136,-1,0.8,0.6,-1.5,-0.2,0.02,-0.02,0.00,0.00,0.00,0.00,0.26,-0.24,98,-1,0,0,0.0,0.00,0.263,0.279,0.07,0,25,0,134.2,1.3,178.7,135.8,0.00,0
18.50,fly,104.56,-0.06,0.268,1,1890.2,373.2,0.1,-0.2,0.35,0.02,135,136,-1,0.8,0.6,-1.4,-0.1,0.02,-0.02,0.00,0.00,0.00,0.00,0.26,-0.23,98,-1,0,0,0.0,0.00,0.268,0.282,-0.04,0,25,0,134.2,1.3,178.7,135.8,0.00,0
18.60,fly,104.54,-0.04,0.274,1,1890.2,373.2,0.1,-0.2,0.35,0.02,135,136,-1,0.8,0.6,-1.3,-0.1,0.01,-0.01,0.00,0.00,0.00,0.00,0.26,-0.23,98,-1,0,0,0.0,0.00,0.274,0.285,-0.14,0,25,0,134.2,1.3,178.7,135.8,0.00,0
18.70,fly,104.52,-0.02,0.277,1,1890.3,373.2,0.0,-0.2,0.35,0.00,135,136,-1,0.8,0.7,-1.2,-0.1,0.01,-0.01,0.00,0.00,0.00,0.00,0.25,-0.25,98,-1,0,0,0.0,0.00,0.277,0.285,-0.18,0,25,0,134.2,1.3,178.7,135.8,0.00,0
18.80,fly,104.51,-0.01,0.274,1,1890.4,373.2,-0.0,-0.2,0.35,0.00,135,135,-1,0.8,0.7,-1.0,-0.1,0.00,-0.01,0.00,0.00,0.00,0.00,0.25,-0.25,98,-1,0,0,0.0,0.00,0.274,0.280,-0.12,0,25,0,134.6,1.0,179.0,135.4,0.00,0
18.90,fly,104.51,-0.01,0.270,1,1890.4,373.2,-0.0,-0.2,0.35,0.02,135,135,-1,0.8,0.7,-0.9,-0.1,0.00,-0.01,0.00,0.00,0.00,0.00,0.25,-0.25,98,-1,0,0,0.0,0.00,0.270,0.275,-0.03,0,25,0,134.6,1.0,179.0,135.4,0.00,0
19.20,fly,104.59,-0.09,0.247,1,1890.5,373.2,-0.1,-0.2,0.35,0.02,135,135,-1,0.9,0.7,-0.8,0.0,0.01,-0.02,0.00,0.00,0.00,0.00,0.26,-0.23,98,-1,0,0,0.0,0.00,0.247,0.258,0.35,0,25,0,134.6,1.0,179.0,135.4,0.00,0
19.30,fly,104.63,-0.13,0.240,1,1890.5,373.2,-0.2,-0.2,0.35,0.02,135,135,-1,1.0,0.7,-0.7,0.1,0.02,-0.02,0.00,0.00,0.00,0.00,0.26,-0.23,98,-1,0,0,0.0,0.00,0.240,0.255,0.45,0,25,0,134.6,1.0,179.0,135.4,0.00,0
19.40,fly,104.67,-0.17,0.240,1,1890.6,373.2,-0.2,-0.2,0.35,0.02,135,135,-1,1.0,0.7,-0.7,0.1,0.02,-0.02,0.00,0.00,0.00,0.00,0.26,-0.23,98,-1,0,0,0.0,0.00,0.240,0.256,0.41,0,25,0,135.0,0.9,179.1,135.0,0.00,0
19.50,fly,104.69,-0.19,0.248,1,1890.6,373.2,-0.3,-0.2,0.35,0.02,135,135,-1,1.0,0.7,-0.7,0.2,0.02,-0.03,0.00,0.00,0.00,0.00,0.26,-0.23,98,-1,0,0,0.0,0.00,0.248,0.265,0.23,0,25,0,135.0,0.9,179.1,135.0,0.00,0
19.60,fly,104.69,-0.19,0.256,1,1890.6,373.2,-0.3,-0.2,0.35,0.02,135,135,-1,1.0,0.7,-0.7,0.3,0.02,-0.03,0.00,0.00,0.00,0.00,0.26,-0.23,98,-1,0,0,0.0,0.00,0.256,0.275,0.05,0,25,0,135.0,0.9,179.1,135.0,0.00,0
19.70,fly,104.67,-0.17,0.266,1,1890.6,373.2,-0.3,-0.2,0.35,0.04,135,135,-1,1.1,0.7,-0.7,0.4,0.02,-0.03,0.00,0.00,0.00,0.00,0.28,-0.22,98,-1,0,0,0.0,0.00,0.266,0.286,-0.12,0,25,0,135.0,0.9,179.1,135.0,0.00,0
19.80,fly,104.64,-0.14,0.274,1,1890.7,373.2,-0.4,-0.2,0.31,0.03,135,135,-1,1.0,0.7,-0.8,0.4,0.02,-0.03,0.00,0.00,0.00,0.00,0.24,-0.19,98,-1,0,0,0.0,0.00,0.274,0.294,-0.26,0,25,0,135.0,1.2,178.8,135.0,0.00,0
19.90,fly,104.60,-0.10,0.278,1,1890.7,373.2,-0.4,-0.2,0.26,0.00,135,135,-1,0.9,0.6,-0.7,0.5,0.02,-0.02,0.00,0.00,0.00,0.00,0.20,-0.17,98,-1,0,0,0.0,0.00,0.278,0.296,-0.32,0,25,0,135.0,1.2,178.8,135.0,0.00,0
20.00,fly,104.58,-0.08,0.278,1,1890.7,373.2,-0.4,-0.2,0.26,0.00,135,135,-1,0.8,0.7,-0.7,0.5,0.02,-0.02,0.00,0.00,0.00,0.00,0.19,-0.19,98,-1,0,0,0.0,0.00,0.278,0.294,-0.30,0,25,0,135.0,1.2,178.8,135.0,0.00,0
20.10,fly,104.55,-0.05,0.276,1,1890.7,373.2,-0.4,-0.2,0.26,0.00,135,135,-1,0.8,0.7,-0.7,0.6,0.01,-0.02,0.00,0.00,0.00,0.00,0.19,-0.19,98,-1,0,0,0.0,0.00,0.276,0.290,-0.24,0,25,0,135.0,1.2,178.8,135.0,0.00,0
20.20,fly,104.54,-0.04,0.274,1,1890.8,373.2,-0.5,-0.2,0.18,-0.02,135,135,-1,0.8,0.7,-0.6,0.5,0.01,-0.02,0.00,0.00,0.00,0.00,0.17,-0.20,98,-1,0,0,0.0,0.00,0.274,0.286,-0.18,0,25,0,135.0,1.2,178.8,135.0,0.00,0
20.30,fly,104.53,-0.03,0.271,1,1890.8,373.2,-0.5,-0.2,0.18,-0.02,135,135,-1,0.6,0.6,-0.6,0.5,0.01,-0.02,0.00,0.00,0.00,0.00,0.11,-0.14,98,-1,0,0,0.0,0.00,0.271,0.282,-0.12,0,25,0,135.0,1.2,178.8,135.0,0.00,0
20.40,fly,104.52,-0.02,0.269,1,1890.8,373.2,-0.5,-0.2,0.18,-0.04,135,135,-1,0.6,0.6,-0.6,0.4,0.00,-0.02,0.00,0.00,0.00,0.00,0.11,-0.14,98,-1,0,0,0.0,0.00,0.269,0.278,-0.07,0,25,0,135.0,1.2,178.8,135.0,0.00,0
20.50,fly,104.52,-0.02,0.268,1,1890.8,373.2,-0.5,-0.2,0.18,-0.04,135,135,-1,0.6,0.6,-0.6,0.4,0.00,-0.02,0.00,0.00,0.00,0.00,0.09,-0.16,98,-1,0,0,0.0,0.00,0.268,0.275,-0.04,0,25,0,135.0,1.2,178.8,135.0,0.00,0
20.60,fly,104.51,-0.01,0.270,1,1890.8,373.2,-0.5,-0.2,0.18,-0.04,135,135,-1,0.6,0.6,-0.5,0.4,0.01,-0.01,0.00,0.00,0.00,0.00,0.09,-0.16,98,-1,0,0,0.0,0.00,0.270,0.275,-0.07,0,25,0,135.0,0.8,179.2,135.0,0.00,0
20.70,fly,104.50,-0.00,0.271,1,1890.9,373.2,-0.6,-0.2,0.09,-0.11,135,135,-1,0.6,0.6,-0.3,0.4,0.01,-0.00,0.00,0.00,0.00,0.00,0.09,-0.16,98,-1,0,0,0.0,0.00,0.271,0.276,-0.09,0,25,0,135.0,0.8,179.2,135.0,0.00,0
20.80,fly,104.50,0.00,0.270,1,1890.9,373.2,-0.6,-0.2,0.09,-0.11,135,135,-1,0.3,0.6,-0.3,0.3,0.00,-0.01,0.00,0.00,0.00,0.00,-0.02,-0.14,98,-1,0,0,0.0,0.00,0.270,0.275,-0.06,0,25,0,135.0,0.8,179.2,135.0,0.00,0
20.90,fly,104.50,0.00,0.267,1,1890.9,373.2,-0.6,-0.1,0.09,-0.11,135,135,-1,0.3,0.6,-0.2,0.2,-0.00,-0.01,0.00,0.00,0.00,0.00,-0.02,-0.14,98,-1,0,0,0.0,0.00,0.267,0.272,-0.01,0,25,0,135.0,0.8,179.2,135.0,0.00,0
21.00,fly,104.51,-0.01,0.265,1,1890.9,373.2,-0.6,-0.1,0.09,-0.11,135,135,-1,0.3,0.6,-0.1,0.1,-0.01,-0.00,0.00,0.00,0.00,0.00,-0.02,-0.14,98,-1,0,0,0.0,0.00,0.265,0.270,0.04,0,25,0,134.6,0.3,179.7,135.4,0.00,0
21.10,fly,104.51,-0.01,0.263,1,1890.9,373.2,-0.6,-0.1,0.09,-0.11,135,135,-1,0.3,0.6,0.0,0.0,-0.01,0.01,0.00,0.00,0.00,0.00,-0.02,-0.14,98,-1,0,0,0.0,0.00,0.263,0.270,0.06,0,25,0,134.6,0.3,179.7,135.4,0.00,0
21.20,fly,104.52,-0.02,0.264,1,1890.9,373.2,-0.6,-0.1,0.09,-0.11,135,135,-1,0.3,0.6,0.2,-0.0,0.00,0.01,0.00,0.00,0.00,0.00,-0.02,-0.14,98,-1,0,0,0.0,0.00,0.264,0.271,0.04,0,25,0,134.6,0.3,179.7,135.4,0.00,0
21.30,fly,104.51,-0.01,0.267,1,1890.9,373.1,-0.6,-0.1,0.09,-0.11,135,135,-1,0.3,0.6,0.3,0.1,0.02,0.01,0.00,0.00,0.00,0.00,-0.02,-0.14,98,-1,0,0,0.0,0.00,0.267,0.277,-0.01,0,25,0,134.6,0.3,179.7,135.4,0.00,0
21.40,fly,104.50,-0.00,0.271,1,1890.9,373.1,-0.6,-0.1,0.09,-0.11,135,135,-1,0.3,0.7,0.3,0.2,0.02,-0.01,0.00,0.00,0.00,0.00,-0.02,-0.14,98,-1,0,0,0.0,0.00,0.271,0.283,-0.08,0,25,0,134.5,359.8,180.2,135.5,0.00,0
21.50,fly,104.49,0.01,0.272,1,1890.9,373.1,-0.6,-0.1,0.09,-0.11,135,135,-1,0.3,0.7,0.3,0.2,0.01,-0.01,0.00,0.00,0.00,0.00,-0.02,-0.14,98,-1,0,0,0.0,0.00,0.272,0.283,-0.10,0,25,0,134.5,359.8,180.2,135.5,0.00,0
21.60,fly,104.48,0.02,0.274,1,1890.9,373.1,-0.6,-0.1,0.00,-0.11,135,135,-1,0.1,0.5,0.3,0.1,-0.00,-0.01,0.00,0.00,0.00,0.00,-0.08,-0.08,98,-1,0,0,0.0,0.00,0.274,0.280,-0.12,0,25,0,134.5,359.8,180.2,135.5,0.00,0
21.70,fly,104.47,0.03,0.274,1,1890.9,373.1,-0.6,-0.1,0.00,-0.11,135,135,-1,0.1,0.5,0.3,-0.0,-0.02,-0.01,0.00,0.00,0.00,0.00,-0.08,-0.08,98,-1,0,0,0.0,0.00,0.274,0.283,-0.11,0,25,0,134.5,359.8,180.2,135.5,0.00,0
21.80,fly,104.48,0.02,0.269,1,1890.9,373.1,-0.6,-0.1,0.00,-0.11,135,136,-1,0.1,0.5,0.3,-0.2,-0.02,-0.00,0.00,0.00,0.00,0.00,-0.08,-0.08,98,-1,0,0,0.0,0.00,0.269,0.278,-0.02,0,25,0,134.5,359.5,180.5,135.5,0.00,0
21.90,fly,104.49,0.01,0.264,1,1890.9,373.1,-0.6,-0.0,0.00,-0.11,135,136,-1,0.1,0.5,0.4,-0.3,-0.01,0.00,0.00,0.00,0.00,0.00,-0.08,-0.08,98,-1,0,0,0.0,0.00,0.264,0.270,0.08,0,25,0,134.5,359.5,180.5,135.5,0.00,0
22.00,fly,104.50,0.00,0.262,1,1890.9,373.1,-0.6,-0.0,0.00,-0.11,135,136,-1,0.1,0.5,0.5,-0.3,0.00,0.01,0.00,0.00,0.00,0.00,-0.08,-0.08,98,-1,0,0,0.0,0.00,0.262,0.266,0.11,0,25,0,134.5,359.5,180.5,135.5,0.00,0
22.10,fly,104.50,-0.00,0.263,1,1890.9,373.1,-0.6,-0.0,0.00,-0.11,135,136,-1,0.1,0.5,0.6,-0.2,0.02,0.01,0.00,0.00,0.00,0.00,-0.08,-0.08,98,-1,0,0,0.0,0.00,0.263,0.275,0.09,0,25,0,134.5,359.5,180.5,135.5,0.00,0
22.20,fly,104.50,0.00,0.267,1,1890.9,373.0,-0.6,-0.0,0.00,-0.13,135,136,-1,0.0,0.6,0.7,-0.0,0.03,0.01,0.00,0.00,0.00,0.00,-0.09,-0.09,98,-1,0,0,0.0,0.00,0.267,0.283,0.01,0,25,0,134.4,359.3,180.7,135.6,0.00,0
22.30,fly,104.48,0.02,0.273,1,1890.9,373.0,-0.6,0.0,0.00,-0.13,135,136,-1,0.0,0.6,0.7,0.1,0.02,0.01,0.00,0.00,0.00,0.00,-0.09,-0.09,98,-1,0,0,0.0,0.00,0.273,0.285,-0.11,0,25,0,134.4,359.3,180.7,135.6,0.00,0
22.40,fly,104.47,0.03,0.275,1,1890.9,373.0,-0.6,0.0,0.00,-0.13,135,136,-1,0.0,0.6,0.8,0.1,0.01,0.01,0.00,0.00,0.00,0.00,-0.09,-0.09,98,-1,0,0,0.0,0.00,0.275,0.280,-0.13,0,25,0,134.4,359.3,180.7,135.6,0.00,0
22.50,fly,104.46,0.04,0.275,1,1890.9,373.0,-0.6,0.0,0.00,-0.13,135,136,-1,0.0,0.6,0.8,-0.0,-0.01,0.00,0.00,0.00,0.00,0.00,-0.09,-0.09,98,-1,0,0,0.0,0.00,0.275,0.278,-0.12,0,25,0,134.4,359.3,180.7,135.6,0.00,0
22.60,fly,104.46,0.04,0.270,1,1890.9,373.0,-0.6,0.0,0.00,-0.15,136,136,-1,-0.1,0.6,0.8,-0.1,-0.01,-0.00,0.00,0.00,0.00,0.00,-0.11,-0.11,98,-1,0,0,0.0,0.00,0.270,0.274,-0.03,0,25,0,134.4,359.0,180.9,135.6,0.00,0
22.70,fly,104.48,0.02,0.263,1,1890.9,373.0,-0.6,0.1,-0.09,-0.16,136,136,-1,-0.1,0.6,0.9,-0.2,-0.01,-0.00,0.00,0.00,0.00,0.00,-0.11,-0.11,98,-1,0,0,0.0,0.00,0.263,0.267,0.10,0,25,0,134.4,359.0,180.9,135.6,0.00,0
22.80,fly,104.49,0.01,0.259,1,1890.9,372.9,-0.6,0.1,-0.09,-0.18,136,136,-1,-0.3,0.5,0.9,-0.2,0.01,0.00,0.00,0.00,0.00,0.00,-0.18,-0.05,98,-1,0,0,0.0,0.00,0.259,0.261,0.17,0,25,0,134.4,359.0,180.9,135.6,0.00,0
22.90,fly,104.50,-0.00,0.261,1,1890.9,372.9,-0.6,0.1,-0.09,-0.18,136,136,-1,-0.3,0.5,0.9,-0.1,0.02,0.01,0.00,0.00,0.00,0.00,-0.19,-0.06,98,-1,0,0,0.0,0.00,0.261,0.272,0.12,0,25,0,134.4,359.0,180.9,135.6,0.00,0
23.00,fly,104.50,0.00,0.267,1,1890.9,372.9,-0.6,0.1,-0.09,-0.18,136,136,-1,-0.3,0.5,1.0,0.0,0.02,0.01,0.00,0.00,0.00,0.00,-0.19,-0.06,98,-1,0,0,0.0,0.00,0.267,0.282,-0.00,0,25,0,134.4,359.1,180.9,135.6,0.00,0
23.10,fly,104.48,0.02,0.275,1,1890.9,372.9,-0.6,0.1,-0.09,-0.18,136,136,-1,-0.3,0.5,1.0,0.1,0.02,0.01,0.00,0.00,0.00,0.00,-0.19,-0.06,98,-1,0,0,0.0,0.00,0.275,0.286,-0.15,0,25,0,134.4,359.1,180.9,135.6,0.00,0
23.20,fly,104.45,0.05,0.280,1,1890.9,372.9,-0.6,0.2,-0.09,-0.20,136,136,-1,-0.4,0.6,1.0,0.1,0.01,0.00,0.00,0.00,0.00,0.00,-0.20,-0.08,98,-1,0,0,0.0,0.00,0.280,0.284,-0.22,0,25,0,134.4,359.1,180.9,135.6,0.00,0
23.30,fly,104.44,0.06,0.280,1,1890.9,372.9,-0.6,0.2,-0.09,-0.20,136,136,-1,-0.4,0.6,0.9,0.1,-0.01,-0.00,0.00,0.00,0.00,0.00,-0.20,-0.08,98,-1,0,0,0.0,0.00,0.280,0.284,-0.20,0,25,0,134.4,359.1,180.9,135.6,0.00,0
23.40,fly,104.43,0.07,0.276,1,1890.9,372.8,-0.6,0.2,-0.09,-0.21,136,136,-1,-0.4,0.6,0.9,-0.0,-0.01,-0.01,0.00,0.00,0.00,0.00,-0.20,-0.08,98,-1,0,0,0.0,0.00,0.276,0.282,-0.12,0,25,0,134.4,359.1,180.9,135.6,0.00,0
23.50,fly,104.44,0.06,0.269,1,1890.9,372.8,-0.6,0.2,-0.09,-0.21,136,136,-1,-0.5,0.6,0.8,-0.1,-0.01,-0.01,0.00,0.00,0.00,0.00,-0.21,-0.08,98,-1,0,0,0.0,0.00,0.269,0.275,0.02,0,25,0,134.4,359.1,180.9,135.6,0.00,0
23.60,fly,104.46,0.04,0.262,1,1890.9,372.8,-0.6,0.2,-0.09,-0.22,136,136,-1,-0.5,0.6,0.7,-0.2,-0.01,-0.01,0.00,0.00,0.00,0.00,-0.22,-0.09,98,-1,0,0,0.0,0.00,0.262,0.268,0.15,0,25,0,134.4,359.1,180.9,135.6,0.00,0
23.70,fly,104.48,0.02,0.256,1,1890.9,372.8,-0.5,0.3,-0.09,-0.22,136,136,-1,-0.5,0.7,0.7,-0.2,-0.00,-0.00,0.00,0.00,0.00,0.00,-0.22,-0.09,98,-1,0,0,0.0,0.00,0.256,0.257,0.25,0,25,0,134.4,359.1,180.9,135.6,0.00,0
23.80,fly,104.50,-0.00,0.255,1,1890.8,372.8,-0.5,0.3,-0.09,-0.22,136,136,-1,-0.5,0.7,0.7,-0.1,0.01,0.01,0.00,0.00,0.00,0.00,-0.22,-0.09,98,-1,0,0,0.0,0.00,0.255,0.262,0.25,0,25,0,134.4,359.1,180.8,135.6,0.00,0
23.90,fly,104.51,-0.01,0.261,1,1890.8,372.7,-0.5,0.3,-0.09,-0.22,136,136,-1,-0.5,0.7,0.7,-0.1,0.02,0.01,0.00,0.00,0.00,0.00,-0.22,-0.09,98,-1,0,0,0.0,0.00,0.261,0.271,0.12,0,25,0,134.4,359.1,180.8,135.6,0.00,0
24.00,fly,104.50,0.00,0.270,1,1890.8,372.7,-0.5,0.3,-0.18,-0.24,136,136,-1,-0.7,0.6,0.8,0.0,0.02,0.01,0.00,0.00,0.00,0.00,-0.26,-0.07,98,-1,0,0,0.0,0.00,0.270,0.282,-0.05,0,25,0,134.4,359.1,180.8,135.6,0.00,0
24.10,fly,104.48,0.02,0.278,1,1890.8,372.7,-0.5,0.3,-0.18,-0.24,136,136,-1,-0.8,0.5,0.8,0.1,0.01,0.01,0.00,0.00,0.00,0.00,-0.30,-0.04,98,-1,0,0,0.0,0.00,0.278,0.287,-0.20,0,25,0,134.4,359.1,180.8,135.6,0.00,0
24.20,fly,104.45,0.05,0.281,1,1890.8,372.7,-0.5,0.4,-0.18,-0.24,136,136,-1,-0.8,0.5,0.7,0.1,0.01,-0.00,0.00,0.00,0.00,0.00,-0.30,-0.04,98,-1,0,0,0.0,0.00,0.281,0.285,-0.24,0,25,0,134.4,359.3,180.6,135.6,0.00,0
24.30,fly,104.44,0.06,0.277,1,1890.8,372.6,-0.5,0.4,-0.18,-0.24,136,136,-1,-0.8,0.5,0.6,0.1,0.00,-0.01,0.00,0.00,0.00,0.00,-0.30,-0.04,98,-1,0,0,0.0,0.00,0.277,0.282,-0.15,0,25,0,134.4,359.3,180.6,135.6,0.00,0
24.40,fly,104.44,0.06,0.271,1,1890.7,372.6,-0.4,0.4,-0.18,-0.24,136,136,-1,-0.9,0.5,0.5,0.1,0.01,-0.01,0.00,0.00,0.00,0.00,-0.30,-0.04,98,-1,0,0,0.0,0.00,0.271,0.276,-0.01,0,25,0,134.4,359.3,180.6,135.6,0.00,0
24.50,fly,104.46,0.04,0.263,1,1890.7,372.6,-0.4,0.4,-0.18,-0.24,136,136,-1,-0.9,0.5,0.5,0.1,0.01,-0.01,0.00,0.00,0.00,0.00,-0.30,-0.04,98,-1,0,0,0.0,0.00,0.263,0.269,0.12,0,25,0,134.4,359.3,180.6,135.6,0.00,0
24.60,fly,104.48,0.02,0.257,1,1890.7,372.6,-0.4,0.5,-0.18,-0.24,136,136,-1,-0.9,0.5,0.4,0.0,0.00,-0.00,0.00,0.00,0.00,0.00,-0.30,-0.04,98,-1,0,0,0.0,0.00,0.257,0.259,0.22,0,25,0,134.4,359.6,180.4,135.6,0.00,0
24.70,fly,104.50,-0.00,0.257,1,1890.7,372.5,-0.4,0.5,-0.18,-0.24,136,136,-1,-0.9,0.6,0.4,-0.0,-0.01,0.01,0.00,0.00,0.00,0.00,-0.30,-0.04,98,-1,0,0,0.0,0.00,0.257,0.262,0.22,0,25,0,134.4,359.6,180.4,135.6,0.00,0
24.80,fly,104.51,-0.01,0.263,1,1890.7,372.5,-0.4,0.5,-0.18,-0.22,136,136,-1,-0.9,0.6,0.4,-0.1,-0.01,0.01,0.00,0.00,0.00,0.00,-0.30,-0.04,98,-1,0,0,0.0,0.00,0.263,0.270,0.09,0,25,0,134.4,359.6,180.4,135.6,0.00,0
24.90,fly,104.50,0.00,0.272,1,1890.7,372.5,-0.4,0.5,-0.18,-0.22,136,136,-1,-0.9,0.5,0.5,-0.2,-0.01,0.01,0.00,0.00,0.00,0.00,-0.28,-0.03,98,-1,0,0,0.0,0.00,0.272,0.279,-0.08,0,25,0,134.4,359.6,180.4,135.6,0.00,0
25.00,fly,104.47,0.03,0.280,1,1890.6,372.5,-0.3,0.6,-0.18,-0.24,136,136,-1,-0.9,0.5,0.4,-0.2,-0.00,0.00,0.00,0.00,0.00,0.00,-0.28,-0.03,98,-1,0,0,0.0,0.00,0.280,0.282,-0.23,0,25,0,134.3,359.3,180.7,135.7,0.00,0
25.10,fly,104.45,0.05,0.283,1,1890.6,372.4,-0.3,0.6,-0.18,-0.24,136,136,-1,-1.0,0.6,0.4,-0.2,0.01,-0.01,0.00,0.00,0.00,0.00,-0.30,-0.04,98,-1,0,0,0.0,0.00,0.283,0.289,-0.27,0,25,0,134.3,359.3,180.7,135.7,0.00,0
25.20,fly,104.43,0.07,0.280,1,1890.6,372.4,-0.3,0.6,-0.18,-0.24,136,136,-1,-1.0,0.6,0.3,-0.1,0.01,-0.01,0.00,0.00,0.00,0.00,-0.30,-0.04,98,-1,0,0,0.0,0.00,0.280,0.289,-0.18,0,25,0,134.3,359.3,180.7,135.7,0.00,0
25.30,fly,104.43,0.07,0.273,1,1890.6,372.4,-0.3,0.6,-0.18,-0.22,136,136,-1,-1.0,0.6,0.2,-0.0,0.02,-0.01,0.00,0.00,0.00,0.00,-0.30,-0.04,98,-1,0,0,0.0,0.00,0.273,0.283,-0.04,0,25,0,134.3,359.3,180.7,135.7,0.00,0
25.40,fly,104.44,0.06,0.266,1,1890.6,372.4,-0.3,0.7,-0.18,-0.22,136,136,-1,-1.0,0.5,0.1,0.0,0.02,-0.01,0.00,0.00,0.00,0.00,-0.28,-0.03,98,-1,0,0,0.0,0.00,0.266,0.278,0.09,0,25,0,134.3,360.0,180.0,135.7,0.00,0
25.50,fly,104.46,0.04,0.260,1,1890.6,372.4,-0.3,0.7,-0.18,-0.22,136,136,-1,-1.0,0.5,0.0,0.1,0.01,-0.01,0.00,0.00,0.00,0.00,-0.28,-0.03,98,-1,0,0,0.0,0.00,0.260,0.268,0.19,0,25,0,134.3,360.0,180.0,135.7,0.00,0
25.60,fly,104.48,0.02,0.258,1,1890.5,372.3,-0.2,0.7,-0.18,-0.20,136,136,-1,-1.0,0.5,-0.0,0.1,0.00,-0.00,0.00,0.00,0.00,0.00,-0.28,-0.03,98,-1,0,0,0.0,0.00,0.258,0.259,0.22,0,25,0,134.3,360.0,180.0,135.7,0.00,0
25.70,fly,104.50,-0.00,0.259,1,1890.5,372.3,-0.2,0.7,-0.18,-0.20,136,136,-1,-1.0,0.5,-0.1,-0.0,-0.01,0.00,0.00,0.00,0.00,0.00,-0.26,-0.01,98,-1,0,0,0.0,0.00,0.259,0.265,0.17,0,25,0,134.3,360.0,180.0,135.7,0.00,0
25.80,fly,104.50,-0.00,0.266,1,1890.5,372.3,-0.2,0.7,-0.09,-0.20,136,136,-1,-1.0,0.5,-0.0,-0.2,-0.02,0.00,0.00,0.00,0.00,0.00,-0.26,-0.01,98,-1,0,0,0.0,0.00,0.266,0.274,0.04,0,25,0,134.3,359.9,180.1,135.7,0.00,0
25.90,fly,104.49,0.01,0.275,1,1890.5,372.3,-0.2,0.8,-0.09,-0.20,136,136,-1,-0.9,0.7,-0.0,-0.3,-0.02,0.00,0.00,0.00,0.00,0.00,-0.20,-0.08,98,-1,0,0,0.0,0.00,0.275,0.283,-0.13,0,25,0,134.3,359.9,180.1,135.7,0.00,0
26.00,fly,104.46,0.04,0.282,1,1890.5,372.3,-0.2,0.8,-0.09,-0.20,136,136,-1,-0.9,0.7,-0.0,-0.3,-0.00,0.00,0.00,0.00,0.00,0.00,-0.20,-0.08,98,-1,0,0,0.0,0.00,0.282,0.285,-0.25,0,25,0,134.3,359.9,180.1,135.7,0.00,0
26.10,fly,104.44,0.06,0.281,1,1890.5,372.2,-0.2,0.8,-0.09,-0.20,136,136,-1,-0.9,0.7,-0.0,-0.3,0.00,0.00,0.00,0.00,0.00,0.00,-0.20,-0.08,98,-1,0,0,0.0,0.00,0.281,0.284,-0.21,0,25,0,134.3,359.9,180.1,135.7,0.00,0
26.20,fly,104.44,0.06,0.274,1,1890.5,372.2,-0.2,0.8,-0.09,-0.18,136,136,-1,-0.9,0.7,-0.0,-0.2,0.01,0.00,0.00,0.00,0.00,0.00,-0.19,-0.06,98,-1,0,0,0.0,0.00,0.274,0.278,-0.07,0,25,0,134.3,359.8,180.2,135.7,0.00,0
26.30,fly,104.45,0.05,0.268,1,1890.5,372.2,-0.2,0.8,-0.09,-0.18,136,136,-1,-0.9,0.7,-0.0,-0.2,0.01,0.00,0.00,0.00,0.00,0.00,-0.19,-0.06,98,-1,0,0,0.0,0.00,0.268,0.271,0.06,0,25,0,134.3,359.8,180.2,135.7,0.00,0
26.40,fly,104.47,0.03,0.260,1,1890.4,372.2,-0.1,0.9,-0.09,-0.18,136,136,-1,-0.9,0.7,-0.0,-0.1,0.01,0.00,0.00,0.00,0.00,0.00,-0.19,-0.06,98,-1,0,0,0.0,0.00,0.260,0.264,0.19,0,25,0,134.3,359.8,180.2,135.7,0.00,0
26.50,fly,104.50,0.00,0.255,1,1890.4,372.2,-0.1,0.9,-0.09,-0.18,136,136,-1,-0.9,0.7,-0.0,-0.2,-0.00,0.00,0.00,0.00,0.00,0.00,-0.19,-0.06,98,-1,0,0,0.0,0.00,0.255,0.256,0.27,0,25,0,134.3,359.8,180.2,135.7,0.00,0
26.60,fly,104.51,-0.01,0.258,1,1890.4,372.1,-0.1,0.9,-0.09,-0.18,136,136,-1,-0.9,0.7,-0.0,-0.2,-0.01,0.00,0.00,0.00,0.00,0.00,-0.19,-0.06,98,-1,0,0,0.0,0.00,0.258,0.262,0.19,0,25,0,134.3,359.8,180.2,135.7,0.00,0
26.70,fly,104.51,-0.01,0.267,1,1890.4,372.1,-0.1,0.9,-0.09,-0.18,136,136,-1,-0.9,0.7,-0.0,-0.3,-0.01,0.00,0.00,0.00,0.00,0.00,-0.19,-0.06,98,-1,0,0,0.0,0.00,0.267,0.271,0.01,0,25,0,134.3,359.8,180.2,135.7,0.00,0
26.80,fly,104.49,0.01,0.277,1,1890.4,372.1,-0.1,0.9,-0.09,-0.18,136,136,-1,-0.9,0.7,-0.0,-0.3,-0.01,0.00,0.00,0.00,0.00,0.00,-0.19,-0.06,98,-1,0,0,0.0,0.00,0.277,0.280,-0.16,0,25,0,134.3,359.8,180.2,135.7,0.00,0
26.90,fly,104.46,0.04,0.284,1,1890.4,372.1,-0.1,0.9,-0.09,-0.15,136,136,-1,-0.9,0.6,-0.1,-0.2,0.01,0.00,0.00,0.00,0.00,0.00,-0.17,-0.04,98,-1,0,0,0.0,0.00,0.284,0.287,-0.28,0,25,0,134.3,359.8,180.2,135.7,0.00,0
27.00,fly,104.44,0.06,0.283,1,1890.4,372.1,-0.1,1.0,-0.09,-0.15,136,136,-1,-0.9,0.6,-0.1,-0.1,0.02,0.00,0.00,0.00,0.00,0.00,-0.17,-0.04,98,-1,0,0,0.0,0.00,0.283,0.290,-0.24,0,25,0,134.3,359.9,180.1,135.7,0.00,0
27.10,fly,104.43,0.07,0.277,1,1890.4,372.1,-0.1,1.0,-0.09,-0.15,136,136,-1,-0.9,0.6,-0.1,-0.0,0.02,0.00,0.00,0.00,0.00,0.00,-0.17,-0.04,98,-1,0,0,0.0,0.00,0.277,0.284,-0.10,0,25,0,134.3,359.9,180.1,135.7,0.00,0
27.20,fly,104.43,0.07,0.270,1,1890.4,372.1,-0.1,1.0,-0.09,-0.15,136,136,-1,-0.9,0.6,-0.1,0.1,0.02,0.00,0.00,0.00,0.00,0.00,-0.17,-0.04,98,-1,0,0,0.0,0.00,0.270,0.278,0.03,0,25,0,134.3,359.9,180.1,135.7,0.00,0
27.30,fly,104.45,0.05,0.262,1,1890.4,372.0,-0.1,1.0,-0.09,-0.13,136,136,-1,-0.9,0.6,-0.1,0.2,0.02,-0.00,0.00,0.00,0.00,0.00,-0.16,-0.04,98,-1,0,0,0.0,0.00,0.262,0.272,0.17,0,25,0,134.3,359.9,180.1,135.7,0.00,0
27.40,fly,104.47,0.03,0.258,1,1890.4,372.0,-0.1,1.0,-0.09,-0.13,136,136,-1,-0.9,0.6,-0.2,0.3,0.01,-0.00,0.00,0.00,0.00,0.00,-0.16,-0.03,98,-1,0,0,0.0,0.00,0.258,0.264,0.24,0,25,0,134.3,0.4,179.6,135.7,0.00,0
27.50,fly,104.50,0.00,0.258,1,1890.4,372.0,-0.0,1.0,-0.09,-0.13,136,136,-1,-0.9,0.6,-0.2,0.2,-0.00,-0.00,0.00,0.00,0.00,0.00,-0.16,-0.03,98,-1,0,0,0.0,0.00,0.258,0.260,0.22,0,25,0,134.3,0.4,179.6,135.7,0.00,0
27.60,fly,104.51,-0.01,0.261,1,1890.3,372.0,-0.0,1.0,0.00,-0.11,136,136,-1,-0.9,0.6,-0.2,0.1,-0.01,-0.00,0.00,0.00,0.00,0.00,-0.14,-0.01,98,-1,0,0,0.0,0.00,0.261,0.266,0.14,0,25,0,134.3,0.4,179.6,135.7,0.00,0
27.70,fly,104.50,0.00,0.270,1,1890.3,372.0,-0.0,1.0,0.00,-0.11,136,136,-1,-0.7,0.8,-0.2,0.0,-0.01,-0.00,0.00,0.00,0.00,0.00,-0.08,-0.08,98,-1,0,0,0.0,0.00,0.270,0.277,-0.04,0,25,0,134.3,0.4,179.6,135.7,0.00,0
27.80,fly,104.48,0.02,0.280,1,1890.3,372.0,-0.0,1.1,0.00,-0.09,136,136,-1,-0.7,0.8,-0.3,-0.0,-0.01,-0.00,0.00,0.00,0.00,0.00,-0.08,-0.08,98,-1,0,0,0.0,0.00,0.280,0.286,-0.21,0,25,0,134.3,0.2,179.8,135.7,0.00,0
27.90,fly,104.45,0.05,0.286,1,1890.3,372.0,-0.0,1.1,0.00,-0.09,136,136,-1,-0.7,0.7,-0.2,-0.1,-0.00,0.00,0.00,0.00,0.00,0.00,-0.06,-0.06,98,-1,0,0,0.0,0.00,0.286,0.287,-0.30,0,25,0,134.3,0.2,179.8,135.7,0.00,0
28.00,fly,104.43,0.07,0.282,1,1890.3,372.0,-0.0,1.1,0.00,-0.09,136,136,-1,-0.7,0.7,-0.2,-0.1,0.00,0.00,0.00,0.00,0.00,0.00,-0.06,-0.06,98,-1,0,0,0.0,0.00,0.282,0.284,-0.21,0,25,0,134.3,0.2,179.8,135.7,0.00,0
28.10,fly,104.43,0.07,0.276,1,1890.3,372.0,-0.0,1.1,0.00,-0.09,136,136,-1,-0.7,0.7,-0.2,-0.0,0.00,0.00,0.00,0.00,0.00,0.00,-0.06,-0.06,98,-1,0,0,0.0,0.00,0.276,0.278,-0.07,0,25,0,134.3,0.2,179.8,135.7,0.00,0
28.20,fly,104.43,0.07,0.269,1,1890.3,371.9,-0.0,1.1,0.00,-0.09,136,136,-1,-0.7,0.7,-0.2,-0.0,0.00,0.00,0.00,0.00,0.00,0.00,-0.06,-0.06,98,-1,0,0,0.0,0.00,0.269,0.272,0.06,0,25,0,134.3,0.2,179.9,135.7,0.00,0
28.30,fly,104.46,0.04,0.261,1,1890.3,371.9,-0.0,1.1,0.00,-0.07,136,136,-1,-0.6,0.7,-0.2,0.0,0.01,0.00,0.00,0.00,0.00,0.00,-0.05,-0.05,98,-1,0,0,0.0,0.00,0.261,0.265,0.19,0,25,0,134.3,0.2,179.9,135.7,0.00,0
28.40,fly,104.49,0.01,0.255,1,1890.3,371.9,-0.0,1.1,0.00,-0.07,136,136,-1,-0.6,0.7,-0.2,0.0,0.00,-0.00,0.00,0.00,0.00,0.00,-0.05,-0.05,98,-1,0,0,0.0,0.00,0.255,0.257,0.29,0,25,0,134.3,0.2,179.9,135.7,0.00,0
28.50,fly,104.51,-0.01,0.255,1,1890.3,371.9,-0.0,1.1,0.00,-0.07,136,136,-1,-0.6,0.7,-0.2,-0.0,-0.00,-0.01,0.00,0.00,0.00,0.00,-0.05,-0.05,98,-1,0,0,0.0,0.00,0.255,0.259,0.26,0,25,0,134.3,0.2,179.9,135.7,0.00,0
28.60,fly,104.51,-0.01,0.264,1,1890.3,371.9,-0.0,1.1,0.00,-0.07,136,136,-1,-0.7,0.7,-0.3,-0.0,-0.00,-0.01,0.00,0.00,0.00,0.00,-0.05,-0.05,98,-1,0,0,0.0,0.00,0.264,0.267,0.08,0,25,0,134.3,0.3,179.7,135.7,0.00,0
28.70,fly,104.50,-0.00,0.273,1,1890.3,371.9,-0.0,1.1,0.00,-0.07,136,136,-1,-0.7,0.7,-0.3,-0.0,0.00,-0.01,0.00,0.00,0.00,0.00,-0.05,-0.05,98,-1,0,0,0.0,0.00,0.273,0.277,-0.09,0,25,0,134.3,0.3,179.7,135.7,0.00,0
28.80,fly,104.48,0.02,0.280,1,1890.3,371.9,-0.0,1.1,0.00,-0.04,136,136,-1,-0.6,0.7,-0.3,0.0,0.00,0.00,0.00,0.00,0.00,0.00,-0.03,-0.03,98,-1,0,0,0.0,0.00,0.280,0.282,-0.21,0,25,0,134.3,0.3,179.7,135.7,0.00,0
28.90,fly,104.47,0.03,0.279,1,1890.3,371.9,-0.0,1.1,0.00,-0.04,136,136,-1,-0.6,0.7,-0.2,0.0,0.00,0.01,0.00,0.00,0.00,0.00,-0.03,-0.03,98,-1,0,0,0.0,0.00,0.279,0.284,-0.17,0,25,0,134.3,0.3,179.7,135.7,0.00,0
29.00,fly,104.47,0.03,0.272,1,1890.3,371.9,-0.0,1.1,0.00,-0.04,136,136,-1,-0.6,0.7,-0.1,0.0,0.01,0.01,0.00,0.00,0.00,0.00,-0.03,-0.03,98,-1,0,0,0.0,0.00,0.272,0.278,-0.03,0,25,0,134.3,0.2,179.8,135.7,0.00,0
29.10,fly,104.48,0.02,0.265,1,1890.3,371.9,-0.0,1.1,0.00,-0.02,136,136,-1,-0.6,0.7,-0.1,0.1,0.01,0.01,0.00,0.00,0.00,0.00,-0.03,-0.03,98,-1,0,0,0.0,0.00,0.265,0.272,0.10,0,25,0,134.3,0.2,179.8,135.7,0.00,0
29.20,fly,104.50,-0.00,0.259,1,1890.3,371.9,-0.0,1.2,0.00,-0.02,136,136,-1,-0.6,0.6,-0.1,0.1,0.00,0.00,0.00,0.00,0.00,0.00,-0.02,-0.02,98,-1,0,0,0.0,0.00,0.259,0.262,0.21,0,25,0,134.3,0.2,179.8,135.7,0.00,0
29.30,fly,104.52,-0.02,0.258,1,1890.3,371.9,-0.0,1.2,0.00,-0.02,136,136,-1,-0.6,0.6,-0.1,0.1,-0.01,-0.01,0.00,0.00,0.00,0.00,-0.02,-0.02,98,-1,0,0,0.0,0.00,0.258,0.262,0.20,0,25,0,134.3,0.2,179.8,135.7,0.00,0
29.40,fly,104.52,-0.02,0.264,1,1890.3,371.9,-0.0,1.2,0.00,-0.02,136,136,-1,-0.6,0.6,-0.2,-0.0,-0.01,-0.01,0.00,0.00,0.00,0.00,-0.02,-0.02,98,-1,0,0,0.0,0.00,0.264,0.271,0.07,0,25,0,134.3,0.2,179.8,135.7,0.00,0
29.50,fly,104.51,-0.01,0.273,1,1890.3,371.9,-0.0,1.2,0.00,-0.02,136,136,-1,-0.6,0.6,-0.2,-0.1,-0.01,-0.01,0.00,0.00,0.00,0.00,-0.02,-0.02,98,-1,0,0,0.0,0.00,0.273,0.280,-0.10,0,25,0,134.3,0.2,179.8,135.7,0.00,0
29.60,fly,104.48,0.02,0.282,1,1890.3,371.9,-0.0,1.2,0.00,-0.02,136,136,-1,-0.6,0.6,-0.2,-0.1,-0.00,-0.00,0.00,0.00,0.00,0.00,-0.02,-0.02,98,-1,0,0,0.0,0.00,0.282,0.284,-0.24,0,25,0,134.3,0.2,179.8,135.7,0.00,0
29.70,fly,104.45,0.05,0.285,1,1890.3,371.9,-0.0,1.2,0.00,-0.02,136,136,-1,-0.6,0.6,-0.2,0.0,0.01,0.00,0.00,0.00,0.00,0.00,-0.02,-0.02,98,-1,0,0,0.0,0.00,0.285,0.291,-0.28,0,25,0,134.3,0.2,179.8,135.7,0.00,0
29.80,fly,104.44,0.06,0.281,1,1890.3,371.9,-0.0,1.2,0.00,-0.02,136,136,-1,-0.6,0.6,-0.2,0.1,0.02,0.01,0.00,0.00,0.00,0.00,-0.02,-0.02,98,-1,0,0,0.0,0.00,0.281,0.291,-0.19,0,25,0,134.3,0.3,179.7,135.7,0.00,0
29.90,fly,104.43,0.07,0.275,1,1890.3,371.9,-0.0,1.2,0.00,0.00,136,136,-1,-0.6,0.6,-0.1,0.2,0.02,0.01,0.00,0.00,0.00,0.00,-0.01,-0.01,98,-1,0,0,0.0,0.00,0.275,0.285,-0.06,0,25,0,134.3,0.3,179.7,135.7,0.00,0
30.00,fly,104.44,0.06,0.268,1,1890.3,371.9,-0.0,1.2,0.00,0.00,136,136,-1,-0.5,0.6,-0.1,0.3,0.02,0.01,0.00,0.00,0.00,0.00,0.00,0.00,98,-1,0,0,0.0,0.00,0.268,0.279,0.08,0,25,0,134.3,0.3,179.7,135.7,0.00,0
30.10,fly,104.46,0.04,0.262,1,1890.3,371.9,-0.0,1.2,0.00,0.00,136,136,-1,-0.5,0.6,-0.1,0.4,0.02,0.00,0.00,0.00,0.00,0.00,0.00,0.00,98,-1,0,0,0.0,0.00,0.262,0.269,0.18,0,25,0,134.3,0.3,179.7,135.7,0.00,0
30.20,fly,104.48,0.02,0.260,1,1890.3,371.9,-0.0,1.2,0.00,0.01,136,136,-1,-0.5,0.6,-0.1,0.4,0.00,-0.00,0.00,0.00,0.00,0.00,0.00,0.00,98,-1,0,0,0.0,0.00,0.260,0.262,0.21,0,25,0,134.3,0.5,179.5,135.7,0.00,0
30.30,fly,104.50,-0.00,0.260,1,1890.3,371.9,-0.0,1.2,0.00,0.02,136,136,-1,-0.5,0.6,-0.1,0.3,-0.01,-0.00,0.00,0.00,0.00,0.00,0.01,0.01,98,-1,0,0,0.0,0.00,0.260,0.267,0.18,0,25,0,134.3,0.5,179.5,135.7,0.00,0
30.40,fly,104.51,-0.01,0.264,1,1890.3,371.9,-0.0,1.2,0.00,0.02,136,136,-1,-0.5,0.6,-0.1,0.1,-0.02,-0.00,0.00,0.00,0.00,0.00,0.02,0.02,98,-1,0,0,0.0,0.00,0.264,0.274,0.10,0,25,0,134.3,0.5,179.5,135.7,0.00,0
30.65,fly,104.48,0.02,0.280,1,1890.3,371.9,-0.0,1.2,0.00,0.02,136,136,-1,-0.5,0.6,0.0,-0.0,-0.01,0.01,0.00,0.00,0.00,0.00,0.02,0.02,98,-1,0,0,0.0,0.00,0.280,0.287,-0.19,0,25,0,134.3,0.5,179.5,135.7,0.00,0
30.75,fly,104.45,0.05,0.284,1,1890.3,371.9,-0.0,1.2,0.00,0.02,136,136,-1,-0.5,0.6,0.1,0.1,0.02,0.02,0.00,0.00,0.00,0.00,0.02,0.02,98,-1,0,0,0.0,0.00,0.284,0.299,-0.25,0,25,0,134.3,359.9,180.1,135.7,0.00,0
30.85,fly,104.43,0.07,0.283,1,1890.3,371.9,-0.0,1.2,0.00,0.02,136,136,-1,-0.5,0.6,0.3,0.2,0.03,0.02,0.00,0.00,0.00,0.00,0.02,0.02,98,-1,0,0,0.0,0.00,0.283,0.302,-0.21,0,25,0,134.3,359.9,180.1,135.7,0.00,0
30.95,fly,104.42,0.08,0.277,1,1890.3,371.9,-0.0,1.2,0.00,0.02,136,136,-1,-0.5,0.6,0.4,0.4,0.03,0.02,0.00,0.00,0.00,0.00,0.02,0.02,98,-1,0,0,0.0,0.00,0.277,0.297,-0.08,0,25,0,134.3,359.9,180.1,135.7,0.00,0
31.05,fly,104.42,0.08,0.272,1,1890.3,371.9,-0.0,1.1,0.00,0.02,136,136,-1,-0.5,0.6,0.4,0.5,0.03,0.02,0.00,0.00,0.00,0.00,0.02,0.02,98,-1,0,0,0.0,0.00,0.272,0.288,0.03,0,25,0,134.3,359.9,180.1,135.7,0.00,0
31.15,fly,104.43,0.07,0.269,1,1890.3,371.9,-0.0,1.1,0.00,0.02,136,136,-1,-0.5,0.6,0.4,0.6,0.02,0.01,0.00,0.00,0.00,0.00,0.02,0.02,98,-1,0,0,0.0,0.00,0.269,0.279,0.08,0,25,0,134.3,0.1,179.9,135.7,0.00,0
31.25,fly,104.45,0.05,0.265,1,1890.3,371.9,-0.0,1.1,-0.09,0.02,136,136,-1,-0.5,0.6,0.4,0.6,0.01,-0.00,0.00,0.00,0.00,0.00,0.02,0.02,98,-1,0,0,0.0,0.00,0.265,0.270,0.14,0,25,0,134.3,0.1,179.9,135.7,0.00,0
31.35,fly,104.46,0.04,0.263,1,1890.3,371.9,-0.0,1.1,-0.09,0.02,136,136,-1,-0.7,0.4,0.3,0.5,-0.00,-0.00,0.00,0.00,0.00,0.00,-0.05,0.08,98,-1,0,0,0.0,0.00,0.263,0.266,0.16,0,25,0,134.3,0.1,179.9,135.7,0.00,0
31.45,fly,104.48,0.02,0.264,1,1890.3,371.9,-0.0,1.1,-0.09,0.02,136,136,-1,-0.7,0.4,0.2,0.3,-0.02,-0.01,0.00,0.00,0.00,0.00,-0.05,0.08,98,-1,0,0,0.0,0.00,0.264,0.274,0.14,0,25,0,134.3,0.1,179.9,135.7,0.00,0
31.55,fly,104.49,0.01,0.267,1,1890.3,371.9,-0.0,1.1,-0.09,0.02,136,136,-1,-0.7,0.4,0.2,0.1,-0.03,-0.01,0.00,0.00,0.00,0.00,-0.05,0.08,98,-1,0,0,0.0,0.00,0.267,0.281,0.06,0,25,0,134.3,360.0,180.0,135.7,0.00,0
31.65,fly,104.48,0.02,0.274,1,1890.3,371.9,0.0,1.1,-0.09,0.02,136,136,-1,-0.7,0.3,0.1,0.0,-0.02,-0.01,0.00,0.00,0.00,0.00,-0.05,0.08,98,-1,0,0,0.0,0.00,0.274,0.283,-0.05,0,25,0,134.3,360.0,180.0,135.7,0.00,0
31.75,fly,104.47,0.03,0.275,1,1890.3,371.9,0.0,1.1,-0.09,0.02,136,136,-1,-0.7,0.3,-0.0,0.0,0.00,-0.01,0.00,0.00,0.00,0.00,-0.05,0.08,98,-1,0,0,0.0,0.00,0.275,0.279,-0.07,0,25,0,134.3,360.0,180.0,135.7,0.00,0
31.85,fly,104.47,0.03,0.275,1,1890.3,371.9,0.0,1.1,-0.09,0.02,136,136,-1,-0.7,0.3,-0.0,0.1,0.02,-0.00,0.00,0.00,0.00,0.00,-0.05,0.08,98,-1,0,0,0.0,0.00,0.275,0.283,-0.06,0,25,0,134.3,360.0,180.0,135.7,0.00,0
31.95,fly,104.47,0.03,0.270,1,1890.3,371.9,0.0,1.1,-0.09,0.02,136,136,-1,-0.7,0.3,-0.1,0.2,0.02,0.00,0.00,0.00,0.00,0.00,-0.05,0.08,98,-1,0,0,0.0,0.00,0.270,0.280,0.02,0,25,0,134.3,0.3,179.7,135.7,0.00,0
32.05,fly,104.48,0.02,0.265,1,1890.3,371.9,0.0,1.1,-0.09,0.02,136,136,-1,-0.7,0.3,-0.1,0.3,0.02,0.01,0.00,0.00,0.00,0.00,-0.05,0.08,98,-1,0,0,0.0,0.00,0.265,0.275,0.13,0,25,0,134.3,0.3,179.7,135.7,0.00,0
32.15,fly,104.50,0.00,0.263,1,1890.3,371.9,0.0,1.1,-0.09,0.02,136,136,-1,-0.7,0.3,-0.0,0.3,0.01,0.01,0.00,0.00,0.00,0.00,-0.05,0.08,98,-1,0,0,0.0,0.00,0.263,0.269,0.15,0,25,0,134.3,0.3,179.7,135.7,0.00,0
32.25,fly,104.51,-0.01,0.263,1,1890.3,371.9,0.1,1.1,-0.09,0.02,136,136,-1,-0.7,0.3,0.0,0.2,-0.01,0.01,0.00,0.00,0.00,0.00,-0.05,0.08,98,-1,0,0,0.0,0.00,0.263,0.271,0.13,0,25,0,134.3,0.3,179.7,135.7,0.00,0
32.35,fly,104.52,-0.02,0.265,1,1890.2,371.9,0.1,1.1,-0.09,0.02,136,136,-1,-0.7,0.3,-0.0,0.0,-0.02,0.00,0.00,0.00,0.00,0.00,-0.05,0.08,98,-1,0,0,0.0,0.00,0.265,0.276,0.08,0,25,0,134.3,0.0,180.0,135.7,0.00,0
32.45,fly,104.52,-0.02,0.270,1,1890.2,371.9,0.1,1.1,-0.09,0.02,136,136,-1,-0.7,0.3,-0.1,-0.1,-0.02,-0.01,0.00,0.00,0.00,0.00,-0.05,0.08,98,-1,0,0,0.0,0.00,0.270,0.281,-0.02,0,25,0,134.3,0.0,180.0,135.7,0.00,0
32.55,fly,104.51,-0.01,0.274,1,1890.2,371.9,0.1,1.1,-0.09,0.02,136,136,-1,-0.7,0.3,-0.2,-0.2,-0.01,-0.01,0.00,0.00,0.00,0.00,-0.05,0.08,98,-1,0,0,0.0,0.00,0.274,0.281,-0.09,0,25,0,134.3,0.0,180.0,135.7,0.00,0
32.65,fly,104.50,0.00,0.275,1,1890.2,371.9,0.1,1.1,-0.09,0.02,136,136,-1,-0.7,0.3,-0.3,-0.1,0.01,-0.01,0.00,0.00,0.00,0.00,-0.05,0.08,98,-1,0,0,0.0,0.00,0.275,0.286,-0.11,0,25,0,134.3,0.0,180.0,135.7,0.00,0
32.75,fly,104.49,0.01,0.274,1,1890.2,371.9,0.1,1.1,-0.09,0.02,136,136,-1,-0.7,0.3,-0.4,0.0,0.02,-0.01,0.00,0.00,0.00,0.00,-0.05,0.08,98,-1,0,0,0.0,0.00,0.274,0.288,-0.07,0,25,0,134.3,0.4,179.6,135.7,0.00,0
32.85,fly,104.50,0.00,0.268,1,1890.2,371.9,0.1,1.1,0.00,0.04,136,136,-1,-0.7,0.2,-0.4,0.2,0.02,-0.01,0.00,0.00,0.00,0.00,-0.03,0.09,98,-1,0,0,0.0,0.00,0.268,0.280,0.04,0,25,0,134.3,0.4,179.6,135.7,0.00,0
32.95,land,104.51,-0.01,0.265,1,1890.2,371.9,0.0,0.0,0.00,0.04,136,136,-1,0.0,0.0,-0.4,0.2,0.02,-0.01,0.00,0.00,0.00,0.00,0.03,0.03,98,-1,0,0,0.0,0.00,0.265,0.274,0.09,0,25,0,134.3,0.4,179.6,135.7,0.00,0
33.05,land,104.52,-0.02,0.264,1,1890.2,371.9,0.0,-0.0,0.00,0.05,136,136,-1,0.0,0.0,-0.4,0.2,0.00,-0.00,0.00,0.00,0.00,0.00,0.03,0.03,98,-1,0,0,0.0,0.00,0.264,0.266,0.12,0,25,0,134.3,0.4,179.6,135.7,0.00,0
33.15,land,104.53,-0.03,0.265,1,1890.2,371.9,0.0,-0.0,0.00,0.05,136,136,-1,0.0,-0.0,-0.4,0.0,-0.02,-0.00,0.00,0.00,0.00,0.00,0.04,0.04,98,-1,0,0,0.0,0.00,0.265,0.273,0.10,0,25,0,134.3,0.4,179.6,135.7,0.00,0
33.25,land,104.53,-0.03,0.269,1,1890.2,372.0,0.0,-0.0,0.00,0.07,136,136,-1,0.1,-0.0,-0.4,-0.2,-0.02,-0.00,0.00,0.00,0.00,0.00,0.05,0.05,98,-1,0,0,0.0,0.00,0.269,0.279,0.02,0,25,0,134.3,0.4,179.6,135.7,0.00,0
33.35,land,104.52,-0.02,0.275,1,1890.2,372.0,0.0,-0.0,0.00,0.07,136,136,-1,0.1,-0.0,-0.3,-0.3,-0.01,-0.00,0.00,0.00,0.00,0.00,0.05,0.05,98,-1,0,0,0.0,0.00,0.275,0.281,-0.10,0,25,0,134.3,0.4,179.6,135.7,0.00,0
33.45,land,104.51,-0.01,0.276,1,1890.2,372.0,0.0,-0.0,0.00,0.07,136,136,-1,0.1,-0.0,-0.3,-0.2,0.01,-0.00,0.00,0.00,0.00,0.00,0.05,0.05,98,-1,0,0,0.0,0.00,0.276,0.281,-0.12,0,25,0,134.3,0.4,179.6,135.7,0.00,0
33.55,land,104.50,-0.00,0.274,1,1890.2,372.0,0.0,-0.0,0.00,0.07,136,136,-1,0.1,-0.0,-0.3,-0.2,0.02,-0.00,0.00,0.00,0.00,0.00,0.05,0.05,98,-1,0,0,0.0,0.00,0.274,0.283,-0.08,0,25,0,134.3,0.2,179.8,135.7,0.00,0
33.65,land,104.51,-0.01,0.120,1,1890.2,372.0,0.0,-0.0,0.00,0.07,136,136,-1,0.1,-0.0,-0.3,-0.1,0.02,-0.01,0.00,0.00,0.00,0.00,0.05,0.05,98,-1,0,0,0.0,0.00,0.120,0.130,0.06,0,25,0,134.3,0.2,179.8,135.7,0.00,0
33.75,land,104.53,-0.03,0.120,1,1890.2,372.0,0.0,-0.0,0.00,0.07,136,136,-1,0.1,-0.0,-0.3,-0.0,0.02,0.00,0.00,0.00,0.00,0.00,0.05,0.05,98,-1,0,0,0.0,0.00,0.120,0.126,0.16,0,25,0,134.3,0.2,179.8,135.7,0.00,0
33.85,land,104.50,0.00,0.120,1,1890.2,372.0,0.0,-0.1,0.00,0.07,136,136,-1,0.1,-0.1,-0.2,0.0,0.01,0.00,0.00,0.00,0.00,0.00,0.05,0.05,98,-1,0,0,0.0,0.00,0.120,0.127,-0.10,0,25,0,134.3,0.2,179.8,135.7,0.00,0
33.95,land,104.39,0.11,0.120,1,1890.2,372.0,0.0,-0.1,0.00,0.07,136,136,-1,0.1,-0.1,-0.1,0.1,0.01,0.00,0.00,0.00,0.00,0.00,0.05,0.05,98,-1,0,0,0.0,0.00,0.120,0.127,-0.89,0,25,0,134.3,0.2,179.8,135.7,0.00,0
34.05,land,104.20,0.30,0.120,1,1890.2,372.0,0.0,-0.1,0.00,0.07,136,136,-1,0.1,-0.1,-0.1,0.1,0.01,0.00,0.00,0.00,0.00,0.00,0.05,0.05,98,-1,0,0,0.0,0.00,0.120,0.128,-1.67,0,25,0,134.3,0.2,179.8,135.7,0.00,0
34.15,land,103.94,0.56,0.120,1,1890.2,372.0,0.0,-0.1,0.00,0.07,136,136,-1,0.1,-0.1,-0.0,0.2,0.02,0.01,0.00,0.00,0.00,0.00,0.05,0.05,98,-1,0,0,0.0,0.00,0.120,0.128,-2.44,0,25,0,134.3,0.2,179.8,135.7,0.00,0
34.25,land,103.60,0.90,0.120,1,1890.2,372.0,0.0,-0.1,0.00,0.04,136,136,-1,0.1,-0.1,0.0,0.2,0.02,0.01,0.00,0.00,0.00,0.00,0.05,0.05,98,-1,0,0,0.0,0.00,0.120,0.129,-3.20,0,25,0,134.3,0.2,179.8,135.7,0.00,0
34.35,land,103.18,1.32,0.120,1,1890.2,372.0,0.0,-0.1,0.00,0.04,136,136,-1,0.1,-0.0,0.1,0.3,0.02,0.01,0.00,0.00,0.00,0.00,0.03,0.03,98,-1,0,0,0.0,0.00,0.120,0.129,-3.95,0,25,0,134.3,0.2,179.8,135.7,0.00,0
34.45,land,102.69,1.81,0.120,1,1890.2,372.0,0.0,-0.1,0.00,0.04,136,136,-1,0.1,-0.0,0.2,0.3,0.02,0.01,0.00,0.00,0.00,0.00,0.03,0.03,98,-1,0,0,0.0,0.00,0.120,0.130,-4.70,0,25,0,134.3,0.2,179.8,135.7,0.00,0
34.55,land,102.13,2.37,0.120,1,1890.2,372.0,0.0,-0.1,0.00,0.04,136,136,-1,0.1,-0.0,0.2,0.4,0.02,0.01,0.00,0.00,0.00,0.00,0.03,0.03,98,-1,0,0,0.0,0.00,0.120,0.130,-5.43,0,25,0,134.3,0.2,179.8,135.7,0.00,0
34.65,land,101.50,3.00,0.120,1,1890.2,372.0,0.0,-0.1,0.00,0.04,136,136,-1,0.1,-0.0,0.3,0.4,0.02,0.01,0.00,0.00,0.00,0.00,0.03,0.03,98,-1,0,0,0.0,0.00,0.120,0.131,-6.16,0,25,0,134.3,0.2,179.8,135.7,0.00,0
34.75,land,100.79,3.71,0.136,1,1890.2,372.0,0.0,-0.1,0.00,0.04,136,136,-1,0.1,-0.0,0.3,0.5,0.02,0.01,0.00,0.00,0.00,0.00,0.03,0.03,98,-1,0,0,0.0,0.00,0.136,0.147,-6.89,0,25,0,134.3,0.2,179.8,135.7,0.00,0
34.85,land,100.01,4.49,0.221,1,1890.2,372.0,0.0,-0.1,0.00,0.04,136,136,-1,0.1,-0.0,0.4,0.5,0.02,0.01,0.00,0.00,0.00,0.00,0.03,0.03,98,-1,0,0,0.0,0.00,0.221,0.232,-7.60,0,25,0,134.3,0.2,179.8,135.7,0.00,0
34.95,land,99.17,5.33,0.318,1,1890.2,372.1,0.0,-0.1,0.00,0.04,136,136,-1,0.1,-0.0,0.4,0.5,0.01,0.01,0.00,0.00,0.00,0.00,0.03,0.03,98,-1,0,0,0.0,0.00,0.318,0.326,-8.25,0,25,0,134.3,0.2,179.8,135.7,0.00,0
35.05,land,98.31,6.19,0.408,1,1890.2,372.1,0.0,-0.1,0.00,0.04,136,136,-1,0.1,-0.0,0.5,0.5,0.00,0.01,0.00,0.00,0.00,0.00,0.03,0.03,98,-1,0,0,0.0,0.00,0.408,0.412,-8.62,0,25,0,134.3,0.2,179.8,135.7,0.00,0
35.15,land,97.46,7.04,0.469,1,1890.2,372.1,0.0,-0.1,0.00,0.04,136,136,-1,0.1,-0.0,0.5,0.4,0.00,0.01,0.00,0.00,0.00,0.00,0.03,0.03,98,-1,0,0,0.0,0.00,0.469,0.474,-8.59,0,25,0,134.3,359.9,180.1,135.7,0.00,0
35.25,land,96.66,7.84,0.569,1,1890.2,372.1,0.0,-0.1,-0.04,0.04,136,136,-1,0.1,-0.0,0.5,0.4,0.01,0.01,0.00,0.00,0.00,0.00,0.03,0.03,98,-1,0,0,0.0,0.00,0.569,0.575,-8.13,0,25,0,134.3,359.9,180.1,135.7,0.00,0
35.35,land,95.97,8.53,0.521,1,1890.2,372.1,0.0,-0.1,-0.09,0.02,136,136,-1,-0.0,-0.1,0.5,0.3,0.00,0.00,0.00,0.00,0.00,0.00,0.00,0.06,98,-1,0,0,0.0,0.00,0.521,0.524,-7.21,0,25,0,134.3,359.9,180.1,135.7,0.00,0
35.45,land,95.41,9.09,0.459,1,1890.2,372.1,0.0,-0.1,-0.09,0.02,136,136,-1,-0.2,-0.2,0.5,0.3,0.00,0.00,0.00,0.00,0.00,0.00,-0.05,0.08,98,-1,0,0,0.0,0.00,0.459,0.460,-6.01,0,25,0,134.3,359.9,180.1,135.7,0.00,0
35.55,land,94.96,9.54,0.391,1,1890.2,372.1,0.0,-0.1,-0.09,0.02,136,136,-1,-0.2,-0.2,0.5,0.2,0.01,-0.00,0.00,0.00,0.00,0.00,-0.05,0.08,98,-1,0,0,0.0,0.00,0.391,0.393,-4.70,0,25,0,134.3,359.8,180.2,135.7,0.00,0
35.65,land,94.61,9.89,0.339,1,1890.2,372.1,0.0,-0.1,-0.09,0.02,136,136,-1,-0.2,-0.2,0.4,0.2,0.01,-0.00,0.00,0.00,0.00,0.00,-0.05,0.08,98,-1,0,0,0.0,0.00,0.339,0.343,-3.72,0,25,0,134.3,359.8,180.2,135.7,0.00,0
35.75,land,94.49,10.01,0.304,1,1890.2,372.1,0.0,-0.1,0.00,0.00,136,136,-1,-0.2,-0.2,0.3,0.2,0.00,-0.02,0.00,0.00,0.00,0.00,-0.05,0.08,98,-1,0,0,0.0,0.00,0.304,0.314,-3.05,0,25,0,134.3,359.8,180.2,135.7,0.00,0
35.85,land,94.54,9.96,0.125,1,1890.2,372.1,0.0,-0.1,0.00,0.00,136,136,-1,-0.0,0.0,0.3,0.2,0.01,-0.00,0.00,0.00,0.00,0.00,0.00,0.00,98,-1,0,0,0.0,0.00,0.125,0.130,0.40,0,25,0,134.3,359.8,180.2,135.7,0.00,0
35.95,land,94.62,9.88,0.120,1,1890.2,372.1,0.0,-0.1,0.00,0.00,136,136,-1,-0.0,0.0,0.2,0.2,0.01,-0.00,0.00,0.00,0.00,0.00,0.00,0.00,98,-1,0,0,0.0,0.00,0.120,0.125,0.72,0,25,0,134.3,359.9,180.1,135.7,0.00,0
36.05,land,94.65,9.85,0.120,1,1890.2,372.1,0.0,-0.1,0.00,0.00,136,136,-1,-0.0,0.0,0.2,0.2,0.01,-0.00,0.00,0.00,0.00,0.00,0.00,0.00,98,-1,0,0,0.0,0.00,0.120,0.126,0.50,0,25,0,134.3,359.9,180.1,135.7,0.00,0
36.15,land,94.60,9.90,0.146,1,1890.2,372.1,0.0,-0.1,0.00,0.00,136,136,-1,-0.0,0.0,0.2,0.2,0.01,-0.00,0.00,0.00,0.00,0.00,0.00,0.00,98,-1,0,0,0.0,0.00,0.146,0.152,-0.29,0,25,0,134.3,359.9,180.1,135.7,0.00,0
36.25,land,94.50,10.00,0.183,1,1890.2,372.1,0.0,-0.1,0.33,0.07,136,136,-1,-0.0,0.0,0.1,0.0,-0.03,-0.02,0.00,0.00,0.00,0.00,0.00,0.00,98,-1,0,0,0.0,0.00,0.183,0.203,-1.07,0,25,0,134.3,359.9,180.1,135.7,0.00,0
36.35,land,94.52,9.98,0.120,1,1890.2,372.1,0.0,-0.1,0.33,0.07,136,136,-1,0.8,0.6,-0.3,-0.1,-0.02,-0.08,0.00,0.00,0.00,0.00,0.29,-0.19,98,-1,0,0,0.0,0.00,0.120,0.159,0.14,0,25,0,134.1,0.2,179.8,135.9,0.00,0
36.45,land,94.53,9.97,0.120,1,1890.2,372.1,-0.0,-0.1,0.09,-0.01,136,136,-1,0.5,0.3,-0.4,-0.1,0.00,-0.01,0.00,0.00,0.00,0.00,0.15,-0.10,98,-1,0,0,0.0,0.00,0.120,0.126,0.08,0,25,0,134.1,0.2,179.8,135.9,0.00,0
36.55,land,94.50,10.00,0.127,1,1890.2,372.1,-0.0,-0.1,-0.06,-0.02,136,136,-1,0.2,0.3,0.0,-0.0,0.02,0.06,0.00,0.00,0.00,0.00,0.05,-0.07,98,-1,0,0,0.0,0.00,0.127,0.159,-0.18,0,25,0,134.1,0.2,179.8,135.9,0.00,0
36.65,land,94.50,10.00,0.120,1,1890.2,372.1,-0.0,-0.1,-0.06,-0.02,136,136,-1,-0.2,-0.0,-0.0,-0.0,0.01,-0.01,0.00,0.00,0.00,0.00,-0.06,0.03,98,-1,0,0,0.0,0.00,0.120,0.126,0.01,0,25,0,134.1,0.2,179.8,135.9,0.00,0
36.75,land,94.50,10.00,0.120,1,1890.2,372.1,-0.0,-0.1,0.00,0.00,136,136,-1,-0.0,0.1,0.0,0.0,0.01,-0.00,0.00,0.00,0.00,0.00,-0.00,-0.00,98,-1,0,0,0.0,0.00,0.120,0.123,-0.00,0,25,0,133.9,360.0,180.0,136.1,0.00,0
36.85,land,94.50,10.00,0.120,1,1890.2,372.1,-0.0,-0.1,0.00,0.00,136,136,-1,0.0,0.1,0.0,0.0,0.01,-0.00,0.00,0.00,0.00,0.00,0.00,0.00,98,-1,0,0,0.0,0.00,0.120,0.123,0.00,0,25,0,133.9,360.0,180.0,136.1,0.00,0
36.95,land,94.50,10.00,0.120,1,1890.2,372.1,-0.0,-0.1,0.00,0.00,136,136,-1,0.0,0.1,0.0,0.0,0.01,-0.00,0.00,0.00,0.00,0.00,0.00,0.00,98,-1,0,0,0.0,0.00,0.120,0.123,0.00,0,25,0,133.9,360.0,180.0,136.1,0.00,0
37.05,land,94.50,10.00,0.120,1,1890.2,372.1,-0.0,-0.1,0.00,0.00,136,136,-1,0.0,0.1,0.0,0.0,0.01,-0.00,0.00,0.00,0.00,0.00,0.00,0.00,98,-1,0,0,0.0,0.00,0.120,0.123,0.00,0,25,0,133.9,360.0,180.0,136.1,0.00,0
37.15,land,94.50,10.00,0.120,1,1890.2,372.1,-0.0,-0.1,0.00,0.00,136,136,-1,0.0,0.1,0.0,0.0,0.01,-0.00,0.00,0.00,0.00,0.00,0.00,0.00,98,-1,0,0,0.0,0.00,0.120,0.123,0.00,0,25,0,133.9,0.0,180.0,136.1,0.00,0
37.25,land,94.50,10.00,0.120,1,1890.2,372.1,-0.0,-0.1,0.00,0.00,136,136,-1,0.0,0.1,0.0,0.0,0.01,-0.00,0.00,0.00,0.00,0.00,0.00,0.00,98,-1,0,0,0.0,0.00,0.120,0.123,0.00,0,25,0,133.9,0.0,180.0,136.1,0.00,0
37.35,touchdown,94.50,10.00,0.000,1,1890.2,372.1,-0.0,-0.1,0.00,0.00,136,136,-1,0.0,0.1,0.0,-0.0,0.01,-0.00,0.00,0.00,0.00,0.00,0.00,0.00,98,-1,1,0,0.0,0.00,0.000,0.000,0.00,0,25,0,133.9,0.0,180.0,136.1,0.00,0
37.45,touchdown,94.50,10.00,0.000,1,1890.2,372.1,-0.0,-0.1,0.00,0.00,136,136,-1,0.0,0.1,0.0,0.0,0.01,-0.00,0.00,0.00,0.00,0.00,0.00,0.00,98,-1,1,0,0.0,0.00,0.000,0.000,0.00,0,25,0,133.9,0.0,180.0,136.1,0.00,0
37.55,touchdown,94.50,10.00,0.000,1,1890.2,372.1,-0.0,-0.1,0.00,0.00,136,136,-1,0.0,0.1,0.0,0.0,0.01,-0.00,0.00,0.00,0.00,0.00,0.00,0.00,98,-1,1,0,0.0,0.00,0.000,0.000,0.00,0,25,0,133.9,0.0,180.0,136.1,0.00,0
37.65,touchdown,94.50,10.00,0.000,1,1890.2,372.1,-0.0,-0.1,0.00,0.00,136,136,-1,0.0,0.1,0.0,0.0,0.01,-0.00,0.00,0.00,0.00,0.00,0.00,0.00,98,-1,1,0,0.0,0.00,0.000,0.000,0.00,0,25,0,133.9,0.0,180.0,136.1,0.00,0
37.75,touchdown,94.50,10.00,0.000,1,1890.2,372.1,-0.0,-0.1,0.00,0.00,136,136,-1,0.0,0.1,0.0,-0.0,0.01,-0.00,0.00,0.00,0.00,0.00,0.00,0.00,98,-1,1,0,0.0,0.00,0.000,0.000,0.00,0,25,0,133.9,0.0,180.0,136.1,0.00,0
37.85,touchdown,94.50,10.00,0.000,1,1890.2,372.1,-0.0,-0.1,0.00,0.00,136,136,-1,0.0,0.1,0.0,0.0,0.01,-0.00,0.00,0.00,0.00,0.00,0.00,0.00,98,-1,1,0,0.0,0.00,0.000,0.000,-0.00,0,25,0,133.9,0.0,180.0,136.1,0.00,0
37.95,touchdown,94.50,10.00,0.000,1,1890.2,372.1,-0.0,-0.1,0.00,0.00,136,136,-1,0.0,0.1,0.0,0.0,0.01,-0.00,0.00,0.00,0.00,0.00,0.00,0.00,98,-1,1,0,0.0,0.00,0.000,0.000,0.00,0,25,0,133.9,360.0,180.0,136.1,0.00,0
38.05,touchdown,94.50,10.00,0.000,1,1890.2,372.1,-0.0,-0.1,0.00,0.00,136,136,-1,0.0,0.1,0.0,0.0,0.01,-0.00,0.00,0.00,0.00,0.00,0.00,0.00,98,-1,1,0,0.0,0.00,0.000,0.000,0.00,0,25,0,133.9,360.0,180.0,136.1,0.00,0
38.15,touchdown,94.50,10.00,0.000,1,1890.2,372.1,-0.0,-0.1,0.00,0.00,136,136,-1,0.0,0.1,0.0,0.0,0.01,-0.00,0.00,0.00,0.00,0.00,0.00,0.00,98,-1,1,0,0.0,0.00,0.000,0.000,0.00,0,25,0,133.9,360.0,180.0,136.1,0.00,0
38.25,touchdown,94.50,10.00,0.000,1,1890.2,372.1,-0.0,-0.1,0.00,0.00,136,136,-1,0.0,0.1,0.0,0.0,0.01,-0.00,0.00,0.00,0.00,0.00,0.00,0.00,98,-1,1,0,0.0,0.00,0.000,0.000,0.00,0,25,0,133.9,360.0,180.0,136.1,0.00,0
38.35,touchdown,94.50,10.00,0.000,1,1890.2,372.1,-0.0,-0.1,0.00,0.00,136,136,-1,0.0,0.1,0.0,0.0,0.01,-0.00,0.00,0.00,0.00,0.00,0.00,0.00,98,-1,1,0,0.0,0.00,0.000,0.000,0.00,0,25,0,133.9,0.0,180.0,136.1,0.00,0
38.45,touchdown,94.50,10.00,0.000,1,1890.2,372.1,-0.0,-0.1,0.00,0.00,136,136,-1,0.0,0.1,0.0,0.0,0.01,-0.00,0.00,0.00,0.00,0.00,0.00,0.00,98,-1,1,0,0.0,0.00,0.000,0.000,0.00,0,25,0,133.9,0.0,180.0,136.1,0.00,0
38.55,touchdown,94.50,10.00,0.000,1,1890.2,372.1,-0.0,-0.1,0.00,0.00,136,136,-1,0.0,0.1,0.0,0.0,0.01,-0.00,0.00,0.00,0.00,0.00,0.00,0.00,98,-1,1,0,0.0,0.00,0.000,0.000,0.00,0,25,0,133.9,0.0,180.0,136.1,0.00,0
38.65,touchdown,94.50,10.00,0.000,1,1890.2,372.1,-0.0,-0.1,0.00,0.00,136,136,-1,0.0,0.1,0.0,0.0,0.01,-0.00,0.00,0.00,0.00,0.00,0.00,0.00,98,-1,1,0,0.0,0.00,0.000,0.000,0.00,0,25,0,133.9,0.0,180.0,136.1,0.00,0
38.75,touchdown,94.50,10.00,0.000,1,1890.2,372.1,-0.0,-0.1,0.00,0.00,136,136,-1,0.0,0.1,0.0,0.0,0.01,-0.00,0.00,0.00,0.00,0.00,0.00,0.00,98,-1,1,0,0.0,0.00,0.000,0.000,0.00,0,25,0,133.9,0.0,180.0,136.1,0.00,0
38.85,touchdown,94.50,10.00,0.000,1,1890.2,372.1,-0.0,-0.1,0.00,0.00,136,136,-1,0.0,0.1,0.0,0.0,0.01,-0.00,0.00,0.00,0.00,0.00,0.00,0.00,98,-1,1,0,0.0,0.00,0.000,0.000,0.00,0,25,0,133.9,0.0,180.0,136.1,0.00,0
38.95,touchdown,94.50,10.00,0.000,1,1890.2,372.1,-0.0,-0.1,0.00,0.00,136,136,-1,0.0,0.1,0.0,0.0,0.01,-0.00,0.00,0.00,0.00,0.00,0.00,0.00,98,-1,1,0,0.0,0.00,0.000,0.000,0.00,0,25,0,133.9,0.0,180.0,136.1,0.00,0
39.05,touchdown,94.50,10.00,0.000,1,1890.2,372.1,-0.0,-0.1,0.00,0.00,136,136,-1,0.0,0.1,0.0,0.0,0.01,-0.00,0.00,0.00,0.00,0.00,0.00,0.00,98,-1,1,0,0.0,0.00,0.000,0.000,0.00,0,25,0,133.9,0.0,180.0,136.1,0.00,0
39.15,touchdown,94.50,10.00,0.000,1,1890.2,372.1,-0.0,-0.1,0.00,0.00,136,136,-1,0.0,0.1,0.0,0.0,0.01,-0.00,0.00,0.00,0.00,0.00,0.00,0.00,98,-1,1,0,0.0,0.00,0.000,0.000,0.00,0,25,0,133.9,0.0,180.0,136.1,0.00,0
39.25,touchdown,94.50,10.00,0.000,1,1890.2,372.0,-0.0,-0.1,-0.73,-1.44,136,136,-1,0.0,0.1,-0.0,-0.0,0.01,-0.00,0.00,0.00,0.00,0.00,0.00,0.00,98,-1,1,0,0.0,0.00,0.000,0.000,0.00,0,25,0,133.9,0.0,180.0,136.1,0.00,0
39.35,touchdown,94.54,9.96,0.000,1,1890.2,372.0,0.0,-0.1,-0.73,-1.44,136,136,-1,-4.7,1.5,-0.0,-0.0,-0.01,0.04,0.00,0.00,0.00,0.00,-1.54,-0.48,98,-1,1,0,0.0,0.00,0.000,0.000,0.10,0,25,0,133.9,0.0,180.0,136.1,0.00,0
39.45,touchdown,94.55,9.95,0.000,1,1890.0,371.8,0.2,0.1,-1.48,-0.89,136,136,-1,-5.2,-1.3,0.2,-0.4,-0.04,0.08,0.00,0.00,0.00,0.00,-1.67,0.45,98,-1,1,0,0.0,0.00,0.000,0.000,0.31,0,25,0,133.9,0.0,180.0,136.1,0.00,0
39.55,touchdown,94.56,9.94,0.000,1,1889.7,371.5,0.3,0.3,-1.94,-1.88,137,140,-1,-6.7,-0.7,0.2,-0.5,-0.01,0.06,0.00,0.00,0.00,0.00,-2.12,0.26,98,-1,1,0,0.0,0.00,0.000,0.000,0.10,0,25,0,129.8,359.3,180.6,140.2,0.00,0
39.65,touchdown,94.57,9.93,0.000,1,1889.5,371.3,0.5,0.4,-2.33,-2.36,137,140,-1,-8.6,-0.4,0.2,-0.6,-0.01,0.09,0.00,0.00,0.00,0.00,-2.69,0.15,98,-1,1,0,0.0,0.00,0.000,0.000,0.06,0,25,0,129.8,359.3,180.6,140.2,0.00,0
39.75,touchdown,94.60,9.90,0.000,1,1889.5,371.3,0.7,0.7,-2.33,-2.36,138,140,-1,-10.7,-0.4,0.1,-0.4,0.03,0.09,0.00,0.00,0.00,0.00,-3.31,0.13,98,-1,1,0,0.0,0.00,0.000,0.000,0.26,0,25,0,129.8,359.3,180.6,140.2,0.00,0
39.85,touchdown,94.65,9.85,0.000,1,1888.9,370.8,1.0,0.9,-2.75,-2.63,138,140,-1,-12.4,-1.3,0.0,-0.2,0.05,0.12,0.00,0.00,0.00,0.00,-3.80,0.43,98,-1,1,0,0.0,0.00,0.000,0.000,0.49,0,25,0,129.8,359.3,180.6,140.2,0.00,0
39.95,touchdown,94.68,9.82,0.000,1,1888.9,370.8,1.3,1.2,-2.75,-2.63,141,155,-1,-12.5,-1.4,-0.0,-0.1,0.04,0.12,0.00,0.00,0.00,0.00,-3.78,0.45,98,-1,1,0,0.0,0.00,0.000,0.000,0.39,0,25,0,115.2,359.9,180.0,154.8,0.00,0
40.05,touchdown,94.71,9.79,0.000,1,1888.3,369.0,1.5,1.8,-3.64,-8.11,143,155,-1,-18.5,4.6,-0.0,-0.0,-0.03,0.18,0.00,0.00,0.00,0.00,-8.55,-3.11,98,-1,1,0,0.0,0.00,0.000,0.000,0.32,0,25,0,115.2,359.9,180.0,154.8,0.00,0
40.15,touchdown,94.88,9.62,0.000,1,1888.3,369.0,1.9,2.9,-3.64,-8.11,144,155,-1,-20.3,5.4,3.1,-2.1,-0.38,0.70,0.00,0.00,0.00,0.00,-8.72,-1.74,98,-1,1,0,0.0,0.00,0.000,0.000,1.78,0,25,0,115.2,359.9,180.0,154.8,0.00,0
40.25,touchdown,94.84,9.66,0.000,1,1888.1,369.0,2.1,3.0,-1.80,-0.10,146,155,-1,-14.3,-0.6,1.2,-1.7,0.06,-0.12,0.00,0.00,0.00,0.00,-1.09,1.43,98,-1,1,0,0.0,0.00,0.000,0.000,-0.39,0,25,0,115.2,359.9,180.0,154.8,0.00,0
40.35,touchdown,94.82,9.68,0.000,1,1887.9,368.9,2.3,3.0,-1.86,-0.82,144,132,-1,-8.3,-3.0,0.5,-1.5,0.05,0.00,0.00,0.00,0.00,0.00,-1.75,1.02,98,-1,1,0,0.0,0.00,0.000,0.000,-0.21,0,25,0,138.3,358.0,182.3,131.6,0.00,0
40.45,touchdown,94.81,9.69,0.000,1,1887.5,368.7,2.5,3.1,-2.05,-1.62,142,132,-1,-9.2,-2.1,0.4,-1.5,0.02,0.08,0.00,0.00,0.00,0.00,-2.16,0.74,98,-1,1,0,0.0,0.00,0.000,0.000,-0.06,0,25,0,138.3,358.0,182.3,131.6,0.00,0
40.45,end:ok:control,0,0,0,0,0,0,0,0,0,0,0,0,0,0,0,0,0,0,0,0,0,0,0,0,0,0,0,0,0,0,0,0,0,0,0,0,0,0,0,0,0,0,0
