t,phase,height,err,pwr,gps,x,z,ex,ez,vxw,vzw,hdg,rawhdg,mothdg,tp,tr,p,r,vx,vy,sched,fwdRaw,latRaw,vrtRaw,fwdH,latH,energy,fuel,sat,yerr,yrate,ydem,wx,wyr,wz
0.00,climb,68.50,431.50,0.398,1,359.7,275.5,640.3,1724.5,0.00,0.00,310,310,-1,0.0,0.0,0.0,0.0,0.00,0.00,0.00,0.00,0.00,0.00,0.00,0.00,-1,-1,0,0,0.0,0.00,0.000,0.000,0.000
0.10,climb,68.50,431.50,0.662,1,359.7,275.5,640.3,1724.5,0.00,0.00,310,310,-1,0.0,0.0,0.0,0.0,-0.00,0.00,0.00,0.00,0.00,0.00,0.00,0.00,-1,-1,0,0,0.0,0.00,0.000,-0.000,-0.000
0.20,climb,68.50,431.50,0.937,1,359.7,275.5,640.3,1724.5,0.00,0.00,310,310,-1,0.0,0.0,0.0,0.0,0.00,-0.00,0.00,0.00,0.00,0.00,0.00,0.00,78,-1,0,0,0.0,-0.00,0.000,0.000,0.000
0.30,climb,68.50,431.50,1.000,1,359.7,275.5,640.3,1724.5,0.00,0.00,310,310,-1,0.0,0.0,0.0,0.0,0.00,0.00,0.00,0.00,0.00,0.00,0.00,0.00,78,-1,1,-0,0.0,-0.00,0.003,-0.000,-0.004
0.40,climb,68.54,431.46,1.000,1,359.7,275.5,640.3,1724.5,0.00,0.00,310,310,-1,0.0,0.0,0.0,0.0,0.00,0.00,0.00,0.00,0.00,0.00,0.00,0.00,78,-1,1,0,-0.0,0.00,0.003,-0.000,-0.004
0.50,climb,68.70,431.30,1.000,1,359.7,275.5,640.3,1724.5,0.00,0.00,310,310,-1,0.0,0.0,-0.0,-0.0,-0.00,-0.00,0.00,0.00,0.00,0.00,0.00,0.00,78,-1,1,0,-0.0,0.00,-0.011,0.000,0.010
0.60,climb,69.22,430.78,1.000,1,359.7,275.5,640.3,1724.5,0.00,0.00,310,310,-1,0.0,0.0,-0.1,-0.1,-0.01,-0.01,0.00,0.00,0.00,0.00,0.00,0.00,78,-1,1,0,-0.0,0.00,-0.014,0.000,0.011
0.70,climb,69.74,430.26,1.000,1,359.7,275.5,640.3,1724.5,0.00,0.00,310,310,-1,0.0,0.0,-0.2,-0.1,-0.01,-0.01,0.00,0.00,0.00,0.00,0.00,0.00,78,-1,1,0,-0.0,0.00,-0.014,0.000,0.011
0.80,climb,70.69,429.31,1.000,1,359.6,275.5,640.3,1724.5,-0.02,0.00,310,310,-1,0.0,0.0,-0.1,-0.1,0.01,0.00,0.00,0.00,0.00,0.00,0.01,-0.01,78,-1,1,0,0.0,0.00,0.010,-0.000,-0.014
0.90,climb,71.94,428.06,1.000,1,359.6,275.5,640.4,1724.5,-0.02,0.00,310,310,-1,0.0,0.0,-0.0,0.0,0.02,0.01,0.00,0.00,0.00,0.00,0.02,-0.01,78,-1,1,0,0.0,-0.00,0.010,-0.000,-0.014
1.00,climb,73.48,426.52,1.000,1,359.6,275.5,640.4,1724.5,-0.02,0.00,310,310,-1,0.0,0.0,0.0,0.2,0.02,0.01,0.00,0.00,0.00,0.00,0.02,-0.01,78,-1,1,0,0.0,-0.00,0.015,-0.000,-0.022
1.10,climb,75.31,424.69,1.000,1,359.6,275.5,640.4,1724.5,0.00,-0.02,310,310,-1,0.0,0.0,0.0,0.2,0.01,-0.00,0.00,0.00,0.00,0.00,0.03,0.00,78,-1,1,0,0.0,-0.00,-0.007,0.000,0.002
1.20,climb,78.59,421.41,1.000,1,359.6,275.5,640.4,1724.5,0.00,-0.04,310,310,-1,0.0,0.0,-0.1,0.2,-0.00,-0.01,0.00,0.00,0.00,0.00,0.01,0.02,78,-1,1,0,0.0,0.00,-0.015,0.000,0.015
1.30,climb,79.82,420.18,1.000,1,359.6,275.5,640.4,1724.5,0.00,-0.04,310,310,-1,0.0,0.0,-0.2,0.0,-0.02,-0.01,0.00,0.00,0.00,0.00,0.03,0.03,78,-1,1,0,-0.0,0.00,-0.015,0.000,0.015
1.40,climb,82.50,417.50,1.000,1,359.6,275.5,640.4,1724.5,-0.02,-0.04,310,310,-1,0.0,0.0,-0.2,-0.0,-0.01,-0.00,0.00,0.00,0.00,0.00,0.03,0.03,78,-1,1,-0,-0.0,0.00,0.008,-0.000,0.003
1.50,climb,85.45,414.55,1.000,1,359.6,275.5,640.4,1724.5,-0.02,-0.04,310,310,-1,0.0,0.0,-0.1,-0.0,-0.00,0.01,0.00,0.00,0.00,0.00,0.05,0.02,78,-1,1,-0,0.0,-0.00,0.008,-0.000,0.003
1.60,climb,89.52,410.48,1.000,1,359.6,275.5,640.4,1724.5,-0.02,-0.04,310,310,-1,0.0,0.0,0.1,0.0,0.01,0.02,0.00,0.00,0.00,0.00,0.06,0.04,78,-1,1,-0,0.0,-0.00,0.030,-0.000,-0.020
1.70,climb,93.08,406.92,1.000,1,359.6,275.5,640.4,1724.5,0.00,-0.04,310,310,-1,0.0,0.0,0.2,0.2,0.02,0.03,0.00,0.00,0.00,0.00,0.05,0.02,78,-1,1,-0,0.0,-0.00,0.027,-0.000,-0.019
1.80,climb,95.92,404.08,1.000,1,359.6,275.5,640.4,1724.5,0.03,-0.04,310,310,-1,0.0,0.0,0.4,0.3,0.02,0.03,0.00,0.00,0.00,0.00,0.03,0.03,78,-1,1,-0,0.0,-0.00,0.028,-0.000,-0.021
1.90,climb,99.94,400.06,1.000,1,359.6,275.5,640.4,1724.5,0.03,-0.04,310,310,-1,0.0,0.0,0.6,0.4,0.02,0.03,0.00,0.00,0.00,0.00,0.00,0.05,78,-1,1,-0,0.0,-0.00,0.028,-0.000,-0.021
2.00,climb,104.21,395.79,1.000,1,359.6,275.5,640.4,1724.5,0.08,-0.04,310,310,-1,0.0,0.0,0.7,0.5,0.02,0.03,0.00,0.00,0.00,0.00,-0.03,0.08,78,-1,1,-0,0.0,-0.00,0.029,-0.000,-0.023
2.10,climb,109.91,390.09,1.000,1,359.7,275.5,640.3,1724.5,0.23,-0.02,310,310,-1,0.0,0.0,0.9,0.6,0.03,0.03,0.00,0.00,0.00,0.00,-0.10,0.11,78,-1,1,-0,0.0,-0.00,0.023,-0.000,-0.021
2.20,climb,114.75,385.25,1.000,1,359.7,275.5,640.3,1724.5,0.32,-0.02,310,310,-1,0.0,0.0,1.0,0.8,0.03,0.03,0.00,0.00,0.00,0.00,-0.16,0.17,78,-1,1,-0,-0.0,-0.00,0.024,-0.000,-0.023
2.30,climb,118.54,381.46,1.000,1,359.7,275.5,640.3,1724.5,0.32,-0.02,310,310,-1,0.0,0.0,1.1,0.9,0.03,0.03,0.00,0.00,0.00,0.00,-0.23,0.22,78,-1,1,-0,-0.0,-0.00,0.024,-0.000,-0.023
2.40,climb,123.81,376.19,1.000,1,359.7,275.5,640.3,1724.5,0.43,-0.01,310,310,-1,0.0,0.0,1.2,1.0,0.03,0.03,0.00,0.00,0.00,0.00,-0.32,0.28,78,-1,1,-0,-0.0,-0.00,0.021,-0.000,-0.022
2.50,climb,129.33,370.67,1.000,1,359.9,275.5,640.2,1724.5,0.67,0.00,310,310,-1,0.0,0.0,1.3,1.1,0.03,0.03,0.00,0.00,0.00,0.00,-0.42,0.35,78,-1,1,-0,-0.0,-0.00,0.016,-0.000,-0.020
2.60,climb,135.10,364.90,1.000,1,359.9,275.5,640.1,1724.5,0.81,0.00,310,310,-1,0.0,0.0,1.4,1.3,0.03,0.03,0.00,0.00,0.00,0.00,-0.51,0.43,78,-1,1,-0,0.1,-0.00,0.013,-0.000,-0.018
2.70,climb,141.10,358.90,1.000,1,359.9,275.5,640.1,1724.5,0.81,0.00,310,310,-1,0.0,0.0,1.5,1.4,0.03,0.03,0.00,0.00,0.00,0.00,-0.62,0.52,78,-1,1,-0,0.0,-0.00,0.013,-0.000,-0.018
2.80,climb,148.94,351.06,1.000,1,360.0,275.5,640.0,1724.5,0.97,0.00,310,310,-1,0.0,0.0,1.6,1.5,0.03,0.03,0.00,0.00,0.00,0.00,-0.74,0.62,78,-1,1,-0,0.0,-0.00,0.011,-0.000,-0.017
2.90,climb,153.81,346.19,0.859,1,360.3,275.5,639.9,1724.5,1.27,-0.02,310,310,-1,0.0,0.0,1.6,1.6,0.03,0.03,0.00,0.00,0.00,0.00,-0.86,0.72,78,-1,0,-0,0.0,-0.00,0.006,-0.000,-0.012
3.00,climb,160.52,339.48,0.721,1,360.4,275.5,639.7,1724.5,1.45,-0.03,310,310,-1,0.0,0.0,1.7,1.7,0.03,0.03,0.00,0.00,0.00,0.00,-0.96,0.84,78,-1,0,-0,0.0,-0.00,0.004,0.004,-0.016
3.10,climb,167.43,332.57,0.585,1,360.4,275.5,639.6,1724.5,1.45,-0.03,310,310,-1,0.0,0.0,1.7,1.7,0.02,0.02,0.00,0.00,0.00,0.00,-1.09,0.96,78,-1,0,-0,-0.2,0.00,0.004,0.004,-0.016
3.20,climb,174.49,325.51,0.472,1,360.6,275.5,639.4,1724.5,1.60,-0.07,310,310,-1,0.0,0.0,1.6,1.6,-0.00,0.00,0.00,0.00,0.00,0.00,-1.19,1.08,78,-1,0,-0,-0.8,0.02,-0.011,0.014,0.015
3.30,climb,183.42,316.58,0.373,1,360.9,275.5,639.3,1724.5,1.80,-0.11,310,310,-1,0.0,0.0,1.4,1.3,-0.03,-0.01,0.00,0.00,0.00,0.00,-1.26,1.18,78,-1,0,0,-1.6,0.03,-0.035,0.037,0.060
3.40,climb,190.60,309.40,0.306,1,361.1,275.5,639.1,1724.5,1.85,-0.11,310,310,-1,0.0,0.0,1.2,0.9,-0.04,-0.02,0.00,0.00,0.00,0.00,-1.31,1.24,78,-1,0,0,-2.0,0.04,-0.036,0.039,0.064
3.50,climb,195.97,304.03,0.270,1,361.1,275.5,638.9,1724.5,1.85,-0.11,310,310,-1,0.0,0.0,1.0,0.5,-0.05,-0.02,0.00,0.00,0.00,0.00,-1.34,1.27,78,-1,0,0,-2.2,0.04,-0.036,0.039,0.064
3.60,climb,203.08,296.92,0.246,1,361.3,275.4,638.7,1724.6,1.85,-0.09,310,309,-1,0.0,0.0,0.8,0.2,-0.05,-0.02,0.00,0.00,0.00,0.00,-1.36,1.25,78,-1,0,0,-1.9,0.04,-0.035,0.033,0.058
3.70,climb,211.88,288.12,0.223,1,361.6,275.4,638.5,1724.6,1.80,-0.04,310,309,-1,0.0,0.0,0.6,0.0,-0.03,-0.02,0.00,0.00,0.00,0.00,-1.37,1.22,78,-1,0,0,-1.4,0.03,-0.028,0.017,0.011
3.80,climb,217.09,282.91,0.226,1,361.6,275.4,638.4,1724.6,1.80,-0.04,310,309,-1,0.0,0.0,0.5,-0.0,-0.00,-0.01,0.00,0.00,0.00,0.00,-1.36,1.18,78,-1,0,0,-1.0,0.03,-0.028,0.017,0.011
3.90,climb,223.96,276.04,0.223,1,362.0,275.4,638.2,1724.6,1.74,-0.02,310,309,-1,0.0,0.0,0.4,0.0,0.01,-0.01,0.00,0.00,0.00,0.00,-1.34,1.15,78,-1,0,0,-0.3,0.02,-0.013,-0.003,-0.013
4.00,climb,234.11,265.89,0.199,1,362.2,275.4,638.0,1724.6,1.71,0.00,309,309,-1,0.0,0.0,0.4,0.1,0.02,-0.00,0.00,0.00,0.00,0.00,-1.33,1.12,78,-1,0,1,0.1,0.01,-0.008,-0.006,-0.014
4.10,climb,237.45,262.55,0.218,1,362.2,275.4,637.8,1724.6,1.71,0.00,309,309,-1,0.0,0.0,0.3,0.2,0.02,-0.00,0.00,0.00,0.00,0.00,-1.33,1.09,78,-1,0,1,0.4,0.01,-0.008,-0.006,-0.014
4.20,climb,244.05,255.95,0.218,1,362.3,275.4,637.7,1724.6,1.69,0.00,309,309,-1,0.0,0.0,0.2,0.3,0.01,-0.00,0.00,0.00,0.00,0.00,-1.31,1.07,78,-1,0,1,0.4,0.01,-0.006,-0.008,-0.008
4.30,climb,250.57,249.43,0.220,1,362.7,275.4,637.5,1724.6,1.65,0.00,309,309,-1,0.0,0.0,0.2,0.3,0.00,-0.00,0.00,0.00,0.00,0.00,-1.29,1.06,78,-1,0,1,1.0,-0.00,-0.005,-0.012,-0.000
4.40,climb,258.59,241.41,0.206,1,362.8,275.4,637.3,1724.6,1.63,0.00,309,309,-1,0.0,0.0,0.2,0.3,0.01,-0.00,0.00,0.00,0.00,0.00,-1.28,1.04,78,-1,0,1,0.7,0.00,-0.007,-0.021,-0.003
4.50,climb,263.34,236.66,0.213,1,362.8,275.4,637.2,1724.6,1.63,0.00,309,309,-1,0.0,0.0,0.1,0.3,0.01,-0.00,0.00,0.00,0.00,0.00,-1.26,1.03,78,-1,0,1,1.2,-0.01,-0.007,-0.021,-0.003
4.60,climb,269.61,230.39,0.209,1,363.0,275.4,637.0,1724.6,1.60,0.00,309,309,-1,0.0,0.0,0.1,0.3,0.01,0.00,0.00,0.00,0.00,0.00,-1.24,1.01,78,-1,0,1,1.2,-0.01,-0.006,-0.021,-0.005
4.70,climb,275.79,224.21,0.205,1,363.2,275.4,636.8,1724.6,1.58,0.00,309,309,-1,0.0,0.0,0.1,0.3,0.01,0.00,0.00,0.00,0.00,0.00,-1.23,1.00,78,-1,0,1,0.9,-0.00,-0.003,-0.015,-0.005
4.80,climb,281.89,218.11,0.200,1,363.5,275.4,636.7,1724.6,1.54,-0.02,309,309,-1,0.0,0.0,0.1,0.4,0.01,0.00,0.00,0.00,0.00,0.00,-1.19,1.00,78,-1,0,1,0.8,-0.00,-0.001,-0.010,-0.005
4.90,climb,287.91,212.09,0.195,1,363.5,275.4,636.5,1724.6,1.54,-0.02,309,309,-1,0.0,0.0,0.1,0.4,0.01,0.00,0.00,0.00,0.00,0.00,-1.18,0.99,78,-1,0,1,0.6,0.00,-0.001,-0.010,-0.005
5.00,climb,293.84,206.16,0.192,1,363.8,275.4,636.4,1724.6,1.52,-0.02,309,309,-1,0.0,0.0,0.1,0.4,-0.00,0.00,0.00,0.00,0.00,0.00,-1.17,0.98,78,-1,0,1,0.6,0.00,-0.005,-0.014,0.026
5.10,climb,301.12,198.88,0.184,1,363.9,275.4,636.2,1724.6,1.49,-0.02,309,309,-1,0.0,0.0,0.0,0.2,-0.02,-0.00,0.00,0.00,0.00,0.00,-1.16,0.98,78,-1,0,1,0.8,-0.00,-0.011,-0.012,0.030
5.20,climb,306.83,193.17,0.190,1,364.1,275.4,636.1,1724.6,1.47,-0.02,309,310,-1,0.0,0.0,-0.0,0.0,-0.02,-0.01,0.00,0.00,0.00,0.00,-1.14,0.97,78,-1,0,1,0.7,-0.00,-0.011,-0.012,0.030
5.30,climb,311.04,188.96,0.209,1,364.1,275.4,635.9,1724.6,1.47,-0.02,309,310,-1,0.0,0.0,-0.1,-0.1,-0.02,-0.01,0.00,0.00,0.00,0.00,-1.12,0.95,78,-1,0,1,0.7,-0.00,-0.011,-0.012,0.030
5.40,climb,316.57,183.43,0.216,1,364.2,275.4,635.8,1724.6,1.45,-0.02,310,310,-1,0.0,0.0,-0.1,-0.3,-0.02,-0.00,0.00,0.00,0.00,0.00,-1.10,0.94,78,-1,0,0,0.6,-0.00,-0.005,-0.010,0.021
5.50,climb,323.36,176.64,0.207,1,364.5,275.4,635.6,1724.6,1.42,-0.02,310,310,-1,0.0,0.0,-0.0,-0.3,-0.01,0.01,0.00,0.00,0.00,0.00,-1.09,0.93,78,-1,0,0,0.5,-0.00,0.017,-0.012,0.001
5.60,dash,328.71,171.29,0.252,1,364.6,275.4,635.5,1724.6,1.41,-0.02,310,310,-1,2.0,-2.0,0.1,-0.3,0.02,-0.00,0.00,0.00,0.00,0.00,-1.08,0.92,78,-1,0,0,0.7,-0.01,0.000,0.000,0.000
5.70,dash,332.68,167.32,0.255,1,364.6,275.4,635.4,1724.6,1.41,-0.02,310,310,-1,4.0,-4.0,0.1,-0.3,0.05,-0.03,0.00,0.00,0.00,0.00,-1.07,0.92,78,-1,0,0,0.0,0.01,0.000,0.000,0.000
5.80,dash,337.90,162.10,0.249,1,364.9,275.4,635.2,1724.6,1.38,-0.02,310,310,-1,6.0,-6.0,0.1,-0.2,0.07,-0.05,0.00,0.00,0.00,0.00,-1.05,0.90,78,-1,0,0,0.8,-0.01,0.007,-0.011,-0.006
5.90,dash,343.05,156.95,0.238,1,365.1,275.4,635.1,1724.6,1.36,-0.02,310,310,-1,8.0,-8.0,0.2,-0.2,0.08,-0.07,0.00,0.00,0.00,0.00,-1.05,0.90,78,-1,0,0,0.6,-0.01,0.025,-0.011,0.017
6.00,dash,349.40,150.60,0.215,1,365.2,275.4,634.9,1724.6,1.36,-0.04,310,310,-1,10.0,-10.0,0.4,-0.3,0.08,-0.06,0.00,0.00,0.00,0.00,-1.03,0.89,78,-1,0,0,0.6,-0.01,0.060,-0.012,0.056
6.10,dash,353.16,146.84,0.214,1,365.2,275.4,634.8,1724.6,1.36,-0.04,310,310,-1,12.0,-12.0,0.8,-0.7,0.06,-0.05,0.00,0.00,0.00,0.00,-1.02,0.91,78,-1,0,0,0.6,-0.01,0.060,-0.012,0.056
6.20,dash,359.33,140.67,0.192,1,365.5,275.4,634.7,1724.6,1.34,-0.07,310,310,-1,14.0,-14.0,1.4,-1.3,0.04,-0.03,0.00,0.00,0.00,0.00,-1.01,0.92,78,-1,0,0,0.5,-0.01,0.127,-0.011,0.127
6.30,dash,362.97,137.03,0.192,1,365.5,275.4,634.5,1724.6,1.34,-0.07,310,310,-1,16.0,-15.2,2.1,-2.1,0.02,-0.02,0.00,0.00,0.00,0.00,-0.98,0.91,78,-1,0,0,0.3,-0.00,0.127,-0.011,0.127
6.40,dash,367.76,132.24,0.186,1,365.6,275.4,634.4,1724.6,1.34,-0.07,310,311,-1,18.0,-15.2,3.0,-3.0,-0.01,-0.01,0.00,0.00,0.00,0.00,-0.98,0.91,78,-1,0,0,-0.1,0.00,0.151,-0.009,0.152
6.50,dash,372.45,127.55,0.185,1,365.9,275.4,634.3,1724.6,1.32,-0.01,310,311,-1,20.0,-15.2,4.1,-4.0,-0.04,-0.01,0.00,0.00,0.00,0.00,-0.98,0.88,78,-1,0,0,-0.6,0.01,0.183,-0.002,0.188
6.60,dash,377.05,122.95,0.185,1,366.0,275.4,634.1,1724.6,1.32,0.05,310,311,-1,22.0,-15.1,5.1,-5.1,-0.06,-0.01,0.00,0.00,0.00,0.00,-1.00,0.86,78,-1,0,-0,1.3,-0.03,0.190,0.001,0.185
6.70,dash,381.56,118.44,0.186,1,366.0,275.4,634.0,1724.6,1.32,0.05,310,311,-1,24.0,-15.1,6.2,-6.1,-0.06,-0.01,0.00,0.00,0.00,0.00,-1.04,0.81,78,-1,0,-0,1.5,-0.03,0.190,0.001,0.185
6.80,dash,387.08,112.92,0.173,1,366.2,275.4,633.9,1724.6,1.30,0.29,310,310,-1,25.9,-15.1,7.4,-7.0,-0.05,-0.02,0.00,0.00,0.00,0.00,-1.09,0.72,78,-1,0,0,-2.1,0.04,0.198,0.005,0.128
6.90,dash,390.33,109.67,0.178,1,366.2,275.4,633.8,1724.6,1.30,0.29,310,310,-1,25.8,-15.3,8.5,-7.7,-0.02,-0.01,0.05,0.00,0.00,0.00,-1.18,0.62,78,-1,0,0,-2.5,0.05,0.198,0.005,0.128
7.00,dash,394.59,105.41,0.176,1,366.4,275.4,633.6,1724.6,1.27,0.42,310,310,-1,25.8,-15.4,9.7,-8.3,-0.01,-0.01,0.09,0.00,0.00,0.00,-1.24,0.50,78,-1,0,1,-2.8,0.07,0.196,0.006,0.102
7.10,dash,398.76,101.24,0.178,1,366.6,275.6,633.5,1724.5,1.27,0.68,310,310,-1,25.7,-15.5,10.8,-8.9,-0.00,-0.00,0.13,0.00,0.00,0.00,-1.33,0.40,78,-1,0,1,-3.0,0.08,0.195,0.003,0.088
7.20,dash,402.83,97.17,0.250,1,366.6,275.6,633.4,1724.4,1.27,0.68,310,310,-1,25.6,-15.6,11.9,-9.4,-0.00,0.00,0.17,0.00,0.00,0.00,-1.42,0.29,78,-1,0,1,-3.1,0.08,0.195,0.003,0.088
7.30,dash,406.82,93.18,0.250,1,366.8,275.6,633.2,1724.4,1.29,0.83,309,310,-1,25.5,-15.7,13.0,-9.9,0.00,0.01,0.21,0.00,0.00,0.00,-1.52,0.17,78,-1,0,1,-3.2,0.09,0.193,0.002,0.083
7.40,dash,410.73,89.27,0.250,1,367.0,275.9,633.1,1724.3,1.35,1.26,309,310,-1,25.5,-15.9,14.1,-10.4,0.00,0.02,0.24,0.00,0.00,0.00,-1.65,0.04,78,-1,0,2,-3.3,0.10,0.185,-0.003,0.076
7.50,dash,414.59,85.41,0.250,1,367.0,275.9,633.0,1724.1,1.35,1.26,309,310,-1,25.4,-16.0,15.2,-10.9,0.00,0.02,0.28,0.00,0.00,0.00,-1.85,-0.13,78,-1,0,2,-3.3,0.11,0.185,-0.003,0.076
7.60,dash,418.38,81.62,0.250,1,367.2,276.0,632.8,1724.0,1.41,1.53,309,309,-1,25.3,-16.1,16.3,-11.4,0.00,0.03,0.32,0.00,0.00,0.00,-2.05,-0.31,78,-1,0,2,-3.0,0.11,0.179,-0.009,0.074
7.70,dash,423.03,76.97,0.250,1,367.5,276.4,632.7,1723.8,1.55,2.08,308,309,-1,25.2,-16.2,17.3,-11.8,0.01,0.03,0.35,0.00,0.00,0.00,-2.27,-0.49,78,-1,0,3,-2.3,0.10,0.162,-0.039,0.071
7.80,dash,425.77,74.23,0.250,1,367.6,276.6,632.5,1723.6,1.64,2.37,308,309,-1,25.2,-16.3,18.3,-12.2,0.01,0.03,0.38,0.00,0.00,0.00,-2.50,-0.68,78,-1,0,3,-1.4,0.08,0.153,-0.056,0.074
7.90,dash,429.38,70.62,0.250,1,367.6,276.6,632.4,1723.4,1.64,2.37,308,309,-1,25.2,-16.3,19.2,-12.6,0.01,0.04,0.42,0.00,0.00,0.00,-2.75,-0.88,78,-1,0,3,-0.5,0.07,0.153,-0.056,0.074
8.00,dash,432.92,67.08,0.250,1,367.8,276.9,632.2,1723.1,1.72,2.68,307,310,-1,25.2,-16.3,20.1,-13.0,0.00,0.04,0.45,0.00,0.00,0.00,-3.00,-1.08,78,-1,0,3,0.5,0.04,0.139,-0.073,0.083
8.10,dash,436.42,63.58,0.250,1,368.0,277.2,632.0,1722.8,1.83,3.01,307,310,-1,25.3,-16.2,20.9,-13.4,-0.01,0.03,0.47,0.00,0.00,0.00,-3.28,-1.29,78,-1,0,3,1.8,0.01,0.115,-0.090,0.101
8.20,dash,440.71,59.29,0.250,1,368.4,277.8,631.8,1722.5,2.01,3.69,307,310,-1,25.3,-16.1,21.6,-13.9,-0.02,0.03,0.50,0.00,0.00,0.00,-3.56,-1.53,78,-1,0,2,2.8,-0.01,0.088,-0.114,0.114
8.30,dash,443.23,56.77,0.250,1,368.4,277.8,631.6,1722.2,2.01,3.69,307,310,-1,25.4,-15.9,22.3,-14.4,-0.02,0.03,0.53,0.00,0.00,0.00,-3.82,-1.76,78,-1,0,2,3.4,-0.03,0.088,-0.114,0.114
8.40,dash,447.37,52.63,0.250,1,368.8,278.7,631.4,1721.8,2.19,4.38,307,313,-1,25.5,-15.8,23.0,-14.8,-0.02,0.03,0.55,0.00,0.00,0.00,-4.09,-1.96,78,-1,0,2,3.7,-0.04,0.073,-0.122,0.111
8.50,dash,450.61,49.39,0.250,1,369.0,279.1,631.2,1721.3,2.25,4.77,307,313,-1,25.6,-15.6,23.6,-15.2,-0.02,0.03,0.57,0.00,0.00,0.00,-4.38,-2.19,78,-1,0,1,4.0,-0.06,0.053,-0.119,0.096
8.60,dash,453.01,46.99,0.250,1,369.0,279.1,631.0,1720.9,2.25,4.77,307,313,-1,25.8,-15.4,24.1,-15.5,-0.01,0.01,0.59,0.00,0.00,0.00,-4.67,-2.46,78,-1,0,1,4.3,-0.07,0.053,-0.119,0.096
8.70,dash,456.95,43.05,0.250,1,369.5,280.2,630.8,1720.4,2.40,5.56,307,313,-1,25.9,-15.2,24.4,-15.7,-0.01,-0.01,0.60,0.00,0.00,0.00,-4.97,-2.72,78,-1,0,0,4.4,-0.08,0.016,-0.097,0.066
8.80,dash,460.80,39.20,0.250,1,369.7,280.8,630.5,1719.8,2.45,5.93,307,315,-1,26.0,-15.0,24.7,-15.8,-0.00,-0.02,0.61,0.00,0.00,0.00,-5.28,-2.96,78,-1,0,-0,4.2,-0.08,0.010,-0.084,0.060
8.90,dash,462.31,37.69,0.250,1,369.7,280.8,630.3,1719.2,2.45,5.93,308,315,-1,26.1,-14.8,24.9,-16.0,-0.01,-0.03,0.62,0.00,0.00,0.00,-5.57,-3.18,78,-1,0,-0,3.7,-0.08,0.010,-0.084,0.060
9.00,dash,465.29,34.71,0.250,1,370.0,281.4,630.0,1718.6,2.49,6.28,308,315,-1,26.2,-14.7,25.0,-16.1,-0.01,-0.03,0.63,0.00,0.00,0.00,-5.84,-3.40,78,-1,0,-1,3.0,-0.07,0.008,-0.069,0.053
9.10,dash,469.65,30.35,0.250,1,370.5,282.7,629.8,1718.0,2.56,7.01,308,315,-1,26.2,-14.6,25.2,-16.2,-0.01,-0.03,0.63,0.00,0.00,0.00,-6.12,-3.65,78,-1,0,-1,2.3,-0.06,0.014,-0.039,0.040
9.20,dash,471.78,28.22,0.250,1,370.7,283.5,629.5,1717.3,2.59,7.36,309,317,-1,26.3,-14.5,25.4,-16.4,-0.02,-0.03,0.64,0.00,0.00,0.00,-6.39,-3.85,78,-1,0,-1,1.4,-0.05,0.020,-0.025,0.034
9.30,dash,473.88,26.12,0.250,1,370.7,283.5,629.3,1716.5,2.59,7.36,309,317,-1,26.3,-14.5,25.5,-16.5,-0.02,-0.02,0.64,0.00,0.00,0.00,-6.67,-4.05,78,-1,0,-1,0.5,-0.03,0.020,-0.025,0.034
9.40,dash,477.30,22.70,0.250,1,371.3,285.0,629.0,1715.8,2.64,8.06,310,317,-1,26.3,-14.5,25.7,-16.7,-0.02,-0.02,0.65,0.00,0.00,0.00,-6.93,-4.27,78,-1,0,-1,-0.4,-0.01,0.033,0.005,0.021
9.50,dash,479.97,20.03,0.250,1,371.5,285.9,628.7,1715.0,2.66,8.42,310,317,-1,28.3,-15.8,25.9,-16.8,-0.01,-0.04,0.66,0.00,0.00,0.00,-7.19,-4.50,78,-1,0,-1,-1.3,0.01,0.039,0.016,0.018
9.60,dash,483.23,16.77,0.250,1,371.8,286.7,628.5,1714.1,2.69,8.78,310,317,-1,30.3,-17.8,26.1,-17.0,0.01,-0.06,0.67,0.00,0.00,0.00,-7.45,-4.73,78,-1,0,-1,-2.0,0.03,0.049,0.023,0.010
9.70,dash,485.14,14.86,0.250,1,372.1,287.6,628.2,1713.3,2.72,9.17,310,317,-1,32.3,-19.8,26.4,-17.2,0.03,-0.07,0.68,0.00,0.00,0.00,-7.72,-4.96,78,-1,0,-0,-2.6,0.05,0.078,0.028,0.000
9.80,dash,487.03,12.97,0.250,1,372.1,287.6,627.9,1712.4,2.72,9.17,310,317,-1,34.3,-21.3,26.9,-17.3,0.05,-0.07,0.69,0.00,0.00,0.00,-8.01,-5.23,78,-1,0,0,-3.6,0.07,0.078,0.028,0.000
9.90,dash,490.10,9.90,0.250,1,372.6,289.6,627.7,1711.4,2.81,9.98,310,317,-1,36.3,-21.3,27.6,-17.5,0.04,-0.06,0.71,0.00,0.00,0.00,-8.32,-5.52,78,-1,0,-0,2.0,-0.04,0.153,0.028,0.008
10.00,dash,492.50,7.50,0.250,1,372.9,290.6,627.4,1710.4,2.87,10.35,310,316,-1,38.3,-22.9,28.5,-17.8,0.04,-0.05,0.74,0.00,0.00,0.00,-8.57,-5.83,78,-1,0,0,-6.0,0.13,0.181,0.026,0.026
10.10,dash,494.27,5.73,0.250,1,372.9,290.6,627.1,1709.4,2.87,10.35,310,316,-1,40.3,-24.3,29.5,-18.2,0.04,-0.04,0.77,0.00,0.00,0.00,-8.81,-6.13,78,-1,0,1,-7.0,0.16,0.181,0.026,0.026
10.20,dash,496.57,3.43,0.250,1,373.2,291.7,626.8,1708.3,2.93,10.73,309,316,-1,42.3,-26.1,30.8,-18.8,0.03,-0.03,0.81,0.00,0.00,0.00,-9.06,-6.45,78,-1,0,2,-8.2,0.20,0.209,0.026,0.045
10.30,dash,498.81,1.19,0.250,1,373.5,292.8,626.5,1707.2,3.02,11.13,309,316,-1,44.3,-28.0,32.2,-19.5,0.03,-0.02,0.86,0.00,0.00,0.00,-9.32,-6.79,78,-1,0,3,-9.0,0.24,0.233,0.020,0.065
10.40,dash,501.53,-1.53,0.250,1,374.1,295.1,626.2,1706.1,3.22,11.96,308,313,-1,46.3,-30.0,33.7,-20.3,0.03,-0.01,0.91,0.00,0.00,0.00,-9.53,-7.22,78,-1,0,4,-9.6,0.27,0.277,-0.020,0.107
10.50,dash,503.11,-3.11,0.250,1,374.1,295.1,625.9,1704.9,3.22,11.96,307,313,-1,47.5,-32.0,35.5,-21.2,0.04,0.02,0.97,0.00,0.00,0.00,-9.74,-7.66,78,-1,0,5,-9.6,0.28,0.277,-0.020,0.107
10.60,dash,505.68,-5.68,0.250,1,374.8,297.6,625.5,1703.7,3.44,12.83,306,313,-1,49.2,-34.0,37.4,-22.2,0.05,0.03,1.00,0.00,0.00,0.00,-9.93,-8.13,78,-1,0,6,-9.0,0.29,0.290,-0.095,0.137
10.70,dash,507.66,-7.66,0.250,1,375.1,298.9,625.2,1702.4,3.57,13.33,304,313,-1,50.5,-36.0,39.4,-23.0,0.07,0.05,1.00,0.00,0.00,0.00,-10.09,-8.64,78,-1,0,6,-7.9,0.28,0.275,-0.140,0.158
10.80,dash,509.11,-9.11,0.250,1,375.1,298.9,624.9,1701.1,3.57,13.33,303,313,-1,51.4,-37.6,41.3,-23.8,0.08,0.06,1.00,0.00,0.00,0.00,-10.27,-9.21,78,-1,0,7,-6.1,0.26,0.275,-0.140,0.158
10.90,dash,510.99,-10.99,0.250,1,375.5,300.3,624.5,1699.7,3.71,13.84,302,313,-1,52.0,-38.6,43.3,-24.5,0.10,0.07,1.00,0.00,0.00,0.00,-10.44,-9.82,78,-1,0,7,-4.1,0.23,0.256,-0.187,0.179
11.00,dash,513.25,-13.25,0.250,1,376.3,303.2,624.1,1698.3,3.99,14.85,300,313,-1,52.0,-38.9,45.2,-25.1,0.11,0.08,1.00,0.00,0.00,0.00,-10.55,-10.46,78,-1,0,8,-1.9,0.19,0.188,-0.274,0.244
11.10,dash,514.56,-14.56,0.250,1,376.3,303.2,623.7,1696.8,3.99,14.85,299,313,-1,52.2,-38.9,46.9,-25.6,0.11,0.08,1.00,0.00,0.00,0.00,-10.63,-11.11,78,-1,0,8,0.6,0.14,0.188,-0.274,0.244
11.20,dash,516.24,-16.24,0.250,1,376.7,304.7,623.3,1695.3,4.12,15.36,299,320,-1,52.5,-38.8,48.5,-26.0,0.12,0.07,1.00,0.00,0.00,0.00,-10.97,-11.52,78,-1,0,7,2.9,0.09,0.145,-0.312,0.286
11.30,dash,518.26,-18.26,0.250,1,377.6,307.9,622.9,1693.7,4.38,16.44,298,320,-1,53.0,-38.4,49.9,-26.3,0.12,0.06,1.00,0.00,0.00,0.00,-11.26,-11.99,78,-1,0,7,5.1,0.04,0.059,-0.377,0.384
11.40,dash,519.80,-19.80,0.250,1,378.0,309.6,622.4,1692.1,4.47,17.04,298,320,-1,53.6,-37.9,51.2,-26.5,0.12,0.05,1.00,0.00,0.00,0.00,-11.52,-12.52,78,-1,0,6,6.8,-0.01,0.023,-0.405,0.446
11.50,dash,521.27,-21.27,0.250,1,378.5,311.3,622.0,1690.4,4.55,17.66,297,320,-1,54.3,-37.3,52.4,-26.9,0.11,0.04,1.00,0.00,0.00,0.00,-11.72,-13.15,78,-1,0,6,8.0,-0.05,-0.012,-0.422,0.511
11.60,dash,522.33,-22.33,0.250,1,378.5,311.3,621.5,1688.7,4.55,17.66,301,340,-1,55.1,-36.5,53.4,-27.3,0.10,0.03,1.00,0.00,0.00,0.00,-13.04,-12.74,78,-1,0,5,8.7,-0.08,-0.012,-0.422,0.511
11.70,dash,524.01,-24.01,0.250,1,379.4,315.0,621.1,1686.8,4.54,18.91,305,340,-1,55.9,-35.7,54.4,-27.8,0.08,0.03,1.00,0.00,0.00,0.00,-14.17,-12.40,78,-1,0,4,8.9,-0.10,-0.071,-0.432,0.638
11.80,dash,524.97,-24.97,0.250,1,379.4,315.0,620.6,1685.0,4.54,18.91,308,340,-1,56.6,-34.8,55.4,-28.6,0.06,0.02,1.00,0.00,0.00,0.00,-15.15,-12.19,78,-1,0,3,8.5,-0.11,-0.071,-0.432,0.638
11.90,dash,526.19,-26.19,0.250,1,379.8,317.0,620.2,1683.0,4.45,19.54,310,340,-1,57.4,-34.0,56.3,-29.5,0.03,0.02,1.00,0.00,0.00,0.00,-15.97,-12.11,78,-1,0,2,7.7,-0.11,-0.091,-0.426,0.695
12.00,dash,527.62,-27.62,0.250,1,380.7,321.0,619.8,1681.0,4.03,20.80,319,12,-1,58.1,-33.1,57.2,-30.7,0.02,0.02,1.00,0.00,0.00,0.00,-18.03,-10.08,78,-1,0,1,6.8,-0.11,-0.128,-0.403,0.760
12.10,dash,528.42,-28.42,0.250,1,381.0,323.2,619.3,1679.0,3.71,21.36,327,12,-1,58.9,-32.1,58.0,-31.9,0.00,0.01,1.00,0.00,0.00,0.00,-19.69,-7.80,78,-1,0,1,6.4,-0.12,-0.144,-0.391,0.775
12.20,dash,529.43,-29.43,0.250,1,381.0,323.2,619.0,1676.8,3.71,21.36,335,12,-1,59.7,-31.0,58.8,-33.1,-0.01,0.00,1.00,0.00,0.00,0.00,-20.95,-5.56,78,-1,0,-0,5.9,-0.12,-0.144,-0.391,0.775
12.30,dash,530.36,-30.36,0.250,1,381.7,327.6,618.6,1674.7,2.91,22.31,342,12,-1,60.9,-29.0,59.6,-34.4,-0.02,-0.00,1.00,0.00,0.00,0.00,-21.83,-3.51,78,-1,0,-2,15.5,-0.30,-0.158,-0.363,0.773
12.40,dash,531.22,-31.22,0.250,1,381.7,327.6,618.3,1672.4,2.91,22.31,351,38,-1,62.1,-27.0,60.4,-35.7,-0.04,-0.01,1.00,0.00,0.00,0.00,-22.49,-0.70,78,-1,0,-4,15.5,-0.30,-0.158,-0.363,0.773
12.50,dash,532.17,-32.17,0.250,1,382.1,332.1,618.1,1670.2,1.85,23.09,358,38,-1,63.2,-25.0,61.2,-37.0,-0.05,-0.02,1.00,0.00,0.00,0.00,-22.78,1.74,78,-1,0,-6,15.5,-0.30,-0.159,-0.310,0.746
12.60,dash,532.86,-32.86,0.250,1,382.3,334.5,617.9,1667.9,1.19,23.44,5,38,-1,64.3,-23.0,62.0,-38.5,-0.07,-0.02,1.00,0.00,0.00,0.00,-22.87,3.68,78,-1,0,-8,15.4,-0.30,-0.145,-0.268,0.717
12.70,dash,533.32,-33.32,0.250,1,382.3,334.5,617.7,1665.5,1.19,23.44,10,38,-1,65.2,-21.0,62.8,-40.1,-0.09,-0.02,1.00,0.00,0.00,0.00,-22.92,5.09,78,-1,0,-10,15.2,-0.30,-0.145,-0.268,0.717
12.80,dash,534.00,-34.00,0.250,1,382.3,339.2,617.7,1663.2,-0.32,24.02,15,51,-1,66.0,-19.0,63.6,-41.9,-0.10,-0.03,1.00,0.00,0.00,0.00,-22.88,6.41,78,-1,0,-12,14.6,-0.30,-0.131,-0.165,0.636
12.90,dash,534.46,-34.46,0.250,1,382.2,341.6,617.7,1660.8,-1.13,24.21,18,51,-1,66.7,-17.0,64.3,-43.7,-0.12,-0.04,1.00,0.00,0.00,0.00,-22.90,7.24,78,-1,0,-14,13.0,-0.30,-0.122,-0.110,0.579
13.00,dash,534.76,-34.76,0.250,1,382.2,341.6,617.8,1658.4,-1.13,24.21,21,51,-1,67.2,-15.0,65.0,-45.6,-0.13,-0.05,1.00,0.00,0.00,0.00,-22.99,7.69,78,-1,0,-16,11.3,-0.30,-0.122,-0.110,0.579
13.10,dash,535.09,-35.09,0.250,1,382.1,344.1,617.9,1655.9,-1.92,24.33,23,51,-1,67.6,-13.0,65.6,-47.6,-0.15,-0.05,1.00,0.00,0.00,0.00,-23.11,7.85,78,-1,0,-17,9.5,-0.30,-0.107,-0.058,0.511
13.20,dash,535.40,-35.40,0.250,1,381.5,348.9,618.2,1653.5,-3.55,24.43,25,54,-1,67.9,-11.0,66.1,-49.5,-0.16,-0.06,1.00,0.00,0.00,0.00,-23.28,7.82,78,-1,0,-18,7.5,-0.30,-0.076,0.054,0.367
13.30,dash,535.53,-35.53,0.250,1,381.1,351.4,618.5,1651.1,-4.42,24.41,26,54,-1,68.1,-9.0,66.5,-51.4,-0.17,-0.08,1.00,0.00,0.00,0.00,-23.50,7.57,78,-1,0,-20,5.1,-0.30,-0.056,0.113,0.281
13.40,dash,535.63,-35.63,0.250,1,381.1,351.4,618.9,1648.6,-4.42,24.41,27,54,-1,68.2,-7.0,66.7,-53.2,-0.19,-0.09,1.00,0.00,0.00,0.00,-23.78,7.07,78,-1,0,-20,2.6,-0.30,-0.056,0.113,0.281
13.50,dash,535.67,-35.67,0.250,1,380.6,353.8,619.4,1646.2,-5.32,24.37,27,54,-1,68.3,-5.0,66.8,-54.8,-0.20,-0.11,1.00,0.00,0.00,0.00,-24.11,6.40,78,-1,0,-21,-0.0,-0.30,-0.026,0.179,0.182
13.60,dash,535.61,-35.61,0.250,1,379.3,358.7,620.0,1643.7,-7.09,24.22,27,51,-1,68.4,-3.0,66.8,-56.4,-0.21,-0.13,1.00,0.00,0.00,0.00,-24.47,5.57,78,-1,0,-21,-2.2,-0.30,0.052,0.301,-0.030
13.70,dash,535.48,-35.48,0.250,1,378.5,361.1,620.7,1641.3,-7.92,24.14,27,51,-1,68.4,-1.0,66.5,-57.6,-0.21,-0.16,1.00,0.00,0.00,0.00,-24.80,4.68,78,-1,0,-21,-4.1,-0.30,0.102,0.359,-0.151
13.80,dash,535.34,-35.34,0.250,1,378.5,361.1,621.5,1638.9,-7.92,24.14,27,51,-1,68.5,0.4,66.0,-58.6,-0.21,-0.19,1.00,0.00,0.00,0.00,-25.12,3.78,78,-1,0,-21,-5.5,-0.30,0.102,0.359,-0.151
13.90,dash,535.09,-35.09,0.250,1,377.6,363.5,622.4,1636.5,-8.73,24.05,26,51,-1,68.5,0.8,65.1,-59.2,-0.21,-0.23,1.00,0.00,0.00,0.00,-25.43,2.87,78,-1,0,-21,-6.5,-0.30,0.155,0.416,-0.279
14.00,dash,534.77,-34.77,0.250,1,376.7,365.9,623.3,1634.1,-9.55,23.98,26,42,-1,68.6,1.2,64.0,-59.5,-0.19,-0.27,1.00,0.00,0.00,0.00,-25.75,1.79,78,-1,0,-21,-6.5,-0.30,0.224,0.469,-0.412
14.10,dash,534.38,-34.38,0.250,1,375.7,368.3,624.3,1631.7,-10.34,23.94,25,42,-1,68.7,1.7,62.6,-59.3,-0.18,-0.31,1.00,0.00,0.00,0.00,-26.06,0.78,78,-1,0,-21,-5.2,-0.30,0.314,0.520,-0.552
14.20,dash,533.92,-33.92,0.250,1,374.6,370.7,625.4,1629.3,-11.10,23.94,25,42,-1,68.8,2.5,61.1,-58.9,-0.16,-0.34,1.00,0.00,0.00,0.00,-26.39,-0.14,78,-1,0,-22,-2.8,-0.30,0.423,0.563,-0.698
14.30,dash,533.38,-33.38,0.250,1,372.2,375.5,626.6,1626.9,-12.54,24.14,24,42,-1,68.8,3.7,59.6,-58.3,-0.16,-0.36,1.00,0.00,0.00,0.00,-26.76,-1.00,78,-1,0,-22,0.9,-0.30,0.703,0.620,-0.957
14.40,dash,532.77,-32.77,0.250,1,370.9,377.9,627.8,1624.5,-13.14,24.33,23,23,-1,68.9,5.4,58.4,-57.4,-0.15,-0.35,1.00,0.00,0.00,0.00,-27.11,-2.18,78,-1,0,-23,5.0,-0.30,0.860,0.618,-1.089
14.50,dash,532.09,-32.09,0.250,1,370.9,377.9,629.1,1622.1,-13.14,24.33,22,23,-1,68.8,7.4,57.5,-56.4,-0.14,-0.33,1.00,0.00,0.00,0.00,-27.47,-3.18,78,-1,0,-24,8.7,-0.30,0.860,0.618,-1.089
14.60,dash,531.31,-31.31,0.250,1,369.5,380.4,630.5,1619.6,-13.66,24.61,21,23,-1,68.7,9.4,57.4,-55.3,-0.14,-0.27,1.00,0.00,0.00,0.00,-27.86,-3.97,78,-1,0,-26,11.2,-0.30,1.023,0.593,-1.227
14.70,dash,530.45,-30.45,0.250,1,368.1,382.9,631.9,1617.1,-14.06,24.97,20,23,-1,68.5,11.4,58.1,-54.1,-0.14,-0.19,1.00,0.00,0.00,0.00,-28.30,-4.51,78,-1,0,-28,11.9,-0.30,1.188,0.541,-1.369
14.80,dash,529.49,-29.49,0.301,1,366.7,385.4,633.3,1614.6,-14.33,25.41,10,323,-1,68.2,13.4,59.8,-53.0,-0.16,-0.06,1.00,0.00,0.00,0.00,-27.55,-9.58,78,-1,0,-29,10.3,-0.30,1.349,0.464,-1.510
14.90,dash,528.14,-28.14,0.366,1,363.8,390.6,634.7,1612.0,-14.29,26.54,358,323,-1,68.1,15.4,62.7,-52.3,-0.19,0.10,1.00,0.00,0.00,0.00,-25.28,-15.53,78,-1,0,-30,6.1,-0.30,1.588,0.230,-1.772
15.00,dash,526.94,-26.94,0.426,1,362.4,393.3,636.2,1609.4,-13.84,27.33,342,323,-1,68.2,15.7,66.4,-52.2,-0.21,0.27,1.00,0.00,0.00,0.00,-20.71,-21.91,78,-1,0,-30,-1.6,-0.30,1.620,0.082,-1.912
15.10,dash,525.33,-25.33,0.495,1,361.1,396.1,637.6,1606.7,-12.93,28.23,323,323,-1,68.6,14.2,70.7,-52.7,-0.22,0.42,1.00,0.00,0.00,0.00,-13.38,-27.56,78,-1,0,-28,-12.8,-0.30,1.580,-0.058,-2.059
15.20,dash,524.32,-24.32,0.548,1,359.9,399.0,638.9,1603.9,-11.44,29.10,300,258,-1,69.2,12.2,75.1,-54.0,-0.21,0.53,1.00,0.00,0.00,0.00,-2.99,-30.91,78,-1,0,-25,-26.0,0.01,1.418,-0.173,-2.198
15.30,dash,523.27,-23.27,0.609,1,359.9,399.0,640.1,1601.0,-11.44,29.10,275,258,-1,69.8,10.2,79.1,-55.6,-0.17,0.54,1.00,0.00,0.00,0.00,8.66,-30.05,78,-1,0,-21,-40.5,0.30,1.418,-0.173,-2.198
15.40,dash,521.83,-21.83,0.694,1,358.9,402.0,641.1,1598.0,-9.43,29.70,256,258,-1,69.9,8.2,81.8,-55.4,-0.12,0.44,1.00,0.00,0.00,0.00,16.32,-26.54,78,-1,0,-14,-55.8,0.30,1.124,-0.262,-2.333
15.50,dash,519.97,-19.97,0.804,1,357.7,407.9,641.8,1595.0,-4.39,29.29,246,258,-1,68.5,6.2,82.9,-47.5,-0.05,0.26,1.00,0.00,0.00,0.00,18.70,-24.24,78,-1,0,-7,-71.6,0.30,0.262,-0.438,-2.612
15.60,dash,518.01,-18.01,0.929,1,357.4,410.7,642.3,1592.1,-1.49,27.98,246,262,-1,66.5,4.2,82.4,-22.5,0.02,0.04,1.00,0.00,0.00,0.00,15.95,-24.95,78,-1,0,3,-87.7,0.30,-0.188,-0.507,-2.742
15.70,dash,517.20,-17.20,1.000,1,357.4,410.7,642.6,1589.3,-1.49,27.98,254,262,-1,64.5,2.2,80.6,12.9,0.08,-0.14,1.00,0.00,0.00,0.00,8.99,-26.54,78,-1,1,13,-101.7,0.30,-0.188,-0.507,-2.742
15.80,dash,515.52,-15.52,1.000,1,357.5,413.4,642.5,1586.6,1.35,25.63,265,262,-1,62.5,0.2,78.3,35.8,0.14,-0.20,1.00,0.00,0.00,0.00,0.86,-25.65,78,-1,1,1,124.4,-0.30,-0.570,-0.554,-2.847
15.90,dash,513.76,-13.76,1.000,1,357.8,415.7,642.2,1584.3,3.61,22.26,276,262,-1,64.5,-1.8,76.8,50.2,0.23,-0.13,1.00,0.00,0.00,0.00,-5.97,-21.74,78,-1,1,-15,165.2,-0.30,-0.802,-0.588,-2.901
16.00,dash,511.42,-11.42,1.000,1,358.7,419.2,641.7,1582.4,4.37,14.80,260,176,-1,62.5,-3.8,77.3,61.6,0.36,0.18,1.00,0.00,0.00,0.00,-1.27,-19.01,78,-1,1,2,-159.9,0.30,-0.752,-0.476,-2.730
16.10,dash,509.94,-9.94,1.000,1,358.7,419.2,641.3,1580.8,4.37,14.80,241,176,-1,60.5,-5.8,79.9,71.6,0.47,0.50,1.00,0.00,0.00,0.00,3.25,-15.09,78,-1,1,18,-154.3,0.30,-0.752,-0.476,-2.730
16.20,dash,507.38,-7.38,1.000,1,359.2,421.4,640.9,1579.6,1.20,8.96,225,176,-1,58.5,-7.8,83.4,79.3,0.50,0.63,1.00,0.00,0.00,0.00,5.96,-10.26,78,-1,1,32,-137.0,0.30,-0.864,-0.202,-2.168
