t,phase,height,err,pwr,gps,x,z,ex,ez,vxw,vzw,hdg,rawhdg,mothdg,tp,tr,p,r,vx,vy,sched,fwdRaw,latRaw,vrtRaw,fwdH,latH,energy,fuel,sat,yerr,yrate,ydem
0.00,climb,68.50,231.50,0.398,1,-6.2,-6.7,1116.2,1116.7,0.00,0.00,20,20,-1,0.0,0.0,0.0,-0.0,-0.00,0.00,0.00,0.00,0.00,0.00,0.00,0.00,-1,-1,0,0,0.0,0.00
0.10,climb,68.50,231.50,0.663,1,-6.2,-6.7,1116.2,1116.7,-0.00,-0.00,20,20,-1,0.0,0.0,0.0,-0.0,-0.00,0.00,0.00,0.00,0.00,0.00,0.00,0.00,-1,-1,0,-0,0.0,-0.00
0.20,climb,68.50,231.50,0.938,1,-6.2,-6.7,1116.2,1116.7,-0.00,-0.00,20,20,-1,0.0,0.0,0.0,0.0,0.00,-0.00,0.00,0.00,0.00,0.00,0.00,-0.00,82,-1,0,-0,0.0,-0.00
0.30,climb,68.50,231.50,1.000,1,-6.2,-6.7,1116.2,1116.7,0.00,0.00,20,20,-1,0.0,0.0,-0.0,0.0,0.00,-0.00,0.00,0.00,0.00,0.00,-0.00,-0.00,82,-1,1,-0,-0.0,-0.00
0.40,climb,68.56,231.44,1.000,1,-6.2,-6.7,1116.2,1116.7,0.00,0.00,20,20,-1,0.0,0.0,-0.0,0.0,0.00,-0.01,0.00,0.00,0.00,0.00,0.00,0.00,82,-1,1,0,-0.0,0.00
0.50,climb,68.79,231.21,1.000,1,-6.2,-6.7,1116.2,1116.7,0.00,-0.00,20,20,-1,0.0,0.0,-0.1,0.0,0.00,-0.01,0.00,0.00,0.00,0.00,0.00,0.00,82,-1,1,0,0.0,0.00
0.60,climb,69.27,230.73,1.000,1,-6.2,-6.7,1116.2,1116.7,0.01,-0.01,20,20,-1,0.0,0.0,-0.1,0.0,-0.00,-0.01,0.00,0.00,0.00,0.00,0.01,0.00,82,-1,1,0,0.0,-0.00
0.70,climb,70.08,229.92,1.000,1,-6.2,-6.7,1116.2,1116.7,0.01,-0.01,20,20,-1,0.0,0.0,-0.2,-0.1,-0.01,-0.01,0.00,0.00,0.00,0.00,0.02,0.00,82,-1,1,0,0.0,-0.00
0.80,climb,71.26,228.74,1.000,1,-6.2,-6.7,1116.2,1116.7,0.01,-0.03,20,20,-1,0.0,0.0,-0.2,-0.1,0.00,-0.01,0.00,0.00,0.00,0.00,0.03,-0.00,82,-1,1,-0,0.0,-0.00
0.90,climb,73.68,226.32,1.000,1,-6.2,-6.7,1116.2,1116.7,0.02,-0.06,20,20,-1,0.0,0.0,-0.2,0.1,0.03,-0.01,0.00,0.00,0.00,0.00,0.05,-0.01,82,-1,1,-0,-0.0,0.00
1.00,climb,74.67,225.33,1.000,1,-6.2,-6.7,1116.2,1116.7,0.02,-0.06,20,20,-1,0.0,0.0,-0.2,0.4,0.05,0.01,0.00,0.00,0.00,0.00,0.06,-0.00,82,-1,1,-0,-0.0,0.00
1.10,climb,77.51,222.49,1.000,1,-6.2,-6.7,1116.2,1116.7,0.12,-0.05,20,20,-1,0.0,0.0,-0.1,0.7,0.05,0.01,0.00,0.00,0.00,0.00,0.08,0.03,82,-1,1,-0,-0.0,0.00
1.20,climb,80.17,219.83,1.000,1,-6.2,-6.7,1116.2,1116.7,0.25,-0.00,20,20,-1,0.0,0.0,-0.1,0.8,0.03,-0.01,0.00,0.00,0.00,0.00,0.08,0.09,82,-1,1,0,-0.0,0.00
1.30,climb,82.38,217.62,1.000,1,-6.2,-6.7,1116.2,1116.7,0.25,-0.00,20,20,-1,0.0,0.0,-0.4,0.6,-0.02,-0.04,0.00,0.00,0.00,0.00,0.09,0.23,82,-1,1,0,-0.0,0.00
1.40,climb,85.63,214.37,1.000,1,-6.1,-6.7,1116.1,1116.7,0.40,0.03,20,20,-1,0.0,0.0,-0.7,0.2,-0.07,-0.06,0.00,0.00,0.00,0.00,0.11,0.39,82,-1,1,0,0.0,-0.00
1.50,climb,91.12,208.88,1.000,1,-6.0,-6.7,1116.1,1116.7,0.55,-0.15,20,20,-1,0.0,0.0,-1.0,-0.4,-0.09,-0.05,0.00,0.00,0.00,0.00,0.18,0.47,82,-1,1,0,0.1,-0.00
1.60,climb,95.17,204.83,1.000,1,-6.0,-6.8,1116.0,1116.7,0.51,-0.37,20,20,-1,0.0,0.0,-1.0,-0.7,-0.06,-0.00,0.00,0.00,0.00,0.00,0.33,0.46,82,-1,1,0,0.0,-0.00
1.70,climb,97.31,202.69,1.000,1,-6.0,-6.8,1116.0,1116.8,0.51,-0.37,20,20,-1,0.0,0.0,-0.5,-0.5,0.02,0.06,0.00,0.00,0.00,0.00,0.52,0.35,82,-1,1,0,0.0,0.00
1.80,climb,101.82,198.18,0.942,1,-5.9,-6.8,1115.9,1116.8,0.42,-0.58,20,20,-1,0.0,0.0,0.2,0.2,0.11,0.11,0.00,0.00,0.00,0.00,0.69,0.19,82,-1,1,0,-0.0,0.00
1.90,climb,106.65,193.35,0.764,1,-5.9,-6.9,1115.9,1116.9,0.32,-0.55,20,20,-1,0.0,0.0,0.9,1.2,0.16,0.12,0.00,0.00,0.00,0.00,0.74,0.07,82,-1,0,0,0.1,0.00
2.00,climb,111.77,188.23,0.584,1,-5.9,-6.9,1115.9,1116.9,0.32,-0.55,20,20,-1,0.0,0.0,1.1,2.0,0.15,0.04,0.00,0.00,0.00,0.00,0.62,0.11,82,-1,0,0,0.1,-0.00
2.10,climb,119.90,180.10,0.401,1,-5.8,-7.0,1115.8,1117.0,0.65,0.06,20,20,-1,0.0,0.0,0.4,2.3,0.06,-0.10,0.00,0.00,0.00,0.00,0.38,0.34,82,-1,0,0,0.7,-0.01
2.20,climb,122.68,177.32,0.294,1,-5.7,-7.0,1115.8,1117.0,0.83,0.20,20,20,-1,0.0,0.0,-1.0,1.8,-0.05,-0.22,0.00,0.00,0.00,0.00,0.17,0.63,82,-1,0,0,1.1,-0.01
2.30,climb,128.26,171.74,0.209,1,-5.7,-7.0,1115.7,1117.0,0.83,0.20,20,20,-1,0.0,0.0,-2.5,0.9,-0.12,-0.26,0.00,0.00,0.00,0.00,0.10,0.85,82,-1,0,0,1.1,-0.02
2.40,climb,135.19,164.81,0.149,1,-5.5,-6.9,1115.6,1116.9,1.01,0.01,20,21,-1,0.0,0.0,-3.5,0.1,-0.12,-0.18,0.00,0.00,0.00,0.00,0.19,0.95,82,-1,0,-0,1.3,-0.02
2.50,climb,139.29,160.71,0.136,1,-5.5,-6.9,1115.5,1116.9,1.01,0.01,20,21,-1,0.0,0.0,-3.8,-0.4,-0.08,-0.08,0.00,0.00,0.00,0.00,0.35,0.95,82,-1,0,-0,1.3,-0.03
2.60,climb,144.68,155.32,0.124,1,-5.4,-7.0,1115.4,1117.0,1.03,-0.17,20,21,-1,0.0,0.0,-3.5,-0.7,-0.04,0.01,0.00,0.00,0.00,0.00,0.52,0.90,82,-1,0,-0,1.2,-0.03
2.70,climb,151.26,148.74,0.112,1,-5.2,-7.0,1115.3,1117.0,0.99,-0.43,20,21,-1,0.0,0.0,-2.9,-0.7,-0.01,0.06,0.00,0.00,0.00,0.00,0.66,0.84,82,-1,0,-0,0.9,-0.02
2.80,climb,155.12,144.88,0.128,1,-5.1,-7.1,1115.2,1117.0,0.97,-0.50,21,21,-1,0.0,0.0,-2.2,-0.5,0.03,0.08,0.00,0.00,0.00,0.00,0.75,0.78,82,-1,0,-0,0.9,-0.02
2.90,climb,160.17,139.83,0.137,1,-5.1,-7.1,1115.1,1117.1,0.97,-0.50,21,21,-1,0.0,0.0,-1.5,-0.1,0.06,0.08,0.00,0.00,0.00,0.00,0.81,0.73,82,-1,0,-0,0.9,-0.02
3.00,climb,165.10,134.90,0.147,1,-5.0,-7.1,1115.0,1117.1,0.94,-0.53,21,21,-1,0.0,0.0,-1.1,0.3,0.07,0.05,0.00,0.00,0.00,0.00,0.83,0.69,82,-1,0,-0,0.8,-0.02
3.10,climb,171.12,128.88,0.143,1,-4.8,-7.2,1114.9,1117.2,0.92,-0.53,21,21,-1,0.0,0.0,-0.9,0.7,0.07,0.02,0.00,0.00,0.00,0.00,0.83,0.67,82,-1,0,-0,0.7,-0.02
3.20,climb,175.83,124.17,0.148,1,-4.7,-7.3,1114.8,1117.2,0.93,-0.52,21,21,-1,0.0,0.0,-0.9,1.1,0.06,-0.02,0.00,0.00,0.00,0.00,0.82,0.67,82,-1,0,-0,0.8,-0.02
3.30,climb,181.56,118.44,0.141,1,-4.6,-7.3,1114.7,1117.3,0.94,-0.50,21,21,-1,0.0,0.0,-1.0,1.2,0.03,-0.03,0.00,0.00,0.00,0.00,0.81,0.68,82,-1,0,-1,0.8,-0.03
3.40,climb,183.81,116.19,0.169,1,-4.6,-7.3,1114.6,1117.3,0.94,-0.50,21,21,-1,0.0,0.0,-1.2,1.1,-0.01,-0.04,0.00,0.00,0.00,0.00,0.81,0.70,82,-1,0,-1,0.8,-0.03
3.50,climb,188.23,111.77,0.174,1,-4.4,-7.4,1114.5,1117.4,0.98,-0.49,21,21,-1,0.0,0.0,-1.3,0.8,-0.04,-0.03,0.00,0.00,0.00,0.00,0.80,0.73,82,-1,0,-1,0.6,-0.03
3.60,climb,194.69,105.31,0.154,1,-4.3,-7.5,1114.4,1117.4,0.99,-0.51,21,22,-1,0.0,0.0,-1.4,0.4,-0.05,-0.03,0.00,0.00,0.00,0.00,0.81,0.74,82,-1,0,-1,0.2,-0.03
3.70,climb,197.85,102.15,0.160,1,-4.2,-7.5,1114.3,1117.5,0.99,-0.53,21,22,-1,0.0,0.0,-1.4,0.1,-0.05,-0.02,0.00,0.00,0.00,0.00,0.83,0.74,82,-1,0,-1,-0.2,-0.02
3.80,climb,200.96,99.04,0.167,1,-4.2,-7.5,1114.2,1117.5,0.99,-0.53,21,22,-1,0.0,0.0,-1.3,-0.1,-0.03,-0.00,0.00,0.00,0.00,0.00,0.85,0.73,82,-1,0,-1,-0.2,-0.01
3.90,climb,207.04,92.96,0.145,1,-4.0,-7.6,1114.1,1117.6,0.94,-0.57,21,22,-1,0.0,0.0,-1.2,-0.2,-0.02,0.01,0.00,0.00,0.00,0.00,0.86,0.70,82,-1,0,-1,-0.9,-0.01
4.00,dash,210.00,90.00,0.600,1,-3.9,-7.7,1114.0,1117.6,0.91,-0.59,21,21,-1,2.0,2.0,-1.0,-0.3,-0.03,-0.01,0.00,0.00,0.00,0.00,0.88,0.67,82,-1,0,-1,-1.2,-0.00
4.10,dash,213.90,86.10,0.600,1,-3.8,-7.8,1113.9,1117.7,0.88,-0.62,21,21,-1,4.0,4.0,-0.9,-0.3,-0.05,-0.04,0.00,0.00,0.00,0.00,0.88,0.64,82,-1,0,-1,-1.7,0.01
4.20,dash,217.89,82.11,0.600,1,-3.8,-7.8,1113.8,1117.8,0.82,-0.69,21,21,-1,6.0,6.0,-0.8,-0.1,-0.03,-0.06,0.00,0.00,0.00,0.00,0.90,0.59,82,-1,0,-1,-2.4,0.02
4.30,dash,222.02,77.98,0.600,1,-3.7,-7.9,1113.8,1117.8,0.79,-0.76,21,21,-1,8.0,8.0,-0.8,0.5,0.01,-0.08,0.00,0.00,0.00,0.00,0.94,0.52,82,-1,0,-0,-2.4,0.04
4.40,dash,225.20,74.80,0.600,1,-3.7,-7.9,1113.7,1117.9,0.79,-0.76,21,21,-1,10.0,10.0,-0.5,1.4,0.05,-0.07,0.00,0.00,0.00,0.00,0.99,0.46,82,-1,0,-0,-2.4,0.04
4.50,dash,230.65,69.35,0.600,1,-3.5,-8.1,1113.6,1118.0,0.91,-0.85,21,21,-1,12.0,12.0,0.1,2.4,0.06,-0.04,0.00,0.00,0.00,0.00,1.06,0.46,82,-1,0,-0,-1.4,0.04
4.60,dash,234.01,65.99,0.600,1,-3.5,-8.1,1113.5,1118.1,0.91,-0.85,21,21,-1,12.7,14.0,1.1,3.6,0.07,0.02,0.00,0.00,0.00,0.00,1.12,0.54,82,-1,0,0,-1.4,0.03
4.70,dash,238.60,61.40,0.600,1,-3.4,-8.2,1113.4,1118.2,1.08,-0.80,21,21,-1,12.7,16.0,2.3,4.7,0.04,0.07,0.00,0.00,0.00,0.00,1.13,0.73,82,-1,0,0,-0.5,0.01
4.80,dash,245.72,54.28,0.600,1,-3.1,-8.3,1113.3,1118.2,1.58,-0.34,21,20,-1,12.7,18.0,3.6,5.4,-0.02,0.10,0.00,0.00,0.00,0.00,1.06,1.01,82,-1,0,0,1.4,-0.01
4.90,dash,248.16,51.84,0.600,1,-3.0,-8.3,1113.1,1118.3,1.84,0.07,21,20,-1,12.6,20.0,4.8,6.0,-0.07,0.09,0.00,0.00,0.00,0.00,0.88,1.36,82,-1,0,-0,1.8,-0.03
5.00,dash,253.13,46.87,0.600,1,-3.0,-8.3,1113.0,1118.3,1.84,0.07,21,20,-1,12.5,22.0,5.6,6.4,-0.10,0.04,0.00,0.00,0.00,0.00,0.59,1.74,82,-1,0,-0,1.8,-0.04
5.10,dash,258.23,41.77,0.600,1,-2.5,-8.1,1112.8,1118.2,2.20,1.06,21,20,-1,12.4,24.0,6.0,6.8,-0.12,-0.02,0.00,0.00,0.00,0.00,0.21,2.11,82,-1,0,-0,2.2,-0.05
5.20,dash,264.78,35.22,0.600,1,-2.3,-8.0,1112.5,1118.1,2.33,1.55,21,21,-1,12.3,26.0,6.1,7.5,-0.09,-0.06,0.00,0.00,0.00,0.00,-0.21,2.43,82,-1,0,-1,1.2,-0.06
5.30,dash,268.80,31.20,0.600,1,-2.3,-8.0,1112.3,1118.0,2.33,1.55,21,21,-1,12.3,27.4,6.0,8.7,-0.02,-0.09,0.02,0.00,0.00,0.00,-0.62,2.72,82,-1,0,-1,1.2,-0.04
5.40,dash,275.63,24.37,0.600,1,-1.8,-7.6,1112.1,1117.8,2.75,2.42,21,21,-1,12.2,27.4,6.0,10.6,0.08,-0.11,0.07,0.00,0.00,0.00,-0.98,3.03,82,-1,0,-1,-1.0,-0.02
5.50,dash,279.80,20.20,0.600,1,-1.8,-7.6,1111.8,1117.6,2.75,2.42,21,21,-1,12.3,27.4,6.2,13.0,0.20,-0.08,0.15,0.00,0.00,0.00,-1.29,3.43,82,-1,0,-1,-1.0,0.00
5.60,dash,285.44,14.56,0.600,1,-1.5,-7.3,1111.5,1117.3,3.18,2.85,20,19,-1,14.3,29.4,7.0,15.6,0.24,0.02,0.24,0.00,0.00,0.00,-1.56,3.98,82,-1,0,-0,-2.4,0.04
5.70,dash,291.17,8.83,0.600,1,-1.1,-7.0,1111.1,1117.0,3.82,3.35,20,19,-1,16.3,31.4,8.5,17.8,0.18,0.15,0.33,0.00,0.00,0.00,-1.82,4.74,82,-1,0,-0,-3.0,0.06
5.80,dash,297.00,3.00,0.600,1,-0.2,-6.1,1110.7,1116.6,5.55,4.82,20,19,-1,18.3,33.4,10.4,19.3,-0.05,0.22,0.40,0.00,0.00,0.00,-2.16,5.73,82,-1,0,0,-2.1,0.06
5.90,dash,304.42,-4.42,0.600,1,0.5,-5.6,1110.2,1116.1,6.39,5.82,20,19,-1,20.3,35.4,12.0,19.7,-0.36,0.16,0.43,0.00,0.00,0.00,-2.64,6.87,82,-1,0,0,-0.8,0.05
6.00,dash,308.97,-8.97,0.600,1,0.5,-5.6,1109.5,1115.6,6.39,5.82,20,18,-1,22.3,37.4,12.7,19.5,-0.59,-0.12,0.44,0.00,0.00,0.00,-3.34,7.98,82,-1,0,0,-0.8,0.02
6.10,dash,315.11,-15.11,0.600,1,1.9,-4.2,1108.8,1114.9,7.43,7.82,19,18,-1,24.3,39.4,12.3,20.1,-0.46,-0.47,0.45,0.00,0.00,0.00,-4.16,8.91,82,-1,0,0,0.7,-0.00
6.20,dash,321.32,-21.32,0.600,1,1.9,-4.2,1108.1,1114.2,7.43,7.82,19,18,-1,26.3,41.4,11.8,22.8,0.12,-0.63,0.52,0.00,0.00,0.00,-4.96,9.58,82,-1,0,0,0.7,-0.01
6.30,dash,329.09,-29.09,0.000,1,3.5,-2.4,1107.3,1113.3,8.34,8.98,19,18,-1,28.3,43.4,12.9,28.2,1.00,-0.28,0.70,0.00,0.00,0.00,-5.54,10.08,82,-1,1,0,-4.0,0.03
6.40,dash,335.27,-35.27,0.000,1,4.4,-1.5,1106.5,1112.4,9.43,9.52,18,12,-1,30.3,45.4,17.3,35.3,1.00,1.00,0.98,0.00,0.00,0.00,-6.03,10.67,82,-1,1,1,-7.7,0.10
6.50,dash,339.91,-39.91,0.000,1,4.4,-1.5,1105.6,1111.5,9.43,9.52,17,12,-1,31.2,47.4,24.5,41.2,1.00,1.00,1.00,0.00,0.00,0.00,-6.42,11.76,82,-1,1,2,-7.7,0.19
6.60,dash,346.16,-46.16,0.000,1,5.4,-0.5,1104.6,1110.5,10.95,10.49,16,12,-1,32.6,49.4,30.9,44.0,0.75,1.00,1.00,0.00,0.00,0.00,-7.10,13.40,82,-1,1,3,-12.4,0.30
6.70,dash,354.13,-54.13,0.000,1,8.0,2.1,1103.4,1109.3,13.78,14.07,15,12,-1,34.3,51.4,33.4,42.6,-1.00,0.90,1.00,0.00,0.00,0.00,-8.43,15.23,82,-1,1,4,-17.8,0.30
6.80,dash,359.00,-59.00,0.000,1,9.4,3.6,1102.0,1107.9,14.65,15.88,14,9,-1,36.1,53.4,31.3,36.3,-1.00,-1.00,1.00,0.00,0.00,0.00,-10.23,16.83,82,-1,1,6,-24.4,0.30
6.90,dash,367.17,-67.17,0.000,1,10.9,5.3,1100.6,1106.4,15.02,17.47,13,9,-1,38.1,55.4,25.7,27.7,-1.00,-1.00,0.93,0.00,0.00,0.00,-12.03,17.95,82,-1,1,9,-26.0,0.47
7.00,dash,372.07,-72.07,0.000,1,10.9,5.3,1099.1,1104.7,15.02,17.47,13,9,-1,40.1,56.7,19.0,20.5,-1.00,-1.00,0.60,0.00,0.00,0.00,-13.72,18.51,82,-1,1,11,-26.0,0.71
7.10,dash,378.60,-78.60,0.000,1,12.5,7.1,1097.5,1102.9,15.16,18.40,12,9,-1,42.1,55.3,13.5,16.4,-1.00,-1.00,0.38,0.00,0.00,0.00,-14.80,18.70,82,-1,1,13,-21.1,0.69
7.20,dash,388.34,-88.34,0.000,1,15.4,10.8,1096.0,1101.0,14.79,18.06,11,6,-1,44.1,54.0,10.9,16.2,-1.00,-1.00,0.32,0.00,0.00,0.00,-15.20,18.33,82,-1,1,15,-13.8,0.66
7.30,dash,394.74,-94.74,0.000,1,16.9,12.6,1094.6,1099.2,14.61,17.48,10,6,-1,45.8,53.0,11.9,20.1,-0.14,-0.84,0.44,0.00,0.00,0.00,-15.10,17.80,82,-1,1,16,-7.9,0.60
7.40,dash,397.89,-97.89,0.000,1,16.9,12.6,1093.1,1097.4,14.61,17.48,10,6,-1,46.5,52.3,17.1,28.2,1.00,0.43,0.77,0.00,0.00,0.00,-14.78,17.34,82,-1,1,17,-7.9,0.50
7.50,dash,405.52,-105.52,0.000,1,19.9,16.0,1091.6,1095.7,15.18,17.01,9,6,-1,46.7,52.1,27.4,39.5,1.00,1.00,1.00,0.00,0.00,0.00,-14.53,17.18,82,-1,1,17,0.2,0.30
7.60,dash,411.40,-111.40,0.000,1,19.9,16.0,1090.1,1094.0,15.18,17.01,7,350,-1,46.7,52.1,42.7,53.7,1.00,1.00,1.00,0.00,0.00,0.00,-15.14,17.04,82,-1,1,17,0.2,0.30
7.65,dash,412.85,-112.85,0.000,1,19.9,16.0,1090.1,1094.0,15.18,17.01,5,350,-1,46.7,52.1,52.0,62.0,1.00,1.00,1.00,0.00,0.00,0.00,-15.71,16.52,82,-1,1,17,0.2,0.30
7.70,dash,417.18,-117.18,0.000,1,23.2,19.6,1088.5,1092.3,17.87,19.01,3,350,-1,45.9,52.9,62.1,70.6,1.00,1.00,1.00,0.00,0.00,0.00,-16.75,17.43,82,-1,1,16,36.5,-0.06
